2026.10.01-20:29:40.989 info  [caliper] [cli-launch-manager] 	Set workspace path: /Users/manubjb/Desktop/QBFT-network-docker/caliper-workspace
2026.10.01-20:29:40.989 info  [caliper] [cli-launch-manager] 	Set benchmark configuration path: /Users/manubjb/Desktop/QBFT-network-docker/caliper-workspace/benchmarks/config.yaml
2026.10.01-20:29:40.989 info  [caliper] [cli-launch-manager] 	Set network configuration path: /Users/manubjb/Desktop/QBFT-network-docker/caliper-workspace/networks/besuDocker.json
2026.10.01-20:29:40.989 info  [caliper] [cli-launch-manager] 	Set SUT type: ethereum
2026.10.01-20:29:41.245 info  [caliper] [benchmark-validator] 	No observer specified, will default to `none`
2026.10.01-20:29:41.245 info  [caliper] [caliper-engine] 	Starting benchmark flow
2026.10.01-20:29:41.245 info  [caliper] [caliper-engine] 	Network configuration attribute "caliper.command.start" is not present, skipping start command
2026.10.01-20:29:41.269 info  [caliper] [caliper-engine] 	Executed "init" step in 0.01 seconds
2026.10.01-20:29:41.269 info  [caliper] [ethereum-connector] 	Creating contracts...
2026.10.01-20:29:42.187 info  [caliper] [ethereum-connector] 	Deployed contract undefined at 0x8CdaF0CD259887258Bc13a92C0a6dA92698644C0
2026.10.01-20:29:42.188 info  [caliper] [caliper-engine] 	Executed "install" step in 0.919 seconds
2026.10.01-20:29:42.189 info  [caliper] [monitor.js] 	No resource monitors specified
2026.10.01-20:29:42.190 info  [caliper] [default-observer] 	Observer interval set to 5000 milliseconds
2026.10.01-20:29:42.191 info  [caliper] [round-orchestrator] 	Preparing worker connections
2026.10.01-20:29:42.191 info  [caliper] [worker-orchestrator] 	Launching worker 1 of 1
2026.10.01-20:29:42.193 info  [caliper] [worker-orchestrator] 	Messenger not configured, entering configure phase...
2026.10.01-20:29:42.193 info  [caliper] [worker-orchestrator] 	No existing workers detected, entering worker launch phase...
2026.10.01-20:29:42.193 info  [caliper] [worker-orchestrator] 	Waiting for 1 workers to be connected...
2026.10.01-20:29:42.296 info  [caliper] [cli-launch-worker] 	Set workspace path: /Users/manubjb/Desktop/QBFT-network-docker/caliper-workspace
2026.10.01-20:29:42.296 info  [caliper] [cli-launch-worker] 	Set benchmark configuration path: /Users/manubjb/Desktop/QBFT-network-docker/caliper-workspace/benchmarks/config.yaml
2026.10.01-20:29:42.296 info  [caliper] [cli-launch-worker] 	Set network configuration path: /Users/manubjb/Desktop/QBFT-network-docker/caliper-workspace/networks/besuDocker.json
2026.10.01-20:29:42.296 info  [caliper] [cli-launch-worker] 	Set SUT type: ethereum
2026.10.01-20:29:42.424 info  [caliper] [worker-orchestrator] 	1 workers connected, progressing to worker assignment phase.
2026.10.01-20:29:42.424 info  [caliper] [worker-orchestrator] 	Workers currently unassigned, awaiting index assignment...
2026.10.01-20:29:42.424 info  [caliper] [worker-orchestrator] 	Waiting for 1 workers to be assigned...
2026.10.01-20:29:42.430 info  [caliper] [worker-orchestrator] 	1 workers assigned, progressing to worker initialization phase.
2026.10.01-20:29:42.430 info  [caliper] [worker-orchestrator] 	Waiting for 1 workers to be ready...
2026.10.01-20:29:42.430 info  [caliper] [worker-message-handler] 	Initializing Worker#0...
2026.10.01-20:29:42.436 info  [caliper] [worker-message-handler] 	Worker#0 initialized
2026.10.01-20:29:42.436 info  [caliper] [worker-orchestrator] 	1 workers ready, progressing to test preparation phase.
2026.10.01-20:29:42.436 info  [caliper] [round-orchestrator] 	Started round 1 (tps-10)
2026.10.01-20:29:42.437 info  [caliper] [worker-message-handler] 	Preparing Worker#0 for Round#0
2026.10.01-20:29:42.460 info  [caliper] [caliper-worker] 	Info: worker 0 prepare test phase for round 0 is starting...
2026.10.01-20:29:42.461 info  [caliper] [caliper-worker] 	Info: worker 0 prepare test phase for round 0 is completed
2026.10.01-20:29:42.461 info  [caliper] [worker-message-handler] 	Worker#0 prepared for Round#0
2026.10.01-20:29:42.462 info  [caliper] [worker-orchestrator] 	1 workers prepared, progressing to test phase.
2026.10.01-20:29:42.462 info  [caliper] [round-orchestrator] 	Monitors successfully started
2026.10.01-20:29:42.463 info  [caliper] [worker-message-handler] 	Worker#0 is starting Round#0
2026.10.01-20:29:42.471 info  [caliper] [caliper-worker] 	Worker #0 starting workload loop
2026.10.01-20:29:47.468 info  [caliper] [default-observer] 	[tps-10 Round 0 Transaction Info] - Submitted: 40 Succ: 34 Fail:0 Unfinished:6
2026.10.01-20:29:52.465 info  [caliper] [default-observer] 	[tps-10 Round 0 Transaction Info] - Submitted: 90 Succ: 34 Fail:0 Unfinished:56
2026.10.01-20:29:57.465 info  [caliper] [default-observer] 	[tps-10 Round 0 Transaction Info] - Submitted: 140 Succ: 130 Fail:0 Unfinished:10
2026.10.01-20:30:02.466 info  [caliper] [default-observer] 	[tps-10 Round 0 Transaction Info] - Submitted: 191 Succ: 176 Fail:0 Unfinished:15
2026.10.01-20:30:07.467 info  [caliper] [default-observer] 	[tps-10 Round 0 Transaction Info] - Submitted: 240 Succ: 236 Fail:0 Unfinished:4
2026.10.01-20:30:12.469 info  [caliper] [default-observer] 	[tps-10 Round 0 Transaction Info] - Submitted: 291 Succ: 276 Fail:0 Unfinished:15
2026.10.01-20:30:15.090 info  [caliper] [worker-message-handler] 	Worker#0 finished Round#0
2026.10.01-20:30:20.091 info  [caliper] [default-observer] 	Resetting txCount indicator count
2026.10.01-20:30:20.091 info  [caliper] [report-builder] 	### Test result ###
2026.10.01-20:30:20.093 info  [caliper] [report-builder] 	
+--------+------+------+-----------------+-----------------+-----------------+-----------------+------------------+
| Name   | Succ | Fail | Send Rate (TPS) | Max Latency (s) | Min Latency (s) | Avg Latency (s) | Throughput (TPS) |
|--------|------|------|-----------------|-----------------|-----------------|-----------------|------------------|
| tps-10 | 301  | 0    | 10.0            | 6.38            | 0.17            | 1.99            | 9.5              |
+--------+------+------+-----------------+-----------------+-----------------+-----------------+------------------+

2026.10.01-20:30:20.093 info  [caliper] [round-orchestrator] 	Finished round 1 (tps-10) in 31.618 seconds
2026.10.01-20:30:20.093 info  [caliper] [monitor.js] 	Stopping all monitors
2026.10.01-20:30:20.093 info  [caliper] [round-orchestrator] 	Waiting 5 seconds for the next round...
2026.10.01-20:30:25.095 info  [caliper] [round-orchestrator] 	Started round 2 (tps-20)
2026.10.01-20:30:25.095 info  [caliper] [worker-message-handler] 	Preparing Worker#0 for Round#1
2026.10.01-20:30:25.103 info  [caliper] [caliper-worker] 	Info: worker 0 prepare test phase for round 1 is starting...
2026.10.01-20:30:25.104 info  [caliper] [caliper-worker] 	Info: worker 0 prepare test phase for round 1 is completed
2026.10.01-20:30:25.104 info  [caliper] [worker-message-handler] 	Worker#0 prepared for Round#1
2026.10.01-20:30:25.104 info  [caliper] [worker-orchestrator] 	1 workers prepared, progressing to test phase.
2026.10.01-20:30:25.104 info  [caliper] [round-orchestrator] 	Monitors successfully started
2026.10.01-20:30:25.105 info  [caliper] [worker-message-handler] 	Worker#0 is starting Round#1
2026.10.01-20:30:25.108 info  [caliper] [caliper-worker] 	Worker #0 starting workload loop
2026.10.01-20:30:30.105 info  [caliper] [default-observer] 	[tps-20 Round 1 Transaction Info] - Submitted: 80 Succ: 50 Fail:0 Unfinished:30
2026.10.01-20:30:35.106 info  [caliper] [default-observer] 	[tps-20 Round 1 Transaction Info] - Submitted: 181 Succ: 114 Fail:0 Unfinished:67
2026.10.01-20:30:40.106 info  [caliper] [default-observer] 	[tps-20 Round 1 Transaction Info] - Submitted: 281 Succ: 210 Fail:0 Unfinished:71
2026.10.01-20:30:45.107 info  [caliper] [default-observer] 	[tps-20 Round 1 Transaction Info] - Submitted: 381 Succ: 274 Fail:0 Unfinished:107
2026.10.01-20:30:50.108 info  [caliper] [default-observer] 	[tps-20 Round 1 Transaction Info] - Submitted: 481 Succ: 370 Fail:0 Unfinished:111
2026.10.01-20:30:55.109 info  [caliper] [default-observer] 	[tps-20 Round 1 Transaction Info] - Submitted: 581 Succ: 434 Fail:0 Unfinished:147
2026.10.01-20:31:00.110 info  [caliper] [default-observer] 	[tps-20 Round 1 Transaction Info] - Submitted: 601 Succ: 530 Fail:0 Unfinished:71
2026.10.01-20:31:05.102 info  [caliper] [worker-message-handler] 	Worker#0 finished Round#1
2026.10.01-20:31:10.104 info  [caliper] [default-observer] 	Resetting txCount indicator count
2026.10.01-20:31:10.104 info  [caliper] [report-builder] 	### Test result ###
2026.10.01-20:31:10.105 info  [caliper] [report-builder] 	
+--------+------+------+-----------------+-----------------+-----------------+-----------------+------------------+
| Name   | Succ | Fail | Send Rate (TPS) | Max Latency (s) | Min Latency (s) | Avg Latency (s) | Throughput (TPS) |
|--------|------|------|-----------------|-----------------|-----------------|-----------------|------------------|
| tps-20 | 601  | 0    | 20.0            | 9.25            | 0.16            | 4.75            | 15.4             |
+--------+------+------+-----------------+-----------------+-----------------+-----------------+------------------+

2026.10.01-20:31:10.105 info  [caliper] [round-orchestrator] 	Finished round 2 (tps-20) in 38.992 seconds
2026.10.01-20:31:10.105 info  [caliper] [monitor.js] 	Stopping all monitors
2026.10.01-20:31:10.105 info  [caliper] [round-orchestrator] 	Waiting 5 seconds for the next round...
2026.10.01-20:31:15.106 info  [caliper] [round-orchestrator] 	Started round 3 (tps-40)
2026.10.01-20:31:15.107 info  [caliper] [worker-message-handler] 	Preparing Worker#0 for Round#2
2026.10.01-20:31:15.124 info  [caliper] [caliper-worker] 	Info: worker 0 prepare test phase for round 2 is starting...
2026.10.01-20:31:15.125 info  [caliper] [caliper-worker] 	Info: worker 0 prepare test phase for round 2 is completed
2026.10.01-20:31:15.126 info  [caliper] [worker-message-handler] 	Worker#0 prepared for Round#2
2026.10.01-20:31:15.126 info  [caliper] [worker-orchestrator] 	1 workers prepared, progressing to test phase.
2026.10.01-20:31:15.126 info  [caliper] [round-orchestrator] 	Monitors successfully started
2026.10.01-20:31:15.126 info  [caliper] [worker-message-handler] 	Worker#0 is starting Round#2
2026.10.01-20:31:15.133 info  [caliper] [caliper-worker] 	Worker #0 starting workload loop
2026.10.01-20:31:20.127 info  [caliper] [default-observer] 	[tps-40 Round 2 Transaction Info] - Submitted: 161 Succ: 64 Fail:0 Unfinished:97
2026.10.01-20:31:23.344 error [caliper] [ethereum-connector] 	Failed tx on registroDeBatches; calling method: registrarBatch; nonce: 0x4cf
2026.10.01-20:31:23.344 error [caliper] [ethereum-connector] 	Error: Returned error: Transaction nonce is too distant from current sender nonce
2026.10.01-20:31:23.361 error [caliper] [ethereum-connector] 	Failed tx on registroDeBatches; calling method: registrarBatch; nonce: 0x4d0
2026.10.01-20:31:23.361 error [caliper] [ethereum-connector] 	Error: Returned error: Transaction nonce is too distant from current sender nonce
2026.10.01-20:31:23.386 error [caliper] [ethereum-connector] 	Failed tx on registroDeBatches; calling method: registrarBatch; nonce: 0x4d1
2026.10.01-20:31:23.386 error [caliper] [ethereum-connector] 	Error: Returned error: Transaction nonce is too distant from current sender nonce
2026.10.01-20:31:23.411 error [caliper] [ethereum-connector] 	Failed tx on registroDeBatches; calling method: registrarBatch; nonce: 0x4d2
2026.10.01-20:31:23.411 error [caliper] [ethereum-connector] 	Error: Returned error: Transaction nonce is too distant from current sender nonce
2026.10.01-20:31:23.436 error [caliper] [ethereum-connector] 	Failed tx on registroDeBatches; calling method: registrarBatch; nonce: 0x4d3
2026.10.01-20:31:23.436 error [caliper] [ethereum-connector] 	Error: Returned error: Transaction nonce is too distant from current sender nonce
2026.10.01-20:31:23.462 error [caliper] [ethereum-connector] 	Failed tx on registroDeBatches; calling method: registrarBatch; nonce: 0x4d4
2026.10.01-20:31:23.462 error [caliper] [ethereum-connector] 	Error: Returned error: Transaction nonce is too distant from current sender nonce
2026.10.01-20:31:23.487 error [caliper] [ethereum-connector] 	Failed tx on registroDeBatches; calling method: registrarBatch; nonce: 0x4d5
2026.10.01-20:31:23.487 error [caliper] [ethereum-connector] 	Error: Returned error: Transaction nonce is too distant from current sender nonce
2026.10.01-20:31:23.513 error [caliper] [ethereum-connector] 	Failed tx on registroDeBatches; calling method: registrarBatch; nonce: 0x4d6
2026.10.01-20:31:23.513 error [caliper] [ethereum-connector] 	Error: Returned error: Transaction nonce is too distant from current sender nonce
2026.10.01-20:31:23.538 error [caliper] [ethereum-connector] 	Failed tx on registroDeBatches; calling method: registrarBatch; nonce: 0x4d7
2026.10.01-20:31:23.538 error [caliper] [ethereum-connector] 	Error: Returned error: Transaction nonce is too distant from current sender nonce
2026.10.01-20:31:23.562 error [caliper] [ethereum-connector] 	Failed tx on registroDeBatches; calling method: registrarBatch; nonce: 0x4d8
2026.10.01-20:31:23.562 error [caliper] [ethereum-connector] 	Error: Returned error: Transaction nonce is too distant from current sender nonce
2026.10.01-20:31:23.586 error [caliper] [ethereum-connector] 	Failed tx on registroDeBatches; calling method: registrarBatch; nonce: 0x4d9
2026.10.01-20:31:23.586 error [caliper] [ethereum-connector] 	Error: Returned error: Transaction nonce is too distant from current sender nonce
2026.10.01-20:31:23.610 error [caliper] [ethereum-connector] 	Failed tx on registroDeBatches; calling method: registrarBatch; nonce: 0x4da
2026.10.01-20:31:23.610 error [caliper] [ethereum-connector] 	Error: Returned error: Transaction nonce is too distant from current sender nonce
2026.10.01-20:31:23.636 error [caliper] [ethereum-connector] 	Failed tx on registroDeBatches; calling method: registrarBatch; nonce: 0x4db
2026.10.01-20:31:23.636 error [caliper] [ethereum-connector] 	Error: Returned error: Transaction nonce is too distant from current sender nonce
2026.10.01-20:31:23.662 error [caliper] [ethereum-connector] 	Failed tx on registroDeBatches; calling method: registrarBatch; nonce: 0x4dc
2026.10.01-20:31:23.662 error [caliper] [ethereum-connector] 	Error: Returned error: Transaction nonce is too distant from current sender nonce
2026.10.01-20:31:23.687 error [caliper] [ethereum-connector] 	Failed tx on registroDeBatches; calling method: registrarBatch; nonce: 0x4dd
2026.10.01-20:31:23.687 error [caliper] [ethereum-connector] 	Error: Returned error: Transaction nonce is too distant from current sender nonce
2026.10.01-20:31:23.712 error [caliper] [ethereum-connector] 	Failed tx on registroDeBatches; calling method: registrarBatch; nonce: 0x4de
2026.10.01-20:31:23.712 error [caliper] [ethereum-connector] 	Error: Returned error: Transaction nonce is too distant from current sender nonce
2026.10.01-20:31:23.737 error [caliper] [ethereum-connector] 	Failed tx on registroDeBatches; calling method: registrarBatch; nonce: 0x4df
2026.10.01-20:31:23.737 error [caliper] [ethereum-connector] 	Error: Returned error: Transaction nonce is too distant from current sender nonce
2026.10.01-20:31:23.762 error [caliper] [ethereum-connector] 	Failed tx on registroDeBatches; calling method: registrarBatch; nonce: 0x4e0
2026.10.01-20:31:23.762 error [caliper] [ethereum-connector] 	Error: Returned error: Transaction nonce is too distant from current sender nonce
2026.10.01-20:31:23.788 error [caliper] [ethereum-connector] 	Failed tx on registroDeBatches; calling method: registrarBatch; nonce: 0x4e1
2026.10.01-20:31:23.788 error [caliper] [ethereum-connector] 	Error: Returned error: Transaction nonce is too distant from current sender nonce
2026.10.01-20:31:23.811 error [caliper] [ethereum-connector] 	Failed tx on registroDeBatches; calling method: registrarBatch; nonce: 0x4e2
2026.10.01-20:31:23.811 error [caliper] [ethereum-connector] 	Error: Returned error: Transaction nonce is too distant from current sender nonce
2026.10.01-20:31:23.837 error [caliper] [ethereum-connector] 	Failed tx on registroDeBatches; calling method: registrarBatch; nonce: 0x4e3
2026.10.01-20:31:23.837 error [caliper] [ethereum-connector] 	Error: Returned error: Transaction nonce is too distant from current sender nonce
2026.10.01-20:31:23.860 error [caliper] [ethereum-connector] 	Failed tx on registroDeBatches; calling method: registrarBatch; nonce: 0x4e4
2026.10.01-20:31:23.860 error [caliper] [ethereum-connector] 	Error: Returned error: Transaction nonce is too distant from current sender nonce
2026.10.01-20:31:23.887 error [caliper] [ethereum-connector] 	Failed tx on registroDeBatches; calling method: registrarBatch; nonce: 0x4e5
2026.10.01-20:31:23.887 error [caliper] [ethereum-connector] 	Error: Returned error: Transaction nonce is too distant from current sender nonce
2026.10.01-20:31:23.912 error [caliper] [ethereum-connector] 	Failed tx on registroDeBatches; calling method: registrarBatch; nonce: 0x4e6
2026.10.01-20:31:23.912 error [caliper] [ethereum-connector] 	Error: Returned error: Transaction nonce is too distant from current sender nonce
2026.10.01-20:31:23.938 error [caliper] [ethereum-connector] 	Failed tx on registroDeBatches; calling method: registrarBatch; nonce: 0x4e7
2026.10.01-20:31:23.938 error [caliper] [ethereum-connector] 	Error: Returned error: Transaction nonce is too distant from current sender nonce
2026.10.01-20:31:23.963 error [caliper] [ethereum-connector] 	Failed tx on registroDeBatches; calling method: registrarBatch; nonce: 0x4e8
2026.10.01-20:31:23.963 error [caliper] [ethereum-connector] 	Error: Returned error: Transaction nonce is too distant from current sender nonce
2026.10.01-20:31:23.989 error [caliper] [ethereum-connector] 	Failed tx on registroDeBatches; calling method: registrarBatch; nonce: 0x4e9
2026.10.01-20:31:23.989 error [caliper] [ethereum-connector] 	Error: Returned error: Transaction nonce is too distant from current sender nonce
2026.10.01-20:31:24.014 error [caliper] [ethereum-connector] 	Failed tx on registroDeBatches; calling method: registrarBatch; nonce: 0x4ea
2026.10.01-20:31:24.014 error [caliper] [ethereum-connector] 	Error: Returned error: Transaction nonce is too distant from current sender nonce
2026.10.01-20:31:24.040 error [caliper] [ethereum-connector] 	Failed tx on registroDeBatches; calling method: registrarBatch; nonce: 0x4eb
2026.10.01-20:31:24.040 error [caliper] [ethereum-connector] 	Error: Returned error: Transaction nonce is too distant from current sender nonce
2026.10.01-20:31:24.067 error [caliper] [ethereum-connector] 	Failed tx on registroDeBatches; calling method: registrarBatch; nonce: 0x4ec
2026.10.01-20:31:24.068 error [caliper] [ethereum-connector] 	Error: Returned error: Transaction nonce is too distant from current sender nonce
2026.10.01-20:31:24.091 error [caliper] [ethereum-connector] 	Failed tx on registroDeBatches; calling method: registrarBatch; nonce: 0x4ed
2026.10.01-20:31:24.091 error [caliper] [ethereum-connector] 	Error: Returned error: Transaction nonce is too distant from current sender nonce
2026.10.01-20:31:24.115 error [caliper] [ethereum-connector] 	Failed tx on registroDeBatches; calling method: registrarBatch; nonce: 0x4ee
2026.10.01-20:31:24.115 error [caliper] [ethereum-connector] 	Error: Returned error: Transaction nonce is too distant from current sender nonce
2026.10.01-20:31:24.177 error [caliper] [ethereum-connector] 	Failed tx on registroDeBatches; calling method: registrarBatch; nonce: 0x4ef
2026.10.01-20:31:24.177 error [caliper] [ethereum-connector] 	Error: Returned error: Transaction nonce is too distant from current sender nonce
2026.10.01-20:31:24.178 error [caliper] [ethereum-connector] 	Failed tx on registroDeBatches; calling method: registrarBatch; nonce: 0x4f0
2026.10.01-20:31:24.179 error [caliper] [ethereum-connector] 	Error: Returned error: Transaction nonce is too distant from current sender nonce
2026.10.01-20:31:24.188 error [caliper] [ethereum-connector] 	Failed tx on registroDeBatches; calling method: registrarBatch; nonce: 0x4f1
2026.10.01-20:31:24.189 error [caliper] [ethereum-connector] 	Error: Returned error: Transaction nonce is too distant from current sender nonce
2026.10.01-20:31:24.213 error [caliper] [ethereum-connector] 	Failed tx on registroDeBatches; calling method: registrarBatch; nonce: 0x4f2
2026.10.01-20:31:24.213 error [caliper] [ethereum-connector] 	Error: Returned error: Transaction nonce is too distant from current sender nonce
2026.10.01-20:31:24.237 error [caliper] [ethereum-connector] 	Failed tx on registroDeBatches; calling method: registrarBatch; nonce: 0x4f3
2026.10.01-20:31:24.237 error [caliper] [ethereum-connector] 	Error: Returned error: Transaction nonce is too distant from current sender nonce
2026.10.01-20:31:24.261 error [caliper] [ethereum-connector] 	Failed tx on registroDeBatches; calling method: registrarBatch; nonce: 0x4f4
2026.10.01-20:31:24.261 error [caliper] [ethereum-connector] 	Error: Returned error: Transaction nonce is too distant from current sender nonce
2026.10.01-20:31:24.286 error [caliper] [ethereum-connector] 	Failed tx on registroDeBatches; calling method: registrarBatch; nonce: 0x4f5
2026.10.01-20:31:24.286 error [caliper] [ethereum-connector] 	Error: Returned error: Transaction nonce is too distant from current sender nonce
2026.10.01-20:31:24.311 error [caliper] [ethereum-connector] 	Failed tx on registroDeBatches; calling method: registrarBatch; nonce: 0x4f6
2026.10.01-20:31:24.312 error [caliper] [ethereum-connector] 	Error: Returned error: Transaction nonce is too distant from current sender nonce
2026.10.01-20:31:24.336 error [caliper] [ethereum-connector] 	Failed tx on registroDeBatches; calling method: registrarBatch; nonce: 0x4f7
2026.10.01-20:31:24.336 error [caliper] [ethereum-connector] 	Error: Returned error: Transaction nonce is too distant from current sender nonce
2026.10.01-20:31:24.362 error [caliper] [ethereum-connector] 	Failed tx on registroDeBatches; calling method: registrarBatch; nonce: 0x4f8
2026.10.01-20:31:24.362 error [caliper] [ethereum-connector] 	Error: Returned error: Transaction nonce is too distant from current sender nonce
2026.10.01-20:31:24.387 error [caliper] [ethereum-connector] 	Failed tx on registroDeBatches; calling method: registrarBatch; nonce: 0x4f9
2026.10.01-20:31:24.387 error [caliper] [ethereum-connector] 	Error: Returned error: Transaction nonce is too distant from current sender nonce
2026.10.01-20:31:24.412 error [caliper] [ethereum-connector] 	Failed tx on registroDeBatches; calling method: registrarBatch; nonce: 0x4fa
2026.10.01-20:31:24.412 error [caliper] [ethereum-connector] 	Error: Returned error: Transaction nonce is too distant from current sender nonce
2026.10.01-20:31:24.437 error [caliper] [ethereum-connector] 	Failed tx on registroDeBatches; calling method: registrarBatch; nonce: 0x4fb
2026.10.01-20:31:24.437 error [caliper] [ethereum-connector] 	Error: Returned error: Transaction nonce is too distant from current sender nonce
2026.10.01-20:31:24.463 error [caliper] [ethereum-connector] 	Failed tx on registroDeBatches; calling method: registrarBatch; nonce: 0x4fc
2026.10.01-20:31:24.463 error [caliper] [ethereum-connector] 	Error: Returned error: Transaction nonce is too distant from current sender nonce
2026.10.01-20:31:24.486 error [caliper] [ethereum-connector] 	Failed tx on registroDeBatches; calling method: registrarBatch; nonce: 0x4fd
2026.10.01-20:31:24.486 error [caliper] [ethereum-connector] 	Error: Returned error: Transaction nonce is too distant from current sender nonce
2026.10.01-20:31:24.512 error [caliper] [ethereum-connector] 	Failed tx on registroDeBatches; calling method: registrarBatch; nonce: 0x4fe
2026.10.01-20:31:24.512 error [caliper] [ethereum-connector] 	Error: Returned error: Transaction nonce is too distant from current sender nonce
2026.10.01-20:31:24.536 error [caliper] [ethereum-connector] 	Failed tx on registroDeBatches; calling method: registrarBatch; nonce: 0x4ff
2026.10.01-20:31:24.536 error [caliper] [ethereum-connector] 	Error: Returned error: Transaction nonce is too distant from current sender nonce
2026.10.01-20:31:24.562 error [caliper] [ethereum-connector] 	Failed tx on registroDeBatches; calling method: registrarBatch; nonce: 0x500
2026.10.01-20:31:24.562 error [caliper] [ethereum-connector] 	Error: Returned error: Transaction nonce is too distant from current sender nonce
2026.10.01-20:31:24.587 error [caliper] [ethereum-connector] 	Failed tx on registroDeBatches; calling method: registrarBatch; nonce: 0x501
2026.10.01-20:31:24.587 error [caliper] [ethereum-connector] 	Error: Returned error: Transaction nonce is too distant from current sender nonce
2026.10.01-20:31:24.611 error [caliper] [ethereum-connector] 	Failed tx on registroDeBatches; calling method: registrarBatch; nonce: 0x502
2026.10.01-20:31:24.611 error [caliper] [ethereum-connector] 	Error: Returned error: Transaction nonce is too distant from current sender nonce
2026.10.01-20:31:24.636 error [caliper] [ethereum-connector] 	Failed tx on registroDeBatches; calling method: registrarBatch; nonce: 0x503
2026.10.01-20:31:24.636 error [caliper] [ethereum-connector] 	Error: Returned error: Transaction nonce is too distant from current sender nonce
2026.10.01-20:31:24.662 error [caliper] [ethereum-connector] 	Failed tx on registroDeBatches; calling method: registrarBatch; nonce: 0x504
2026.10.01-20:31:24.662 error [caliper] [ethereum-connector] 	Error: Returned error: Transaction nonce is too distant from current sender nonce
2026.10.01-20:31:24.686 error [caliper] [ethereum-connector] 	Failed tx on registroDeBatches; calling method: registrarBatch; nonce: 0x505
2026.10.01-20:31:24.686 error [caliper] [ethereum-connector] 	Error: Returned error: Transaction nonce is too distant from current sender nonce
2026.10.01-20:31:24.712 error [caliper] [ethereum-connector] 	Failed tx on registroDeBatches; calling method: registrarBatch; nonce: 0x506
2026.10.01-20:31:24.712 error [caliper] [ethereum-connector] 	Error: Returned error: Transaction nonce is too distant from current sender nonce
2026.10.01-20:31:24.738 error [caliper] [ethereum-connector] 	Failed tx on registroDeBatches; calling method: registrarBatch; nonce: 0x507
2026.10.01-20:31:24.738 error [caliper] [ethereum-connector] 	Error: Returned error: Transaction nonce is too distant from current sender nonce
2026.10.01-20:31:24.762 error [caliper] [ethereum-connector] 	Failed tx on registroDeBatches; calling method: registrarBatch; nonce: 0x508
2026.10.01-20:31:24.762 error [caliper] [ethereum-connector] 	Error: Returned error: Transaction nonce is too distant from current sender nonce
2026.10.01-20:31:24.790 error [caliper] [ethereum-connector] 	Failed tx on registroDeBatches; calling method: registrarBatch; nonce: 0x509
2026.10.01-20:31:24.790 error [caliper] [ethereum-connector] 	Error: Returned error: Transaction nonce is too distant from current sender nonce
2026.10.01-20:31:24.812 error [caliper] [ethereum-connector] 	Failed tx on registroDeBatches; calling method: registrarBatch; nonce: 0x50a
2026.10.01-20:31:24.812 error [caliper] [ethereum-connector] 	Error: Returned error: Transaction nonce is too distant from current sender nonce
2026.10.01-20:31:24.838 error [caliper] [ethereum-connector] 	Failed tx on registroDeBatches; calling method: registrarBatch; nonce: 0x50b
2026.10.01-20:31:24.838 error [caliper] [ethereum-connector] 	Error: Returned error: Transaction nonce is too distant from current sender nonce
2026.10.01-20:31:24.862 error [caliper] [ethereum-connector] 	Failed tx on registroDeBatches; calling method: registrarBatch; nonce: 0x50c
2026.10.01-20:31:24.862 error [caliper] [ethereum-connector] 	Error: Returned error: Transaction nonce is too distant from current sender nonce
2026.10.01-20:31:24.887 error [caliper] [ethereum-connector] 	Failed tx on registroDeBatches; calling method: registrarBatch; nonce: 0x50d
2026.10.01-20:31:24.887 error [caliper] [ethereum-connector] 	Error: Returned error: Transaction nonce is too distant from current sender nonce
2026.10.01-20:31:24.913 error [caliper] [ethereum-connector] 	Failed tx on registroDeBatches; calling method: registrarBatch; nonce: 0x50e
2026.10.01-20:31:24.913 error [caliper] [ethereum-connector] 	Error: Returned error: Transaction nonce is too distant from current sender nonce
2026.10.01-20:31:24.936 error [caliper] [ethereum-connector] 	Failed tx on registroDeBatches; calling method: registrarBatch; nonce: 0x50f
2026.10.01-20:31:24.936 error [caliper] [ethereum-connector] 	Error: Returned error: Transaction nonce is too distant from current sender nonce
2026.10.01-20:31:24.962 error [caliper] [ethereum-connector] 	Failed tx on registroDeBatches; calling method: registrarBatch; nonce: 0x510
2026.10.01-20:31:24.962 error [caliper] [ethereum-connector] 	Error: Returned error: Transaction nonce is too distant from current sender nonce
2026.10.01-20:31:24.986 error [caliper] [ethereum-connector] 	Failed tx on registroDeBatches; calling method: registrarBatch; nonce: 0x511
2026.10.01-20:31:24.986 error [caliper] [ethereum-connector] 	Error: Returned error: Transaction nonce is too distant from current sender nonce
2026.10.01-20:31:25.011 error [caliper] [ethereum-connector] 	Failed tx on registroDeBatches; calling method: registrarBatch; nonce: 0x512
2026.10.01-20:31:25.011 error [caliper] [ethereum-connector] 	Error: Returned error: Transaction nonce is too distant from current sender nonce
2026.10.01-20:31:25.037 error [caliper] [ethereum-connector] 	Failed tx on registroDeBatches; calling method: registrarBatch; nonce: 0x513
2026.10.01-20:31:25.037 error [caliper] [ethereum-connector] 	Error: Returned error: Transaction nonce is too distant from current sender nonce
2026.10.01-20:31:25.065 error [caliper] [ethereum-connector] 	Failed tx on registroDeBatches; calling method: registrarBatch; nonce: 0x514
2026.10.01-20:31:25.065 error [caliper] [ethereum-connector] 	Error: Returned error: Transaction nonce is too distant from current sender nonce
2026.10.01-20:31:25.089 error [caliper] [ethereum-connector] 	Failed tx on registroDeBatches; calling method: registrarBatch; nonce: 0x515
2026.10.01-20:31:25.090 error [caliper] [ethereum-connector] 	Error: Returned error: Transaction nonce is too distant from current sender nonce
2026.10.01-20:31:25.112 error [caliper] [ethereum-connector] 	Failed tx on registroDeBatches; calling method: registrarBatch; nonce: 0x516
2026.10.01-20:31:25.112 error [caliper] [ethereum-connector] 	Error: Returned error: Transaction nonce is too distant from current sender nonce
2026.10.01-20:31:25.128 info  [caliper] [default-observer] 	[tps-40 Round 2 Transaction Info] - Submitted: 361 Succ: 128 Fail:32 Unfinished:201
2026.10.01-20:31:25.137 error [caliper] [ethereum-connector] 	Failed tx on registroDeBatches; calling method: registrarBatch; nonce: 0x517
2026.10.01-20:31:25.137 error [caliper] [ethereum-connector] 	Error: Returned error: Transaction nonce is too distant from current sender nonce
2026.10.01-20:31:25.164 error [caliper] [ethereum-connector] 	Failed tx on registroDeBatches; calling method: registrarBatch; nonce: 0x518
2026.10.01-20:31:25.164 error [caliper] [ethereum-connector] 	Error: Returned error: Transaction nonce is too distant from current sender nonce
2026.10.01-20:31:25.187 error [caliper] [ethereum-connector] 	Failed tx on registroDeBatches; calling method: registrarBatch; nonce: 0x519
2026.10.01-20:31:25.187 error [caliper] [ethereum-connector] 	Error: Returned error: Transaction nonce is too distant from current sender nonce
2026.10.01-20:31:25.212 error [caliper] [ethereum-connector] 	Failed tx on registroDeBatches; calling method: registrarBatch; nonce: 0x51a
2026.10.01-20:31:25.212 error [caliper] [ethereum-connector] 	Error: Returned error: Transaction nonce is too distant from current sender nonce
2026.10.01-20:31:25.236 error [caliper] [ethereum-connector] 	Failed tx on registroDeBatches; calling method: registrarBatch; nonce: 0x51b
2026.10.01-20:31:25.236 error [caliper] [ethereum-connector] 	Error: Returned error: Transaction nonce is too distant from current sender nonce
2026.10.01-20:31:25.262 error [caliper] [ethereum-connector] 	Failed tx on registroDeBatches; calling method: registrarBatch; nonce: 0x51c
2026.10.01-20:31:25.262 error [caliper] [ethereum-connector] 	Error: Returned error: Transaction nonce is too distant from current sender nonce
2026.10.01-20:31:25.287 error [caliper] [ethereum-connector] 	Failed tx on registroDeBatches; calling method: registrarBatch; nonce: 0x51d
2026.10.01-20:31:25.287 error [caliper] [ethereum-connector] 	Error: Returned error: Transaction nonce is too distant from current sender nonce
2026.10.01-20:31:25.312 error [caliper] [ethereum-connector] 	Failed tx on registroDeBatches; calling method: registrarBatch; nonce: 0x51e
2026.10.01-20:31:25.312 error [caliper] [ethereum-connector] 	Error: Returned error: Transaction nonce is too distant from current sender nonce
2026.10.01-20:31:25.337 error [caliper] [ethereum-connector] 	Failed tx on registroDeBatches; calling method: registrarBatch; nonce: 0x51f
2026.10.01-20:31:25.337 error [caliper] [ethereum-connector] 	Error: Returned error: Transaction nonce is too distant from current sender nonce
2026.10.01-20:31:25.363 error [caliper] [ethereum-connector] 	Failed tx on registroDeBatches; calling method: registrarBatch; nonce: 0x520
2026.10.01-20:31:25.363 error [caliper] [ethereum-connector] 	Error: Returned error: Transaction nonce is too distant from current sender nonce
2026.10.01-20:31:25.387 error [caliper] [ethereum-connector] 	Failed tx on registroDeBatches; calling method: registrarBatch; nonce: 0x521
2026.10.01-20:31:25.387 error [caliper] [ethereum-connector] 	Error: Returned error: Transaction nonce is too distant from current sender nonce
2026.10.01-20:31:25.412 error [caliper] [ethereum-connector] 	Failed tx on registroDeBatches; calling method: registrarBatch; nonce: 0x522
2026.10.01-20:31:25.413 error [caliper] [ethereum-connector] 	Error: Returned error: Transaction nonce is too distant from current sender nonce
2026.10.01-20:31:25.438 error [caliper] [ethereum-connector] 	Failed tx on registroDeBatches; calling method: registrarBatch; nonce: 0x523
2026.10.01-20:31:25.438 error [caliper] [ethereum-connector] 	Error: Returned error: Transaction nonce is too distant from current sender nonce
2026.10.01-20:31:25.462 error [caliper] [ethereum-connector] 	Failed tx on registroDeBatches; calling method: registrarBatch; nonce: 0x524
2026.10.01-20:31:25.462 error [caliper] [ethereum-connector] 	Error: Returned error: Transaction nonce is too distant from current sender nonce
2026.10.01-20:31:25.487 error [caliper] [ethereum-connector] 	Failed tx on registroDeBatches; calling method: registrarBatch; nonce: 0x525
2026.10.01-20:31:25.487 error [caliper] [ethereum-connector] 	Error: Returned error: Transaction nonce is too distant from current sender nonce
2026.10.01-20:31:25.513 error [caliper] [ethereum-connector] 	Failed tx on registroDeBatches; calling method: registrarBatch; nonce: 0x526
2026.10.01-20:31:25.513 error [caliper] [ethereum-connector] 	Error: Returned error: Transaction nonce is too distant from current sender nonce
2026.10.01-20:31:25.536 error [caliper] [ethereum-connector] 	Failed tx on registroDeBatches; calling method: registrarBatch; nonce: 0x527
2026.10.01-20:31:25.537 error [caliper] [ethereum-connector] 	Error: Returned error: Transaction nonce is too distant from current sender nonce
2026.10.01-20:31:25.561 error [caliper] [ethereum-connector] 	Failed tx on registroDeBatches; calling method: registrarBatch; nonce: 0x528
2026.10.01-20:31:25.561 error [caliper] [ethereum-connector] 	Error: Returned error: Transaction nonce is too distant from current sender nonce
2026.10.01-20:31:25.586 error [caliper] [ethereum-connector] 	Failed tx on registroDeBatches; calling method: registrarBatch; nonce: 0x529
2026.10.01-20:31:25.586 error [caliper] [ethereum-connector] 	Error: Returned error: Transaction nonce is too distant from current sender nonce
2026.10.01-20:31:25.612 error [caliper] [ethereum-connector] 	Failed tx on registroDeBatches; calling method: registrarBatch; nonce: 0x52a
2026.10.01-20:31:25.612 error [caliper] [ethereum-connector] 	Error: Returned error: Transaction nonce is too distant from current sender nonce
2026.10.01-20:31:25.636 error [caliper] [ethereum-connector] 	Failed tx on registroDeBatches; calling method: registrarBatch; nonce: 0x52b
2026.10.01-20:31:25.637 error [caliper] [ethereum-connector] 	Error: Returned error: Transaction nonce is too distant from current sender nonce
2026.10.01-20:31:25.661 error [caliper] [ethereum-connector] 	Failed tx on registroDeBatches; calling method: registrarBatch; nonce: 0x52c
2026.10.01-20:31:25.661 error [caliper] [ethereum-connector] 	Error: Returned error: Transaction nonce is too distant from current sender nonce
2026.10.01-20:31:25.686 error [caliper] [ethereum-connector] 	Failed tx on registroDeBatches; calling method: registrarBatch; nonce: 0x52d
2026.10.01-20:31:25.686 error [caliper] [ethereum-connector] 	Error: Returned error: Transaction nonce is too distant from current sender nonce
2026.10.01-20:31:25.712 error [caliper] [ethereum-connector] 	Failed tx on registroDeBatches; calling method: registrarBatch; nonce: 0x52e
2026.10.01-20:31:25.712 error [caliper] [ethereum-connector] 	Error: Returned error: Transaction nonce is too distant from current sender nonce
2026.10.01-20:31:25.737 error [caliper] [ethereum-connector] 	Failed tx on registroDeBatches; calling method: registrarBatch; nonce: 0x52f
2026.10.01-20:31:25.737 error [caliper] [ethereum-connector] 	Error: Returned error: Transaction nonce is too distant from current sender nonce
2026.10.01-20:31:25.761 error [caliper] [ethereum-connector] 	Failed tx on registroDeBatches; calling method: registrarBatch; nonce: 0x530
2026.10.01-20:31:25.761 error [caliper] [ethereum-connector] 	Error: Returned error: Transaction nonce is too distant from current sender nonce
2026.10.01-20:31:25.787 error [caliper] [ethereum-connector] 	Failed tx on registroDeBatches; calling method: registrarBatch; nonce: 0x531
2026.10.01-20:31:25.787 error [caliper] [ethereum-connector] 	Error: Returned error: Transaction nonce is too distant from current sender nonce
2026.10.01-20:31:25.812 error [caliper] [ethereum-connector] 	Failed tx on registroDeBatches; calling method: registrarBatch; nonce: 0x532
2026.10.01-20:31:25.812 error [caliper] [ethereum-connector] 	Error: Returned error: Transaction nonce is too distant from current sender nonce
2026.10.01-20:31:25.838 error [caliper] [ethereum-connector] 	Failed tx on registroDeBatches; calling method: registrarBatch; nonce: 0x533
2026.10.01-20:31:25.838 error [caliper] [ethereum-connector] 	Error: Returned error: Transaction nonce is too distant from current sender nonce
2026.10.01-20:31:25.863 error [caliper] [ethereum-connector] 	Failed tx on registroDeBatches; calling method: registrarBatch; nonce: 0x534
2026.10.01-20:31:25.863 error [caliper] [ethereum-connector] 	Error: Returned error: Transaction nonce is too distant from current sender nonce
2026.10.01-20:31:25.888 error [caliper] [ethereum-connector] 	Failed tx on registroDeBatches; calling method: registrarBatch; nonce: 0x535
2026.10.01-20:31:25.888 error [caliper] [ethereum-connector] 	Error: Returned error: Transaction nonce is too distant from current sender nonce
2026.10.01-20:31:25.913 error [caliper] [ethereum-connector] 	Failed tx on registroDeBatches; calling method: registrarBatch; nonce: 0x536
2026.10.01-20:31:25.913 error [caliper] [ethereum-connector] 	Error: Returned error: Transaction nonce is too distant from current sender nonce
2026.10.01-20:31:25.938 error [caliper] [ethereum-connector] 	Failed tx on registroDeBatches; calling method: registrarBatch; nonce: 0x537
2026.10.01-20:31:25.938 error [caliper] [ethereum-connector] 	Error: Returned error: Transaction nonce is too distant from current sender nonce
2026.10.01-20:31:25.962 error [caliper] [ethereum-connector] 	Failed tx on registroDeBatches; calling method: registrarBatch; nonce: 0x538
2026.10.01-20:31:25.962 error [caliper] [ethereum-connector] 	Error: Returned error: Transaction nonce is too distant from current sender nonce
2026.10.01-20:31:25.987 error [caliper] [ethereum-connector] 	Failed tx on registroDeBatches; calling method: registrarBatch; nonce: 0x539
2026.10.01-20:31:25.987 error [caliper] [ethereum-connector] 	Error: Returned error: Transaction nonce is too distant from current sender nonce
2026.10.01-20:31:26.013 error [caliper] [ethereum-connector] 	Failed tx on registroDeBatches; calling method: registrarBatch; nonce: 0x53a
2026.10.01-20:31:26.013 error [caliper] [ethereum-connector] 	Error: Returned error: Transaction nonce is too distant from current sender nonce
2026.10.01-20:31:26.040 error [caliper] [ethereum-connector] 	Failed tx on registroDeBatches; calling method: registrarBatch; nonce: 0x53b
2026.10.01-20:31:26.040 error [caliper] [ethereum-connector] 	Error: Returned error: Transaction nonce is too distant from current sender nonce
2026.10.01-20:31:26.065 error [caliper] [ethereum-connector] 	Failed tx on registroDeBatches; calling method: registrarBatch; nonce: 0x53c
2026.10.01-20:31:26.065 error [caliper] [ethereum-connector] 	Error: Returned error: Transaction nonce is too distant from current sender nonce
2026.10.01-20:31:26.091 error [caliper] [ethereum-connector] 	Failed tx on registroDeBatches; calling method: registrarBatch; nonce: 0x53d
2026.10.01-20:31:26.091 error [caliper] [ethereum-connector] 	Error: Returned error: Transaction nonce is too distant from current sender nonce
2026.10.01-20:31:26.142 error [caliper] [ethereum-connector] 	Failed tx on registroDeBatches; calling method: registrarBatch; nonce: 0x53e
2026.10.01-20:31:26.143 error [caliper] [ethereum-connector] 	Error: Returned error: Transaction nonce is too distant from current sender nonce
2026.10.01-20:31:26.148 error [caliper] [ethereum-connector] 	Failed tx on registroDeBatches; calling method: registrarBatch; nonce: 0x53f
2026.10.01-20:31:26.148 error [caliper] [ethereum-connector] 	Error: Returned error: Transaction nonce is too distant from current sender nonce
2026.10.01-20:31:26.162 error [caliper] [ethereum-connector] 	Failed tx on registroDeBatches; calling method: registrarBatch; nonce: 0x540
2026.10.01-20:31:26.162 error [caliper] [ethereum-connector] 	Error: Returned error: Transaction nonce is too distant from current sender nonce
2026.10.01-20:31:26.188 error [caliper] [ethereum-connector] 	Failed tx on registroDeBatches; calling method: registrarBatch; nonce: 0x541
2026.10.01-20:31:26.188 error [caliper] [ethereum-connector] 	Error: Returned error: Transaction nonce is too distant from current sender nonce
2026.10.01-20:31:26.212 error [caliper] [ethereum-connector] 	Failed tx on registroDeBatches; calling method: registrarBatch; nonce: 0x542
2026.10.01-20:31:26.212 error [caliper] [ethereum-connector] 	Error: Returned error: Transaction nonce is too distant from current sender nonce
2026.10.01-20:31:26.236 error [caliper] [ethereum-connector] 	Failed tx on registroDeBatches; calling method: registrarBatch; nonce: 0x543
2026.10.01-20:31:26.236 error [caliper] [ethereum-connector] 	Error: Returned error: Transaction nonce is too distant from current sender nonce
2026.10.01-20:31:26.261 error [caliper] [ethereum-connector] 	Failed tx on registroDeBatches; calling method: registrarBatch; nonce: 0x544
2026.10.01-20:31:26.261 error [caliper] [ethereum-connector] 	Error: Returned error: Transaction nonce is too distant from current sender nonce
2026.10.01-20:31:26.286 error [caliper] [ethereum-connector] 	Failed tx on registroDeBatches; calling method: registrarBatch; nonce: 0x545
2026.10.01-20:31:26.286 error [caliper] [ethereum-connector] 	Error: Returned error: Transaction nonce is too distant from current sender nonce
2026.10.01-20:31:26.311 error [caliper] [ethereum-connector] 	Failed tx on registroDeBatches; calling method: registrarBatch; nonce: 0x546
2026.10.01-20:31:26.312 error [caliper] [ethereum-connector] 	Error: Returned error: Transaction nonce is too distant from current sender nonce
2026.10.01-20:31:26.336 error [caliper] [ethereum-connector] 	Failed tx on registroDeBatches; calling method: registrarBatch; nonce: 0x547
2026.10.01-20:31:26.336 error [caliper] [ethereum-connector] 	Error: Returned error: Transaction nonce is too distant from current sender nonce
2026.10.01-20:31:26.362 error [caliper] [ethereum-connector] 	Failed tx on registroDeBatches; calling method: registrarBatch; nonce: 0x548
2026.10.01-20:31:26.362 error [caliper] [ethereum-connector] 	Error: Returned error: Transaction nonce is too distant from current sender nonce
2026.10.01-20:31:26.386 error [caliper] [ethereum-connector] 	Failed tx on registroDeBatches; calling method: registrarBatch; nonce: 0x549
2026.10.01-20:31:26.386 error [caliper] [ethereum-connector] 	Error: Returned error: Transaction nonce is too distant from current sender nonce
2026.10.01-20:31:26.412 error [caliper] [ethereum-connector] 	Failed tx on registroDeBatches; calling method: registrarBatch; nonce: 0x54a
2026.10.01-20:31:26.412 error [caliper] [ethereum-connector] 	Error: Returned error: Transaction nonce is too distant from current sender nonce
2026.10.01-20:31:26.439 error [caliper] [ethereum-connector] 	Failed tx on registroDeBatches; calling method: registrarBatch; nonce: 0x54b
2026.10.01-20:31:26.439 error [caliper] [ethereum-connector] 	Error: Returned error: Transaction nonce is too distant from current sender nonce
2026.10.01-20:31:26.462 error [caliper] [ethereum-connector] 	Failed tx on registroDeBatches; calling method: registrarBatch; nonce: 0x54c
2026.10.01-20:31:26.462 error [caliper] [ethereum-connector] 	Error: Returned error: Transaction nonce is too distant from current sender nonce
2026.10.01-20:31:26.487 error [caliper] [ethereum-connector] 	Failed tx on registroDeBatches; calling method: registrarBatch; nonce: 0x54d
2026.10.01-20:31:26.487 error [caliper] [ethereum-connector] 	Error: Returned error: Transaction nonce is too distant from current sender nonce
2026.10.01-20:31:26.512 error [caliper] [ethereum-connector] 	Failed tx on registroDeBatches; calling method: registrarBatch; nonce: 0x54e
2026.10.01-20:31:26.512 error [caliper] [ethereum-connector] 	Error: Returned error: Transaction nonce is too distant from current sender nonce
2026.10.01-20:31:26.537 error [caliper] [ethereum-connector] 	Failed tx on registroDeBatches; calling method: registrarBatch; nonce: 0x54f
2026.10.01-20:31:26.537 error [caliper] [ethereum-connector] 	Error: Returned error: Transaction nonce is too distant from current sender nonce
2026.10.01-20:31:26.562 error [caliper] [ethereum-connector] 	Failed tx on registroDeBatches; calling method: registrarBatch; nonce: 0x550
2026.10.01-20:31:26.562 error [caliper] [ethereum-connector] 	Error: Returned error: Transaction nonce is too distant from current sender nonce
2026.10.01-20:31:26.587 error [caliper] [ethereum-connector] 	Failed tx on registroDeBatches; calling method: registrarBatch; nonce: 0x551
2026.10.01-20:31:26.587 error [caliper] [ethereum-connector] 	Error: Returned error: Transaction nonce is too distant from current sender nonce
2026.10.01-20:31:26.612 error [caliper] [ethereum-connector] 	Failed tx on registroDeBatches; calling method: registrarBatch; nonce: 0x552
2026.10.01-20:31:26.612 error [caliper] [ethereum-connector] 	Error: Returned error: Transaction nonce is too distant from current sender nonce
2026.10.01-20:31:26.638 error [caliper] [ethereum-connector] 	Failed tx on registroDeBatches; calling method: registrarBatch; nonce: 0x553
2026.10.01-20:31:26.638 error [caliper] [ethereum-connector] 	Error: Returned error: Transaction nonce is too distant from current sender nonce
2026.10.01-20:31:26.661 error [caliper] [ethereum-connector] 	Failed tx on registroDeBatches; calling method: registrarBatch; nonce: 0x554
2026.10.01-20:31:26.661 error [caliper] [ethereum-connector] 	Error: Returned error: Transaction nonce is too distant from current sender nonce
2026.10.01-20:31:26.687 error [caliper] [ethereum-connector] 	Failed tx on registroDeBatches; calling method: registrarBatch; nonce: 0x555
2026.10.01-20:31:26.687 error [caliper] [ethereum-connector] 	Error: Returned error: Transaction nonce is too distant from current sender nonce
2026.10.01-20:31:26.712 error [caliper] [ethereum-connector] 	Failed tx on registroDeBatches; calling method: registrarBatch; nonce: 0x556
2026.10.01-20:31:26.712 error [caliper] [ethereum-connector] 	Error: Returned error: Transaction nonce is too distant from current sender nonce
2026.10.01-20:31:26.737 error [caliper] [ethereum-connector] 	Failed tx on registroDeBatches; calling method: registrarBatch; nonce: 0x557
2026.10.01-20:31:26.737 error [caliper] [ethereum-connector] 	Error: Returned error: Transaction nonce is too distant from current sender nonce
2026.10.01-20:31:26.764 error [caliper] [ethereum-connector] 	Failed tx on registroDeBatches; calling method: registrarBatch; nonce: 0x558
2026.10.01-20:31:26.764 error [caliper] [ethereum-connector] 	Error: Returned error: Transaction nonce is too distant from current sender nonce
2026.10.01-20:31:26.789 error [caliper] [ethereum-connector] 	Failed tx on registroDeBatches; calling method: registrarBatch; nonce: 0x559
2026.10.01-20:31:26.789 error [caliper] [ethereum-connector] 	Error: Returned error: Transaction nonce is too distant from current sender nonce
2026.10.01-20:31:26.811 error [caliper] [ethereum-connector] 	Failed tx on registroDeBatches; calling method: registrarBatch; nonce: 0x55a
2026.10.01-20:31:26.811 error [caliper] [ethereum-connector] 	Error: Returned error: Transaction nonce is too distant from current sender nonce
2026.10.01-20:31:26.837 error [caliper] [ethereum-connector] 	Failed tx on registroDeBatches; calling method: registrarBatch; nonce: 0x55b
2026.10.01-20:31:26.837 error [caliper] [ethereum-connector] 	Error: Returned error: Transaction nonce is too distant from current sender nonce
2026.10.01-20:31:26.864 error [caliper] [ethereum-connector] 	Failed tx on registroDeBatches; calling method: registrarBatch; nonce: 0x55c
2026.10.01-20:31:26.864 error [caliper] [ethereum-connector] 	Error: Returned error: Transaction nonce is too distant from current sender nonce
2026.10.01-20:31:26.885 error [caliper] [ethereum-connector] 	Failed tx on registroDeBatches; calling method: registrarBatch; nonce: 0x55d
2026.10.01-20:31:26.886 error [caliper] [ethereum-connector] 	Error: Returned error: Transaction nonce is too distant from current sender nonce
2026.10.01-20:31:26.911 error [caliper] [ethereum-connector] 	Failed tx on registroDeBatches; calling method: registrarBatch; nonce: 0x55e
2026.10.01-20:31:26.911 error [caliper] [ethereum-connector] 	Error: Returned error: Transaction nonce is too distant from current sender nonce
2026.10.01-20:31:26.936 error [caliper] [ethereum-connector] 	Failed tx on registroDeBatches; calling method: registrarBatch; nonce: 0x55f
2026.10.01-20:31:26.936 error [caliper] [ethereum-connector] 	Error: Returned error: Transaction nonce is too distant from current sender nonce
2026.10.01-20:31:26.962 error [caliper] [ethereum-connector] 	Failed tx on registroDeBatches; calling method: registrarBatch; nonce: 0x560
2026.10.01-20:31:26.962 error [caliper] [ethereum-connector] 	Error: Returned error: Transaction nonce is too distant from current sender nonce
2026.10.01-20:31:26.987 error [caliper] [ethereum-connector] 	Failed tx on registroDeBatches; calling method: registrarBatch; nonce: 0x561
2026.10.01-20:31:26.987 error [caliper] [ethereum-connector] 	Error: Returned error: Transaction nonce is too distant from current sender nonce
2026.10.01-20:31:27.011 error [caliper] [ethereum-connector] 	Failed tx on registroDeBatches; calling method: registrarBatch; nonce: 0x562
2026.10.01-20:31:27.011 error [caliper] [ethereum-connector] 	Error: Returned error: Transaction nonce is too distant from current sender nonce
2026.10.01-20:31:27.038 error [caliper] [ethereum-connector] 	Failed tx on registroDeBatches; calling method: registrarBatch; nonce: 0x563
2026.10.01-20:31:27.038 error [caliper] [ethereum-connector] 	Error: Returned error: Transaction nonce is too distant from current sender nonce
2026.10.01-20:31:27.063 error [caliper] [ethereum-connector] 	Failed tx on registroDeBatches; calling method: registrarBatch; nonce: 0x564
2026.10.01-20:31:27.063 error [caliper] [ethereum-connector] 	Error: Returned error: Transaction nonce is too distant from current sender nonce
2026.10.01-20:31:27.087 error [caliper] [ethereum-connector] 	Failed tx on registroDeBatches; calling method: registrarBatch; nonce: 0x565
2026.10.01-20:31:27.087 error [caliper] [ethereum-connector] 	Error: Returned error: Transaction nonce is too distant from current sender nonce
2026.10.01-20:31:27.112 error [caliper] [ethereum-connector] 	Failed tx on registroDeBatches; calling method: registrarBatch; nonce: 0x566
2026.10.01-20:31:27.112 error [caliper] [ethereum-connector] 	Error: Returned error: Transaction nonce is too distant from current sender nonce
2026.10.01-20:31:27.137 error [caliper] [ethereum-connector] 	Failed tx on registroDeBatches; calling method: registrarBatch; nonce: 0x567
2026.10.01-20:31:27.137 error [caliper] [ethereum-connector] 	Error: Returned error: Transaction nonce is too distant from current sender nonce
2026.10.01-20:31:27.163 error [caliper] [ethereum-connector] 	Failed tx on registroDeBatches; calling method: registrarBatch; nonce: 0x568
2026.10.01-20:31:27.163 error [caliper] [ethereum-connector] 	Error: Returned error: Transaction nonce is too distant from current sender nonce
2026.10.01-20:31:27.187 error [caliper] [ethereum-connector] 	Failed tx on registroDeBatches; calling method: registrarBatch; nonce: 0x569
2026.10.01-20:31:27.187 error [caliper] [ethereum-connector] 	Error: Returned error: Transaction nonce is too distant from current sender nonce
2026.10.01-20:31:27.213 error [caliper] [ethereum-connector] 	Failed tx on registroDeBatches; calling method: registrarBatch; nonce: 0x56a
2026.10.01-20:31:27.213 error [caliper] [ethereum-connector] 	Error: Returned error: Transaction nonce is too distant from current sender nonce
2026.10.01-20:31:27.238 error [caliper] [ethereum-connector] 	Failed tx on registroDeBatches; calling method: registrarBatch; nonce: 0x56b
2026.10.01-20:31:27.238 error [caliper] [ethereum-connector] 	Error: Returned error: Transaction nonce is too distant from current sender nonce
2026.10.01-20:31:27.262 error [caliper] [ethereum-connector] 	Failed tx on registroDeBatches; calling method: registrarBatch; nonce: 0x56c
2026.10.01-20:31:27.262 error [caliper] [ethereum-connector] 	Error: Returned error: Transaction nonce is too distant from current sender nonce
2026.10.01-20:31:27.288 error [caliper] [ethereum-connector] 	Failed tx on registroDeBatches; calling method: registrarBatch; nonce: 0x56d
2026.10.01-20:31:27.288 error [caliper] [ethereum-connector] 	Error: Returned error: Transaction nonce is too distant from current sender nonce
2026.10.01-20:31:27.313 error [caliper] [ethereum-connector] 	Failed tx on registroDeBatches; calling method: registrarBatch; nonce: 0x56e
2026.10.01-20:31:27.313 error [caliper] [ethereum-connector] 	Error: Returned error: Transaction nonce is too distant from current sender nonce
2026.10.01-20:31:27.337 error [caliper] [ethereum-connector] 	Failed tx on registroDeBatches; calling method: registrarBatch; nonce: 0x56f
2026.10.01-20:31:27.337 error [caliper] [ethereum-connector] 	Error: Returned error: Transaction nonce is too distant from current sender nonce
2026.10.01-20:31:27.363 error [caliper] [ethereum-connector] 	Failed tx on registroDeBatches; calling method: registrarBatch; nonce: 0x570
2026.10.01-20:31:27.363 error [caliper] [ethereum-connector] 	Error: Returned error: Transaction nonce is too distant from current sender nonce
2026.10.01-20:31:27.388 error [caliper] [ethereum-connector] 	Failed tx on registroDeBatches; calling method: registrarBatch; nonce: 0x571
2026.10.01-20:31:27.388 error [caliper] [ethereum-connector] 	Error: Returned error: Transaction nonce is too distant from current sender nonce
2026.10.01-20:31:27.411 error [caliper] [ethereum-connector] 	Failed tx on registroDeBatches; calling method: registrarBatch; nonce: 0x572
2026.10.01-20:31:27.411 error [caliper] [ethereum-connector] 	Error: Returned error: Transaction nonce is too distant from current sender nonce
2026.10.01-20:31:27.438 error [caliper] [ethereum-connector] 	Failed tx on registroDeBatches; calling method: registrarBatch; nonce: 0x573
2026.10.01-20:31:27.438 error [caliper] [ethereum-connector] 	Error: Returned error: Transaction nonce is too distant from current sender nonce
2026.10.01-20:31:27.462 error [caliper] [ethereum-connector] 	Failed tx on registroDeBatches; calling method: registrarBatch; nonce: 0x574
2026.10.01-20:31:27.462 error [caliper] [ethereum-connector] 	Error: Returned error: Transaction nonce is too distant from current sender nonce
2026.10.01-20:31:27.488 error [caliper] [ethereum-connector] 	Failed tx on registroDeBatches; calling method: registrarBatch; nonce: 0x575
2026.10.01-20:31:27.488 error [caliper] [ethereum-connector] 	Error: Returned error: Transaction nonce is too distant from current sender nonce
2026.10.01-20:31:27.512 error [caliper] [ethereum-connector] 	Failed tx on registroDeBatches; calling method: registrarBatch; nonce: 0x576
2026.10.01-20:31:27.512 error [caliper] [ethereum-connector] 	Error: Returned error: Transaction nonce is too distant from current sender nonce
2026.10.01-20:31:27.536 error [caliper] [ethereum-connector] 	Failed tx on registroDeBatches; calling method: registrarBatch; nonce: 0x577
2026.10.01-20:31:27.536 error [caliper] [ethereum-connector] 	Error: Returned error: Transaction nonce is too distant from current sender nonce
2026.10.01-20:31:27.561 error [caliper] [ethereum-connector] 	Failed tx on registroDeBatches; calling method: registrarBatch; nonce: 0x578
2026.10.01-20:31:27.561 error [caliper] [ethereum-connector] 	Error: Returned error: Transaction nonce is too distant from current sender nonce
2026.10.01-20:31:27.590 error [caliper] [ethereum-connector] 	Failed tx on registroDeBatches; calling method: registrarBatch; nonce: 0x579
2026.10.01-20:31:27.590 error [caliper] [ethereum-connector] 	Error: Returned error: Transaction nonce is too distant from current sender nonce
2026.10.01-20:31:27.611 error [caliper] [ethereum-connector] 	Failed tx on registroDeBatches; calling method: registrarBatch; nonce: 0x57a
2026.10.01-20:31:27.612 error [caliper] [ethereum-connector] 	Error: Returned error: Transaction nonce is too distant from current sender nonce
2026.10.01-20:31:27.637 error [caliper] [ethereum-connector] 	Failed tx on registroDeBatches; calling method: registrarBatch; nonce: 0x57b
2026.10.01-20:31:27.637 error [caliper] [ethereum-connector] 	Error: Returned error: Transaction nonce is too distant from current sender nonce
2026.10.01-20:31:27.662 error [caliper] [ethereum-connector] 	Failed tx on registroDeBatches; calling method: registrarBatch; nonce: 0x57c
2026.10.01-20:31:27.662 error [caliper] [ethereum-connector] 	Error: Returned error: Transaction nonce is too distant from current sender nonce
2026.10.01-20:31:27.687 error [caliper] [ethereum-connector] 	Failed tx on registroDeBatches; calling method: registrarBatch; nonce: 0x57d
2026.10.01-20:31:27.687 error [caliper] [ethereum-connector] 	Error: Returned error: Transaction nonce is too distant from current sender nonce
2026.10.01-20:31:27.713 error [caliper] [ethereum-connector] 	Failed tx on registroDeBatches; calling method: registrarBatch; nonce: 0x57e
2026.10.01-20:31:27.713 error [caliper] [ethereum-connector] 	Error: Returned error: Transaction nonce is too distant from current sender nonce
2026.10.01-20:31:27.737 error [caliper] [ethereum-connector] 	Failed tx on registroDeBatches; calling method: registrarBatch; nonce: 0x57f
2026.10.01-20:31:27.737 error [caliper] [ethereum-connector] 	Error: Returned error: Transaction nonce is too distant from current sender nonce
2026.10.01-20:31:27.762 error [caliper] [ethereum-connector] 	Failed tx on registroDeBatches; calling method: registrarBatch; nonce: 0x580
2026.10.01-20:31:27.762 error [caliper] [ethereum-connector] 	Error: Returned error: Transaction nonce is too distant from current sender nonce
2026.10.01-20:31:27.787 error [caliper] [ethereum-connector] 	Failed tx on registroDeBatches; calling method: registrarBatch; nonce: 0x581
2026.10.01-20:31:27.787 error [caliper] [ethereum-connector] 	Error: Returned error: Transaction nonce is too distant from current sender nonce
2026.10.01-20:31:27.813 error [caliper] [ethereum-connector] 	Failed tx on registroDeBatches; calling method: registrarBatch; nonce: 0x582
2026.10.01-20:31:27.813 error [caliper] [ethereum-connector] 	Error: Returned error: Transaction nonce is too distant from current sender nonce
2026.10.01-20:31:27.837 error [caliper] [ethereum-connector] 	Failed tx on registroDeBatches; calling method: registrarBatch; nonce: 0x583
2026.10.01-20:31:27.837 error [caliper] [ethereum-connector] 	Error: Returned error: Transaction nonce is too distant from current sender nonce
2026.10.01-20:31:27.860 error [caliper] [ethereum-connector] 	Failed tx on registroDeBatches; calling method: registrarBatch; nonce: 0x584
2026.10.01-20:31:27.860 error [caliper] [ethereum-connector] 	Error: Returned error: Transaction nonce is too distant from current sender nonce
2026.10.01-20:31:27.886 error [caliper] [ethereum-connector] 	Failed tx on registroDeBatches; calling method: registrarBatch; nonce: 0x585
2026.10.01-20:31:27.886 error [caliper] [ethereum-connector] 	Error: Returned error: Transaction nonce is too distant from current sender nonce
2026.10.01-20:31:27.912 error [caliper] [ethereum-connector] 	Failed tx on registroDeBatches; calling method: registrarBatch; nonce: 0x586
2026.10.01-20:31:27.912 error [caliper] [ethereum-connector] 	Error: Returned error: Transaction nonce is too distant from current sender nonce
2026.10.01-20:31:27.937 error [caliper] [ethereum-connector] 	Failed tx on registroDeBatches; calling method: registrarBatch; nonce: 0x587
2026.10.01-20:31:27.937 error [caliper] [ethereum-connector] 	Error: Returned error: Transaction nonce is too distant from current sender nonce
2026.10.01-20:31:27.962 error [caliper] [ethereum-connector] 	Failed tx on registroDeBatches; calling method: registrarBatch; nonce: 0x588
2026.10.01-20:31:27.962 error [caliper] [ethereum-connector] 	Error: Returned error: Transaction nonce is too distant from current sender nonce
2026.10.01-20:31:27.987 error [caliper] [ethereum-connector] 	Failed tx on registroDeBatches; calling method: registrarBatch; nonce: 0x589
2026.10.01-20:31:27.987 error [caliper] [ethereum-connector] 	Error: Returned error: Transaction nonce is too distant from current sender nonce
2026.10.01-20:31:28.013 error [caliper] [ethereum-connector] 	Failed tx on registroDeBatches; calling method: registrarBatch; nonce: 0x58a
2026.10.01-20:31:28.013 error [caliper] [ethereum-connector] 	Error: Returned error: Transaction nonce is too distant from current sender nonce
2026.10.01-20:31:28.037 error [caliper] [ethereum-connector] 	Failed tx on registroDeBatches; calling method: registrarBatch; nonce: 0x58b
2026.10.01-20:31:28.037 error [caliper] [ethereum-connector] 	Error: Returned error: Transaction nonce is too distant from current sender nonce
2026.10.01-20:31:28.063 error [caliper] [ethereum-connector] 	Failed tx on registroDeBatches; calling method: registrarBatch; nonce: 0x58c
2026.10.01-20:31:28.063 error [caliper] [ethereum-connector] 	Error: Returned error: Transaction nonce is too distant from current sender nonce
2026.10.01-20:31:28.110 error [caliper] [ethereum-connector] 	Failed tx on registroDeBatches; calling method: registrarBatch; nonce: 0x58d
2026.10.01-20:31:28.110 error [caliper] [ethereum-connector] 	Error: Returned error: Transaction nonce is too distant from current sender nonce
2026.10.01-20:31:28.121 error [caliper] [ethereum-connector] 	Failed tx on registroDeBatches; calling method: registrarBatch; nonce: 0x58e
2026.10.01-20:31:28.121 error [caliper] [ethereum-connector] 	Error: Returned error: Transaction nonce is too distant from current sender nonce
2026.10.01-20:31:28.138 error [caliper] [ethereum-connector] 	Failed tx on registroDeBatches; calling method: registrarBatch; nonce: 0x58f
2026.10.01-20:31:28.138 error [caliper] [ethereum-connector] 	Error: Returned error: Transaction nonce is too distant from current sender nonce
2026.10.01-20:31:28.162 error [caliper] [ethereum-connector] 	Failed tx on registroDeBatches; calling method: registrarBatch; nonce: 0x590
2026.10.01-20:31:28.162 error [caliper] [ethereum-connector] 	Error: Returned error: Transaction nonce is too distant from current sender nonce
2026.10.01-20:31:28.187 error [caliper] [ethereum-connector] 	Failed tx on registroDeBatches; calling method: registrarBatch; nonce: 0x591
2026.10.01-20:31:28.187 error [caliper] [ethereum-connector] 	Error: Returned error: Transaction nonce is too distant from current sender nonce
2026.10.01-20:31:28.211 error [caliper] [ethereum-connector] 	Failed tx on registroDeBatches; calling method: registrarBatch; nonce: 0x592
2026.10.01-20:31:28.211 error [caliper] [ethereum-connector] 	Error: Returned error: Transaction nonce is too distant from current sender nonce
2026.10.01-20:31:28.236 error [caliper] [ethereum-connector] 	Failed tx on registroDeBatches; calling method: registrarBatch; nonce: 0x593
2026.10.01-20:31:28.236 error [caliper] [ethereum-connector] 	Error: Returned error: Transaction nonce is too distant from current sender nonce
2026.10.01-20:31:28.261 error [caliper] [ethereum-connector] 	Failed tx on registroDeBatches; calling method: registrarBatch; nonce: 0x594
2026.10.01-20:31:28.261 error [caliper] [ethereum-connector] 	Error: Returned error: Transaction nonce is too distant from current sender nonce
2026.10.01-20:31:28.284 error [caliper] [ethereum-connector] 	Failed tx on registroDeBatches; calling method: registrarBatch; nonce: 0x595
2026.10.01-20:31:28.284 error [caliper] [ethereum-connector] 	Error: Returned error: Transaction nonce is too distant from current sender nonce
2026.10.01-20:31:28.310 error [caliper] [ethereum-connector] 	Failed tx on registroDeBatches; calling method: registrarBatch; nonce: 0x596
2026.10.01-20:31:28.310 error [caliper] [ethereum-connector] 	Error: Returned error: Transaction nonce is too distant from current sender nonce
2026.10.01-20:31:28.336 error [caliper] [ethereum-connector] 	Failed tx on registroDeBatches; calling method: registrarBatch; nonce: 0x597
2026.10.01-20:31:28.336 error [caliper] [ethereum-connector] 	Error: Returned error: Transaction nonce is too distant from current sender nonce
2026.10.01-20:31:28.362 error [caliper] [ethereum-connector] 	Failed tx on registroDeBatches; calling method: registrarBatch; nonce: 0x598
2026.10.01-20:31:28.362 error [caliper] [ethereum-connector] 	Error: Returned error: Transaction nonce is too distant from current sender nonce
2026.10.01-20:31:28.386 error [caliper] [ethereum-connector] 	Failed tx on registroDeBatches; calling method: registrarBatch; nonce: 0x599
2026.10.01-20:31:28.386 error [caliper] [ethereum-connector] 	Error: Returned error: Transaction nonce is too distant from current sender nonce
2026.10.01-20:31:28.412 error [caliper] [ethereum-connector] 	Failed tx on registroDeBatches; calling method: registrarBatch; nonce: 0x59a
2026.10.01-20:31:28.412 error [caliper] [ethereum-connector] 	Error: Returned error: Transaction nonce is too distant from current sender nonce
2026.10.01-20:31:28.437 error [caliper] [ethereum-connector] 	Failed tx on registroDeBatches; calling method: registrarBatch; nonce: 0x59b
2026.10.01-20:31:28.437 error [caliper] [ethereum-connector] 	Error: Returned error: Transaction nonce is too distant from current sender nonce
2026.10.01-20:31:28.461 error [caliper] [ethereum-connector] 	Failed tx on registroDeBatches; calling method: registrarBatch; nonce: 0x59c
2026.10.01-20:31:28.461 error [caliper] [ethereum-connector] 	Error: Returned error: Transaction nonce is too distant from current sender nonce
2026.10.01-20:31:28.488 error [caliper] [ethereum-connector] 	Failed tx on registroDeBatches; calling method: registrarBatch; nonce: 0x59d
2026.10.01-20:31:28.488 error [caliper] [ethereum-connector] 	Error: Returned error: Transaction nonce is too distant from current sender nonce
2026.10.01-20:31:28.514 error [caliper] [ethereum-connector] 	Failed tx on registroDeBatches; calling method: registrarBatch; nonce: 0x59e
2026.10.01-20:31:28.514 error [caliper] [ethereum-connector] 	Error: Returned error: Transaction nonce is too distant from current sender nonce
2026.10.01-20:31:28.537 error [caliper] [ethereum-connector] 	Failed tx on registroDeBatches; calling method: registrarBatch; nonce: 0x59f
2026.10.01-20:31:28.537 error [caliper] [ethereum-connector] 	Error: Returned error: Transaction nonce is too distant from current sender nonce
2026.10.01-20:31:28.562 error [caliper] [ethereum-connector] 	Failed tx on registroDeBatches; calling method: registrarBatch; nonce: 0x5a0
2026.10.01-20:31:28.562 error [caliper] [ethereum-connector] 	Error: Returned error: Transaction nonce is too distant from current sender nonce
2026.10.01-20:31:28.587 error [caliper] [ethereum-connector] 	Failed tx on registroDeBatches; calling method: registrarBatch; nonce: 0x5a1
2026.10.01-20:31:28.587 error [caliper] [ethereum-connector] 	Error: Returned error: Transaction nonce is too distant from current sender nonce
2026.10.01-20:31:28.611 error [caliper] [ethereum-connector] 	Failed tx on registroDeBatches; calling method: registrarBatch; nonce: 0x5a2
2026.10.01-20:31:28.611 error [caliper] [ethereum-connector] 	Error: Returned error: Transaction nonce is too distant from current sender nonce
2026.10.01-20:31:28.636 error [caliper] [ethereum-connector] 	Failed tx on registroDeBatches; calling method: registrarBatch; nonce: 0x5a3
2026.10.01-20:31:28.636 error [caliper] [ethereum-connector] 	Error: Returned error: Transaction nonce is too distant from current sender nonce
2026.10.01-20:31:28.662 error [caliper] [ethereum-connector] 	Failed tx on registroDeBatches; calling method: registrarBatch; nonce: 0x5a4
2026.10.01-20:31:28.662 error [caliper] [ethereum-connector] 	Error: Returned error: Transaction nonce is too distant from current sender nonce
2026.10.01-20:31:28.687 error [caliper] [ethereum-connector] 	Failed tx on registroDeBatches; calling method: registrarBatch; nonce: 0x5a5
2026.10.01-20:31:28.687 error [caliper] [ethereum-connector] 	Error: Returned error: Transaction nonce is too distant from current sender nonce
2026.10.01-20:31:28.713 error [caliper] [ethereum-connector] 	Failed tx on registroDeBatches; calling method: registrarBatch; nonce: 0x5a6
2026.10.01-20:31:28.713 error [caliper] [ethereum-connector] 	Error: Returned error: Transaction nonce is too distant from current sender nonce
2026.10.01-20:31:28.737 error [caliper] [ethereum-connector] 	Failed tx on registroDeBatches; calling method: registrarBatch; nonce: 0x5a7
2026.10.01-20:31:28.738 error [caliper] [ethereum-connector] 	Error: Returned error: Transaction nonce is too distant from current sender nonce
2026.10.01-20:31:28.762 error [caliper] [ethereum-connector] 	Failed tx on registroDeBatches; calling method: registrarBatch; nonce: 0x5a8
2026.10.01-20:31:28.762 error [caliper] [ethereum-connector] 	Error: Returned error: Transaction nonce is too distant from current sender nonce
2026.10.01-20:31:28.788 error [caliper] [ethereum-connector] 	Failed tx on registroDeBatches; calling method: registrarBatch; nonce: 0x5a9
2026.10.01-20:31:28.788 error [caliper] [ethereum-connector] 	Error: Returned error: Transaction nonce is too distant from current sender nonce
2026.10.01-20:31:28.812 error [caliper] [ethereum-connector] 	Failed tx on registroDeBatches; calling method: registrarBatch; nonce: 0x5aa
2026.10.01-20:31:28.812 error [caliper] [ethereum-connector] 	Error: Returned error: Transaction nonce is too distant from current sender nonce
2026.10.01-20:31:28.837 error [caliper] [ethereum-connector] 	Failed tx on registroDeBatches; calling method: registrarBatch; nonce: 0x5ab
2026.10.01-20:31:28.837 error [caliper] [ethereum-connector] 	Error: Returned error: Transaction nonce is too distant from current sender nonce
2026.10.01-20:31:28.861 error [caliper] [ethereum-connector] 	Failed tx on registroDeBatches; calling method: registrarBatch; nonce: 0x5ac
2026.10.01-20:31:28.861 error [caliper] [ethereum-connector] 	Error: Returned error: Transaction nonce is too distant from current sender nonce
2026.10.01-20:31:28.886 error [caliper] [ethereum-connector] 	Failed tx on registroDeBatches; calling method: registrarBatch; nonce: 0x5ad
2026.10.01-20:31:28.887 error [caliper] [ethereum-connector] 	Error: Returned error: Transaction nonce is too distant from current sender nonce
2026.10.01-20:31:28.911 error [caliper] [ethereum-connector] 	Failed tx on registroDeBatches; calling method: registrarBatch; nonce: 0x5ae
2026.10.01-20:31:28.911 error [caliper] [ethereum-connector] 	Error: Returned error: Transaction nonce is too distant from current sender nonce
2026.10.01-20:31:28.935 error [caliper] [ethereum-connector] 	Failed tx on registroDeBatches; calling method: registrarBatch; nonce: 0x5af
2026.10.01-20:31:28.935 error [caliper] [ethereum-connector] 	Error: Returned error: Transaction nonce is too distant from current sender nonce
2026.10.01-20:31:28.961 error [caliper] [ethereum-connector] 	Failed tx on registroDeBatches; calling method: registrarBatch; nonce: 0x5b0
2026.10.01-20:31:28.961 error [caliper] [ethereum-connector] 	Error: Returned error: Transaction nonce is too distant from current sender nonce
2026.10.01-20:31:28.986 error [caliper] [ethereum-connector] 	Failed tx on registroDeBatches; calling method: registrarBatch; nonce: 0x5b1
2026.10.01-20:31:28.986 error [caliper] [ethereum-connector] 	Error: Returned error: Transaction nonce is too distant from current sender nonce
2026.10.01-20:31:29.012 error [caliper] [ethereum-connector] 	Failed tx on registroDeBatches; calling method: registrarBatch; nonce: 0x5b2
2026.10.01-20:31:29.012 error [caliper] [ethereum-connector] 	Error: Returned error: Transaction nonce is too distant from current sender nonce
2026.10.01-20:31:29.037 error [caliper] [ethereum-connector] 	Failed tx on registroDeBatches; calling method: registrarBatch; nonce: 0x5b3
2026.10.01-20:31:29.037 error [caliper] [ethereum-connector] 	Error: Returned error: Transaction nonce is too distant from current sender nonce
2026.10.01-20:31:29.063 error [caliper] [ethereum-connector] 	Failed tx on registroDeBatches; calling method: registrarBatch; nonce: 0x5b4
2026.10.01-20:31:29.063 error [caliper] [ethereum-connector] 	Error: Returned error: Transaction nonce is too distant from current sender nonce
2026.10.01-20:31:29.087 error [caliper] [ethereum-connector] 	Failed tx on registroDeBatches; calling method: registrarBatch; nonce: 0x5b5
2026.10.01-20:31:29.087 error [caliper] [ethereum-connector] 	Error: Returned error: Transaction nonce is too distant from current sender nonce
2026.10.01-20:31:29.112 error [caliper] [ethereum-connector] 	Failed tx on registroDeBatches; calling method: registrarBatch; nonce: 0x5b6
2026.10.01-20:31:29.112 error [caliper] [ethereum-connector] 	Error: Returned error: Transaction nonce is too distant from current sender nonce
2026.10.01-20:31:29.137 error [caliper] [ethereum-connector] 	Failed tx on registroDeBatches; calling method: registrarBatch; nonce: 0x5b7
2026.10.01-20:31:29.137 error [caliper] [ethereum-connector] 	Error: Returned error: Transaction nonce is too distant from current sender nonce
2026.10.01-20:31:29.163 error [caliper] [ethereum-connector] 	Failed tx on registroDeBatches; calling method: registrarBatch; nonce: 0x5b8
2026.10.01-20:31:29.163 error [caliper] [ethereum-connector] 	Error: Returned error: Transaction nonce is too distant from current sender nonce
2026.10.01-20:31:29.188 error [caliper] [ethereum-connector] 	Failed tx on registroDeBatches; calling method: registrarBatch; nonce: 0x5b9
2026.10.01-20:31:29.188 error [caliper] [ethereum-connector] 	Error: Returned error: Transaction nonce is too distant from current sender nonce
2026.10.01-20:31:29.213 error [caliper] [ethereum-connector] 	Failed tx on registroDeBatches; calling method: registrarBatch; nonce: 0x5ba
2026.10.01-20:31:29.213 error [caliper] [ethereum-connector] 	Error: Returned error: Transaction nonce is too distant from current sender nonce
2026.10.01-20:31:29.237 error [caliper] [ethereum-connector] 	Failed tx on registroDeBatches; calling method: registrarBatch; nonce: 0x5bb
2026.10.01-20:31:29.237 error [caliper] [ethereum-connector] 	Error: Returned error: Transaction nonce is too distant from current sender nonce
2026.10.01-20:31:29.261 error [caliper] [ethereum-connector] 	Failed tx on registroDeBatches; calling method: registrarBatch; nonce: 0x5bc
2026.10.01-20:31:29.261 error [caliper] [ethereum-connector] 	Error: Returned error: Transaction nonce is too distant from current sender nonce
2026.10.01-20:31:29.288 error [caliper] [ethereum-connector] 	Failed tx on registroDeBatches; calling method: registrarBatch; nonce: 0x5bd
2026.10.01-20:31:29.288 error [caliper] [ethereum-connector] 	Error: Returned error: Transaction nonce is too distant from current sender nonce
2026.10.01-20:31:29.311 error [caliper] [ethereum-connector] 	Failed tx on registroDeBatches; calling method: registrarBatch; nonce: 0x5be
2026.10.01-20:31:29.311 error [caliper] [ethereum-connector] 	Error: Returned error: Transaction nonce is too distant from current sender nonce
2026.10.01-20:31:29.338 error [caliper] [ethereum-connector] 	Failed tx on registroDeBatches; calling method: registrarBatch; nonce: 0x5bf
2026.10.01-20:31:29.338 error [caliper] [ethereum-connector] 	Error: Returned error: Transaction nonce is too distant from current sender nonce
2026.10.01-20:31:29.364 error [caliper] [ethereum-connector] 	Failed tx on registroDeBatches; calling method: registrarBatch; nonce: 0x5c0
2026.10.01-20:31:29.364 error [caliper] [ethereum-connector] 	Error: Returned error: Transaction nonce is too distant from current sender nonce
2026.10.01-20:31:29.388 error [caliper] [ethereum-connector] 	Failed tx on registroDeBatches; calling method: registrarBatch; nonce: 0x5c1
2026.10.01-20:31:29.388 error [caliper] [ethereum-connector] 	Error: Returned error: Transaction nonce is too distant from current sender nonce
2026.10.01-20:31:29.414 error [caliper] [ethereum-connector] 	Failed tx on registroDeBatches; calling method: registrarBatch; nonce: 0x5c2
2026.10.01-20:31:29.414 error [caliper] [ethereum-connector] 	Error: Returned error: Transaction nonce is too distant from current sender nonce
2026.10.01-20:31:29.437 error [caliper] [ethereum-connector] 	Failed tx on registroDeBatches; calling method: registrarBatch; nonce: 0x5c3
2026.10.01-20:31:29.437 error [caliper] [ethereum-connector] 	Error: Returned error: Transaction nonce is too distant from current sender nonce
2026.10.01-20:31:29.461 error [caliper] [ethereum-connector] 	Failed tx on registroDeBatches; calling method: registrarBatch; nonce: 0x5c4
2026.10.01-20:31:29.461 error [caliper] [ethereum-connector] 	Error: Returned error: Transaction nonce is too distant from current sender nonce
2026.10.01-20:31:29.488 error [caliper] [ethereum-connector] 	Failed tx on registroDeBatches; calling method: registrarBatch; nonce: 0x5c5
2026.10.01-20:31:29.488 error [caliper] [ethereum-connector] 	Error: Returned error: Transaction nonce is too distant from current sender nonce
2026.10.01-20:31:29.512 error [caliper] [ethereum-connector] 	Failed tx on registroDeBatches; calling method: registrarBatch; nonce: 0x5c6
2026.10.01-20:31:29.512 error [caliper] [ethereum-connector] 	Error: Returned error: Transaction nonce is too distant from current sender nonce
2026.10.01-20:31:29.537 error [caliper] [ethereum-connector] 	Failed tx on registroDeBatches; calling method: registrarBatch; nonce: 0x5c7
2026.10.01-20:31:29.537 error [caliper] [ethereum-connector] 	Error: Returned error: Transaction nonce is too distant from current sender nonce
2026.10.01-20:31:29.561 error [caliper] [ethereum-connector] 	Failed tx on registroDeBatches; calling method: registrarBatch; nonce: 0x5c8
2026.10.01-20:31:29.561 error [caliper] [ethereum-connector] 	Error: Returned error: Transaction nonce is too distant from current sender nonce
2026.10.01-20:31:29.586 error [caliper] [ethereum-connector] 	Failed tx on registroDeBatches; calling method: registrarBatch; nonce: 0x5c9
2026.10.01-20:31:29.586 error [caliper] [ethereum-connector] 	Error: Returned error: Transaction nonce is too distant from current sender nonce
2026.10.01-20:31:29.613 error [caliper] [ethereum-connector] 	Failed tx on registroDeBatches; calling method: registrarBatch; nonce: 0x5ca
2026.10.01-20:31:29.613 error [caliper] [ethereum-connector] 	Error: Returned error: Transaction nonce is too distant from current sender nonce
2026.10.01-20:31:29.638 error [caliper] [ethereum-connector] 	Failed tx on registroDeBatches; calling method: registrarBatch; nonce: 0x5cb
2026.10.01-20:31:29.638 error [caliper] [ethereum-connector] 	Error: Returned error: Transaction nonce is too distant from current sender nonce
2026.10.01-20:31:29.662 error [caliper] [ethereum-connector] 	Failed tx on registroDeBatches; calling method: registrarBatch; nonce: 0x5cc
2026.10.01-20:31:29.662 error [caliper] [ethereum-connector] 	Error: Returned error: Transaction nonce is too distant from current sender nonce
2026.10.01-20:31:29.687 error [caliper] [ethereum-connector] 	Failed tx on registroDeBatches; calling method: registrarBatch; nonce: 0x5cd
2026.10.01-20:31:29.687 error [caliper] [ethereum-connector] 	Error: Returned error: Transaction nonce is too distant from current sender nonce
2026.10.01-20:31:29.712 error [caliper] [ethereum-connector] 	Failed tx on registroDeBatches; calling method: registrarBatch; nonce: 0x5ce
2026.10.01-20:31:29.712 error [caliper] [ethereum-connector] 	Error: Returned error: Transaction nonce is too distant from current sender nonce
2026.10.01-20:31:29.738 error [caliper] [ethereum-connector] 	Failed tx on registroDeBatches; calling method: registrarBatch; nonce: 0x5cf
2026.10.01-20:31:29.738 error [caliper] [ethereum-connector] 	Error: Returned error: Transaction nonce is too distant from current sender nonce
2026.10.01-20:31:29.762 error [caliper] [ethereum-connector] 	Failed tx on registroDeBatches; calling method: registrarBatch; nonce: 0x5d0
2026.10.01-20:31:29.762 error [caliper] [ethereum-connector] 	Error: Returned error: Transaction nonce is too distant from current sender nonce
2026.10.01-20:31:29.787 error [caliper] [ethereum-connector] 	Failed tx on registroDeBatches; calling method: registrarBatch; nonce: 0x5d1
2026.10.01-20:31:29.787 error [caliper] [ethereum-connector] 	Error: Returned error: Transaction nonce is too distant from current sender nonce
2026.10.01-20:31:29.811 error [caliper] [ethereum-connector] 	Failed tx on registroDeBatches; calling method: registrarBatch; nonce: 0x5d2
2026.10.01-20:31:29.811 error [caliper] [ethereum-connector] 	Error: Returned error: Transaction nonce is too distant from current sender nonce
2026.10.01-20:31:29.837 error [caliper] [ethereum-connector] 	Failed tx on registroDeBatches; calling method: registrarBatch; nonce: 0x5d3
2026.10.01-20:31:29.837 error [caliper] [ethereum-connector] 	Error: Returned error: Transaction nonce is too distant from current sender nonce
2026.10.01-20:31:29.862 error [caliper] [ethereum-connector] 	Failed tx on registroDeBatches; calling method: registrarBatch; nonce: 0x5d4
2026.10.01-20:31:29.863 error [caliper] [ethereum-connector] 	Error: Returned error: Transaction nonce is too distant from current sender nonce
2026.10.01-20:31:29.886 error [caliper] [ethereum-connector] 	Failed tx on registroDeBatches; calling method: registrarBatch; nonce: 0x5d5
2026.10.01-20:31:29.886 error [caliper] [ethereum-connector] 	Error: Returned error: Transaction nonce is too distant from current sender nonce
2026.10.01-20:31:29.912 error [caliper] [ethereum-connector] 	Failed tx on registroDeBatches; calling method: registrarBatch; nonce: 0x5d6
2026.10.01-20:31:29.912 error [caliper] [ethereum-connector] 	Error: Returned error: Transaction nonce is too distant from current sender nonce
2026.10.01-20:31:29.937 error [caliper] [ethereum-connector] 	Failed tx on registroDeBatches; calling method: registrarBatch; nonce: 0x5d7
2026.10.01-20:31:29.937 error [caliper] [ethereum-connector] 	Error: Returned error: Transaction nonce is too distant from current sender nonce
2026.10.01-20:31:29.962 error [caliper] [ethereum-connector] 	Failed tx on registroDeBatches; calling method: registrarBatch; nonce: 0x5d8
2026.10.01-20:31:29.962 error [caliper] [ethereum-connector] 	Error: Returned error: Transaction nonce is too distant from current sender nonce
2026.10.01-20:31:29.987 error [caliper] [ethereum-connector] 	Failed tx on registroDeBatches; calling method: registrarBatch; nonce: 0x5d9
2026.10.01-20:31:29.987 error [caliper] [ethereum-connector] 	Error: Returned error: Transaction nonce is too distant from current sender nonce
2026.10.01-20:31:30.014 error [caliper] [ethereum-connector] 	Failed tx on registroDeBatches; calling method: registrarBatch; nonce: 0x5da
2026.10.01-20:31:30.014 error [caliper] [ethereum-connector] 	Error: Returned error: Transaction nonce is too distant from current sender nonce
2026.10.01-20:31:30.039 error [caliper] [ethereum-connector] 	Failed tx on registroDeBatches; calling method: registrarBatch; nonce: 0x5db
2026.10.01-20:31:30.039 error [caliper] [ethereum-connector] 	Error: Returned error: Transaction nonce is too distant from current sender nonce
2026.10.01-20:31:30.067 error [caliper] [ethereum-connector] 	Failed tx on registroDeBatches; calling method: registrarBatch; nonce: 0x5dc
2026.10.01-20:31:30.067 error [caliper] [ethereum-connector] 	Error: Returned error: Transaction nonce is too distant from current sender nonce
2026.10.01-20:31:30.096 error [caliper] [ethereum-connector] 	Failed tx on registroDeBatches; calling method: registrarBatch; nonce: 0x5dd
2026.10.01-20:31:30.096 error [caliper] [ethereum-connector] 	Error: Returned error: Transaction nonce is too distant from current sender nonce
2026.10.01-20:31:30.124 error [caliper] [ethereum-connector] 	Failed tx on registroDeBatches; calling method: registrarBatch; nonce: 0x5de
2026.10.01-20:31:30.124 error [caliper] [ethereum-connector] 	Error: Returned error: Transaction nonce is too distant from current sender nonce
2026.10.01-20:31:30.129 info  [caliper] [default-observer] 	[tps-40 Round 2 Transaction Info] - Submitted: 561 Succ: 224 Fail:232 Unfinished:105
2026.10.01-20:31:30.137 error [caliper] [ethereum-connector] 	Failed tx on registroDeBatches; calling method: registrarBatch; nonce: 0x5df
2026.10.01-20:31:30.137 error [caliper] [ethereum-connector] 	Error: Returned error: Transaction nonce is too distant from current sender nonce
2026.10.01-20:31:30.161 error [caliper] [ethereum-connector] 	Failed tx on registroDeBatches; calling method: registrarBatch; nonce: 0x5e0
2026.10.01-20:31:30.161 error [caliper] [ethereum-connector] 	Error: Returned error: Transaction nonce is too distant from current sender nonce
2026.10.01-20:31:30.187 error [caliper] [ethereum-connector] 	Failed tx on registroDeBatches; calling method: registrarBatch; nonce: 0x5e1
2026.10.01-20:31:30.187 error [caliper] [ethereum-connector] 	Error: Returned error: Transaction nonce is too distant from current sender nonce
2026.10.01-20:31:30.212 error [caliper] [ethereum-connector] 	Failed tx on registroDeBatches; calling method: registrarBatch; nonce: 0x5e2
2026.10.01-20:31:30.212 error [caliper] [ethereum-connector] 	Error: Returned error: Transaction nonce is too distant from current sender nonce
2026.10.01-20:31:30.236 error [caliper] [ethereum-connector] 	Failed tx on registroDeBatches; calling method: registrarBatch; nonce: 0x5e3
2026.10.01-20:31:30.236 error [caliper] [ethereum-connector] 	Error: Returned error: Transaction nonce is too distant from current sender nonce
2026.10.01-20:31:30.260 error [caliper] [ethereum-connector] 	Failed tx on registroDeBatches; calling method: registrarBatch; nonce: 0x5e4
2026.10.01-20:31:30.260 error [caliper] [ethereum-connector] 	Error: Returned error: Transaction nonce is too distant from current sender nonce
2026.10.01-20:31:30.285 error [caliper] [ethereum-connector] 	Failed tx on registroDeBatches; calling method: registrarBatch; nonce: 0x5e5
2026.10.01-20:31:30.285 error [caliper] [ethereum-connector] 	Error: Returned error: Transaction nonce is too distant from current sender nonce
2026.10.01-20:31:30.310 error [caliper] [ethereum-connector] 	Failed tx on registroDeBatches; calling method: registrarBatch; nonce: 0x5e6
2026.10.01-20:31:30.311 error [caliper] [ethereum-connector] 	Error: Returned error: Transaction nonce is too distant from current sender nonce
2026.10.01-20:31:30.336 error [caliper] [ethereum-connector] 	Failed tx on registroDeBatches; calling method: registrarBatch; nonce: 0x5e7
2026.10.01-20:31:30.336 error [caliper] [ethereum-connector] 	Error: Returned error: Transaction nonce is too distant from current sender nonce
2026.10.01-20:31:30.361 error [caliper] [ethereum-connector] 	Failed tx on registroDeBatches; calling method: registrarBatch; nonce: 0x5e8
2026.10.01-20:31:30.361 error [caliper] [ethereum-connector] 	Error: Returned error: Transaction nonce is too distant from current sender nonce
2026.10.01-20:31:30.387 error [caliper] [ethereum-connector] 	Failed tx on registroDeBatches; calling method: registrarBatch; nonce: 0x5e9
2026.10.01-20:31:30.387 error [caliper] [ethereum-connector] 	Error: Returned error: Transaction nonce is too distant from current sender nonce
2026.10.01-20:31:30.413 error [caliper] [ethereum-connector] 	Failed tx on registroDeBatches; calling method: registrarBatch; nonce: 0x5ea
2026.10.01-20:31:30.413 error [caliper] [ethereum-connector] 	Error: Returned error: Transaction nonce is too distant from current sender nonce
2026.10.01-20:31:30.436 error [caliper] [ethereum-connector] 	Failed tx on registroDeBatches; calling method: registrarBatch; nonce: 0x5eb
2026.10.01-20:31:30.436 error [caliper] [ethereum-connector] 	Error: Returned error: Transaction nonce is too distant from current sender nonce
2026.10.01-20:31:30.462 error [caliper] [ethereum-connector] 	Failed tx on registroDeBatches; calling method: registrarBatch; nonce: 0x5ec
2026.10.01-20:31:30.462 error [caliper] [ethereum-connector] 	Error: Returned error: Transaction nonce is too distant from current sender nonce
2026.10.01-20:31:30.488 error [caliper] [ethereum-connector] 	Failed tx on registroDeBatches; calling method: registrarBatch; nonce: 0x5ed
2026.10.01-20:31:30.488 error [caliper] [ethereum-connector] 	Error: Returned error: Transaction nonce is too distant from current sender nonce
2026.10.01-20:31:30.511 error [caliper] [ethereum-connector] 	Failed tx on registroDeBatches; calling method: registrarBatch; nonce: 0x5ee
2026.10.01-20:31:30.511 error [caliper] [ethereum-connector] 	Error: Returned error: Transaction nonce is too distant from current sender nonce
2026.10.01-20:31:30.536 error [caliper] [ethereum-connector] 	Failed tx on registroDeBatches; calling method: registrarBatch; nonce: 0x5ef
2026.10.01-20:31:30.536 error [caliper] [ethereum-connector] 	Error: Returned error: Transaction nonce is too distant from current sender nonce
2026.10.01-20:31:30.563 error [caliper] [ethereum-connector] 	Failed tx on registroDeBatches; calling method: registrarBatch; nonce: 0x5f0
2026.10.01-20:31:30.563 error [caliper] [ethereum-connector] 	Error: Returned error: Transaction nonce is too distant from current sender nonce
2026.10.01-20:31:30.587 error [caliper] [ethereum-connector] 	Failed tx on registroDeBatches; calling method: registrarBatch; nonce: 0x5f1
2026.10.01-20:31:30.587 error [caliper] [ethereum-connector] 	Error: Returned error: Transaction nonce is too distant from current sender nonce
2026.10.01-20:31:30.612 error [caliper] [ethereum-connector] 	Failed tx on registroDeBatches; calling method: registrarBatch; nonce: 0x5f2
2026.10.01-20:31:30.612 error [caliper] [ethereum-connector] 	Error: Returned error: Transaction nonce is too distant from current sender nonce
2026.10.01-20:31:30.637 error [caliper] [ethereum-connector] 	Failed tx on registroDeBatches; calling method: registrarBatch; nonce: 0x5f3
2026.10.01-20:31:30.637 error [caliper] [ethereum-connector] 	Error: Returned error: Transaction nonce is too distant from current sender nonce
2026.10.01-20:31:30.661 error [caliper] [ethereum-connector] 	Failed tx on registroDeBatches; calling method: registrarBatch; nonce: 0x5f4
2026.10.01-20:31:30.662 error [caliper] [ethereum-connector] 	Error: Returned error: Transaction nonce is too distant from current sender nonce
2026.10.01-20:31:30.687 error [caliper] [ethereum-connector] 	Failed tx on registroDeBatches; calling method: registrarBatch; nonce: 0x5f5
2026.10.01-20:31:30.687 error [caliper] [ethereum-connector] 	Error: Returned error: Transaction nonce is too distant from current sender nonce
2026.10.01-20:31:30.711 error [caliper] [ethereum-connector] 	Failed tx on registroDeBatches; calling method: registrarBatch; nonce: 0x5f6
2026.10.01-20:31:30.712 error [caliper] [ethereum-connector] 	Error: Returned error: Transaction nonce is too distant from current sender nonce
2026.10.01-20:31:30.736 error [caliper] [ethereum-connector] 	Failed tx on registroDeBatches; calling method: registrarBatch; nonce: 0x5f7
2026.10.01-20:31:30.736 error [caliper] [ethereum-connector] 	Error: Returned error: Transaction nonce is too distant from current sender nonce
2026.10.01-20:31:30.763 error [caliper] [ethereum-connector] 	Failed tx on registroDeBatches; calling method: registrarBatch; nonce: 0x5f8
2026.10.01-20:31:30.763 error [caliper] [ethereum-connector] 	Error: Returned error: Transaction nonce is too distant from current sender nonce
2026.10.01-20:31:30.788 error [caliper] [ethereum-connector] 	Failed tx on registroDeBatches; calling method: registrarBatch; nonce: 0x5f9
2026.10.01-20:31:30.788 error [caliper] [ethereum-connector] 	Error: Returned error: Transaction nonce is too distant from current sender nonce
2026.10.01-20:31:30.812 error [caliper] [ethereum-connector] 	Failed tx on registroDeBatches; calling method: registrarBatch; nonce: 0x5fa
2026.10.01-20:31:30.812 error [caliper] [ethereum-connector] 	Error: Returned error: Transaction nonce is too distant from current sender nonce
2026.10.01-20:31:30.837 error [caliper] [ethereum-connector] 	Failed tx on registroDeBatches; calling method: registrarBatch; nonce: 0x5fb
2026.10.01-20:31:30.837 error [caliper] [ethereum-connector] 	Error: Returned error: Transaction nonce is too distant from current sender nonce
2026.10.01-20:31:30.864 error [caliper] [ethereum-connector] 	Failed tx on registroDeBatches; calling method: registrarBatch; nonce: 0x5fc
2026.10.01-20:31:30.864 error [caliper] [ethereum-connector] 	Error: Returned error: Transaction nonce is too distant from current sender nonce
2026.10.01-20:31:30.886 error [caliper] [ethereum-connector] 	Failed tx on registroDeBatches; calling method: registrarBatch; nonce: 0x5fd
2026.10.01-20:31:30.886 error [caliper] [ethereum-connector] 	Error: Returned error: Transaction nonce is too distant from current sender nonce
2026.10.01-20:31:30.911 error [caliper] [ethereum-connector] 	Failed tx on registroDeBatches; calling method: registrarBatch; nonce: 0x5fe
2026.10.01-20:31:30.911 error [caliper] [ethereum-connector] 	Error: Returned error: Transaction nonce is too distant from current sender nonce
2026.10.01-20:31:30.936 error [caliper] [ethereum-connector] 	Failed tx on registroDeBatches; calling method: registrarBatch; nonce: 0x5ff
2026.10.01-20:31:30.936 error [caliper] [ethereum-connector] 	Error: Returned error: Transaction nonce is too distant from current sender nonce
2026.10.01-20:31:30.961 error [caliper] [ethereum-connector] 	Failed tx on registroDeBatches; calling method: registrarBatch; nonce: 0x600
2026.10.01-20:31:30.961 error [caliper] [ethereum-connector] 	Error: Returned error: Transaction nonce is too distant from current sender nonce
2026.10.01-20:31:30.985 error [caliper] [ethereum-connector] 	Failed tx on registroDeBatches; calling method: registrarBatch; nonce: 0x601
2026.10.01-20:31:30.985 error [caliper] [ethereum-connector] 	Error: Returned error: Transaction nonce is too distant from current sender nonce
2026.10.01-20:31:31.010 error [caliper] [ethereum-connector] 	Failed tx on registroDeBatches; calling method: registrarBatch; nonce: 0x602
2026.10.01-20:31:31.010 error [caliper] [ethereum-connector] 	Error: Returned error: Transaction nonce is too distant from current sender nonce
2026.10.01-20:31:31.036 error [caliper] [ethereum-connector] 	Failed tx on registroDeBatches; calling method: registrarBatch; nonce: 0x603
2026.10.01-20:31:31.036 error [caliper] [ethereum-connector] 	Error: Returned error: Transaction nonce is too distant from current sender nonce
2026.10.01-20:31:31.061 error [caliper] [ethereum-connector] 	Failed tx on registroDeBatches; calling method: registrarBatch; nonce: 0x604
2026.10.01-20:31:31.061 error [caliper] [ethereum-connector] 	Error: Returned error: Transaction nonce is too distant from current sender nonce
2026.10.01-20:31:31.088 error [caliper] [ethereum-connector] 	Failed tx on registroDeBatches; calling method: registrarBatch; nonce: 0x605
2026.10.01-20:31:31.088 error [caliper] [ethereum-connector] 	Error: Returned error: Transaction nonce is too distant from current sender nonce
2026.10.01-20:31:31.112 error [caliper] [ethereum-connector] 	Failed tx on registroDeBatches; calling method: registrarBatch; nonce: 0x606
2026.10.01-20:31:31.112 error [caliper] [ethereum-connector] 	Error: Returned error: Transaction nonce is too distant from current sender nonce
2026.10.01-20:31:31.137 error [caliper] [ethereum-connector] 	Failed tx on registroDeBatches; calling method: registrarBatch; nonce: 0x607
2026.10.01-20:31:31.137 error [caliper] [ethereum-connector] 	Error: Returned error: Transaction nonce is too distant from current sender nonce
2026.10.01-20:31:31.163 error [caliper] [ethereum-connector] 	Failed tx on registroDeBatches; calling method: registrarBatch; nonce: 0x608
2026.10.01-20:31:31.163 error [caliper] [ethereum-connector] 	Error: Returned error: Transaction nonce is too distant from current sender nonce
2026.10.01-20:31:31.187 error [caliper] [ethereum-connector] 	Failed tx on registroDeBatches; calling method: registrarBatch; nonce: 0x609
2026.10.01-20:31:31.187 error [caliper] [ethereum-connector] 	Error: Returned error: Transaction nonce is too distant from current sender nonce
2026.10.01-20:31:31.213 error [caliper] [ethereum-connector] 	Failed tx on registroDeBatches; calling method: registrarBatch; nonce: 0x60a
2026.10.01-20:31:31.213 error [caliper] [ethereum-connector] 	Error: Returned error: Transaction nonce is too distant from current sender nonce
2026.10.01-20:31:31.237 error [caliper] [ethereum-connector] 	Failed tx on registroDeBatches; calling method: registrarBatch; nonce: 0x60b
2026.10.01-20:31:31.237 error [caliper] [ethereum-connector] 	Error: Returned error: Transaction nonce is too distant from current sender nonce
2026.10.01-20:31:31.262 error [caliper] [ethereum-connector] 	Failed tx on registroDeBatches; calling method: registrarBatch; nonce: 0x60c
2026.10.01-20:31:31.262 error [caliper] [ethereum-connector] 	Error: Returned error: Transaction nonce is too distant from current sender nonce
2026.10.01-20:31:31.287 error [caliper] [ethereum-connector] 	Failed tx on registroDeBatches; calling method: registrarBatch; nonce: 0x60d
2026.10.01-20:31:31.287 error [caliper] [ethereum-connector] 	Error: Returned error: Transaction nonce is too distant from current sender nonce
2026.10.01-20:31:31.312 error [caliper] [ethereum-connector] 	Failed tx on registroDeBatches; calling method: registrarBatch; nonce: 0x60e
2026.10.01-20:31:31.312 error [caliper] [ethereum-connector] 	Error: Returned error: Transaction nonce is too distant from current sender nonce
2026.10.01-20:31:31.337 error [caliper] [ethereum-connector] 	Failed tx on registroDeBatches; calling method: registrarBatch; nonce: 0x60f
2026.10.01-20:31:31.337 error [caliper] [ethereum-connector] 	Error: Returned error: Transaction nonce is too distant from current sender nonce
2026.10.01-20:31:31.363 error [caliper] [ethereum-connector] 	Failed tx on registroDeBatches; calling method: registrarBatch; nonce: 0x610
2026.10.01-20:31:31.363 error [caliper] [ethereum-connector] 	Error: Returned error: Transaction nonce is too distant from current sender nonce
2026.10.01-20:31:31.387 error [caliper] [ethereum-connector] 	Failed tx on registroDeBatches; calling method: registrarBatch; nonce: 0x611
2026.10.01-20:31:31.387 error [caliper] [ethereum-connector] 	Error: Returned error: Transaction nonce is too distant from current sender nonce
2026.10.01-20:31:31.411 error [caliper] [ethereum-connector] 	Failed tx on registroDeBatches; calling method: registrarBatch; nonce: 0x612
2026.10.01-20:31:31.411 error [caliper] [ethereum-connector] 	Error: Returned error: Transaction nonce is too distant from current sender nonce
2026.10.01-20:31:31.437 error [caliper] [ethereum-connector] 	Failed tx on registroDeBatches; calling method: registrarBatch; nonce: 0x613
2026.10.01-20:31:31.437 error [caliper] [ethereum-connector] 	Error: Returned error: Transaction nonce is too distant from current sender nonce
2026.10.01-20:31:31.462 error [caliper] [ethereum-connector] 	Failed tx on registroDeBatches; calling method: registrarBatch; nonce: 0x614
2026.10.01-20:31:31.462 error [caliper] [ethereum-connector] 	Error: Returned error: Transaction nonce is too distant from current sender nonce
2026.10.01-20:31:31.487 error [caliper] [ethereum-connector] 	Failed tx on registroDeBatches; calling method: registrarBatch; nonce: 0x615
2026.10.01-20:31:31.487 error [caliper] [ethereum-connector] 	Error: Returned error: Transaction nonce is too distant from current sender nonce
2026.10.01-20:31:31.511 error [caliper] [ethereum-connector] 	Failed tx on registroDeBatches; calling method: registrarBatch; nonce: 0x616
2026.10.01-20:31:31.511 error [caliper] [ethereum-connector] 	Error: Returned error: Transaction nonce is too distant from current sender nonce
2026.10.01-20:31:31.536 error [caliper] [ethereum-connector] 	Failed tx on registroDeBatches; calling method: registrarBatch; nonce: 0x617
2026.10.01-20:31:31.536 error [caliper] [ethereum-connector] 	Error: Returned error: Transaction nonce is too distant from current sender nonce
2026.10.01-20:31:31.561 error [caliper] [ethereum-connector] 	Failed tx on registroDeBatches; calling method: registrarBatch; nonce: 0x618
2026.10.01-20:31:31.561 error [caliper] [ethereum-connector] 	Error: Returned error: Transaction nonce is too distant from current sender nonce
2026.10.01-20:31:31.587 error [caliper] [ethereum-connector] 	Failed tx on registroDeBatches; calling method: registrarBatch; nonce: 0x619
2026.10.01-20:31:31.587 error [caliper] [ethereum-connector] 	Error: Returned error: Transaction nonce is too distant from current sender nonce
2026.10.01-20:31:31.611 error [caliper] [ethereum-connector] 	Failed tx on registroDeBatches; calling method: registrarBatch; nonce: 0x61a
2026.10.01-20:31:31.611 error [caliper] [ethereum-connector] 	Error: Returned error: Transaction nonce is too distant from current sender nonce
2026.10.01-20:31:31.638 error [caliper] [ethereum-connector] 	Failed tx on registroDeBatches; calling method: registrarBatch; nonce: 0x61b
2026.10.01-20:31:31.638 error [caliper] [ethereum-connector] 	Error: Returned error: Transaction nonce is too distant from current sender nonce
2026.10.01-20:31:31.662 error [caliper] [ethereum-connector] 	Failed tx on registroDeBatches; calling method: registrarBatch; nonce: 0x61c
2026.10.01-20:31:31.662 error [caliper] [ethereum-connector] 	Error: Returned error: Transaction nonce is too distant from current sender nonce
2026.10.01-20:31:31.688 error [caliper] [ethereum-connector] 	Failed tx on registroDeBatches; calling method: registrarBatch; nonce: 0x61d
2026.10.01-20:31:31.688 error [caliper] [ethereum-connector] 	Error: Returned error: Transaction nonce is too distant from current sender nonce
2026.10.01-20:31:31.713 error [caliper] [ethereum-connector] 	Failed tx on registroDeBatches; calling method: registrarBatch; nonce: 0x61e
2026.10.01-20:31:31.713 error [caliper] [ethereum-connector] 	Error: Returned error: Transaction nonce is too distant from current sender nonce
2026.10.01-20:31:31.738 error [caliper] [ethereum-connector] 	Failed tx on registroDeBatches; calling method: registrarBatch; nonce: 0x61f
2026.10.01-20:31:31.738 error [caliper] [ethereum-connector] 	Error: Returned error: Transaction nonce is too distant from current sender nonce
2026.10.01-20:31:31.762 error [caliper] [ethereum-connector] 	Failed tx on registroDeBatches; calling method: registrarBatch; nonce: 0x620
2026.10.01-20:31:31.762 error [caliper] [ethereum-connector] 	Error: Returned error: Transaction nonce is too distant from current sender nonce
2026.10.01-20:31:31.787 error [caliper] [ethereum-connector] 	Failed tx on registroDeBatches; calling method: registrarBatch; nonce: 0x621
2026.10.01-20:31:31.787 error [caliper] [ethereum-connector] 	Error: Returned error: Transaction nonce is too distant from current sender nonce
2026.10.01-20:31:31.812 error [caliper] [ethereum-connector] 	Failed tx on registroDeBatches; calling method: registrarBatch; nonce: 0x622
2026.10.01-20:31:31.812 error [caliper] [ethereum-connector] 	Error: Returned error: Transaction nonce is too distant from current sender nonce
2026.10.01-20:31:31.837 error [caliper] [ethereum-connector] 	Failed tx on registroDeBatches; calling method: registrarBatch; nonce: 0x623
2026.10.01-20:31:31.837 error [caliper] [ethereum-connector] 	Error: Returned error: Transaction nonce is too distant from current sender nonce
2026.10.01-20:31:31.861 error [caliper] [ethereum-connector] 	Failed tx on registroDeBatches; calling method: registrarBatch; nonce: 0x624
2026.10.01-20:31:31.861 error [caliper] [ethereum-connector] 	Error: Returned error: Transaction nonce is too distant from current sender nonce
2026.10.01-20:31:31.887 error [caliper] [ethereum-connector] 	Failed tx on registroDeBatches; calling method: registrarBatch; nonce: 0x625
2026.10.01-20:31:31.887 error [caliper] [ethereum-connector] 	Error: Returned error: Transaction nonce is too distant from current sender nonce
2026.10.01-20:31:31.912 error [caliper] [ethereum-connector] 	Failed tx on registroDeBatches; calling method: registrarBatch; nonce: 0x626
2026.10.01-20:31:31.912 error [caliper] [ethereum-connector] 	Error: Returned error: Transaction nonce is too distant from current sender nonce
2026.10.01-20:31:31.937 error [caliper] [ethereum-connector] 	Failed tx on registroDeBatches; calling method: registrarBatch; nonce: 0x627
2026.10.01-20:31:31.937 error [caliper] [ethereum-connector] 	Error: Returned error: Transaction nonce is too distant from current sender nonce
2026.10.01-20:31:31.962 error [caliper] [ethereum-connector] 	Failed tx on registroDeBatches; calling method: registrarBatch; nonce: 0x628
2026.10.01-20:31:31.962 error [caliper] [ethereum-connector] 	Error: Returned error: Transaction nonce is too distant from current sender nonce
2026.10.01-20:31:31.987 error [caliper] [ethereum-connector] 	Failed tx on registroDeBatches; calling method: registrarBatch; nonce: 0x629
2026.10.01-20:31:31.987 error [caliper] [ethereum-connector] 	Error: Returned error: Transaction nonce is too distant from current sender nonce
2026.10.01-20:31:32.012 error [caliper] [ethereum-connector] 	Failed tx on registroDeBatches; calling method: registrarBatch; nonce: 0x62a
2026.10.01-20:31:32.012 error [caliper] [ethereum-connector] 	Error: Returned error: Transaction nonce is too distant from current sender nonce
2026.10.01-20:31:32.038 error [caliper] [ethereum-connector] 	Failed tx on registroDeBatches; calling method: registrarBatch; nonce: 0x62b
2026.10.01-20:31:32.038 error [caliper] [ethereum-connector] 	Error: Returned error: Transaction nonce is too distant from current sender nonce
2026.10.01-20:31:32.063 error [caliper] [ethereum-connector] 	Failed tx on registroDeBatches; calling method: registrarBatch; nonce: 0x62c
2026.10.01-20:31:32.063 error [caliper] [ethereum-connector] 	Error: Returned error: Transaction nonce is too distant from current sender nonce
2026.10.01-20:31:32.089 error [caliper] [ethereum-connector] 	Failed tx on registroDeBatches; calling method: registrarBatch; nonce: 0x62d
2026.10.01-20:31:32.089 error [caliper] [ethereum-connector] 	Error: Returned error: Transaction nonce is too distant from current sender nonce
2026.10.01-20:31:32.112 error [caliper] [ethereum-connector] 	Failed tx on registroDeBatches; calling method: registrarBatch; nonce: 0x62e
2026.10.01-20:31:32.112 error [caliper] [ethereum-connector] 	Error: Returned error: Transaction nonce is too distant from current sender nonce
2026.10.01-20:31:32.136 error [caliper] [ethereum-connector] 	Failed tx on registroDeBatches; calling method: registrarBatch; nonce: 0x62f
2026.10.01-20:31:32.136 error [caliper] [ethereum-connector] 	Error: Returned error: Transaction nonce is too distant from current sender nonce
2026.10.01-20:31:32.161 error [caliper] [ethereum-connector] 	Failed tx on registroDeBatches; calling method: registrarBatch; nonce: 0x630
2026.10.01-20:31:32.161 error [caliper] [ethereum-connector] 	Error: Returned error: Transaction nonce is too distant from current sender nonce
2026.10.01-20:31:32.186 error [caliper] [ethereum-connector] 	Failed tx on registroDeBatches; calling method: registrarBatch; nonce: 0x631
2026.10.01-20:31:32.186 error [caliper] [ethereum-connector] 	Error: Returned error: Transaction nonce is too distant from current sender nonce
2026.10.01-20:31:32.211 error [caliper] [ethereum-connector] 	Failed tx on registroDeBatches; calling method: registrarBatch; nonce: 0x632
2026.10.01-20:31:32.211 error [caliper] [ethereum-connector] 	Error: Returned error: Transaction nonce is too distant from current sender nonce
2026.10.01-20:31:32.235 error [caliper] [ethereum-connector] 	Failed tx on registroDeBatches; calling method: registrarBatch; nonce: 0x633
2026.10.01-20:31:32.235 error [caliper] [ethereum-connector] 	Error: Returned error: Transaction nonce is too distant from current sender nonce
2026.10.01-20:31:32.261 error [caliper] [ethereum-connector] 	Failed tx on registroDeBatches; calling method: registrarBatch; nonce: 0x634
2026.10.01-20:31:32.261 error [caliper] [ethereum-connector] 	Error: Returned error: Transaction nonce is too distant from current sender nonce
2026.10.01-20:31:32.286 error [caliper] [ethereum-connector] 	Failed tx on registroDeBatches; calling method: registrarBatch; nonce: 0x635
2026.10.01-20:31:32.286 error [caliper] [ethereum-connector] 	Error: Returned error: Transaction nonce is too distant from current sender nonce
2026.10.01-20:31:32.312 error [caliper] [ethereum-connector] 	Failed tx on registroDeBatches; calling method: registrarBatch; nonce: 0x636
2026.10.01-20:31:32.312 error [caliper] [ethereum-connector] 	Error: Returned error: Transaction nonce is too distant from current sender nonce
2026.10.01-20:31:32.338 error [caliper] [ethereum-connector] 	Failed tx on registroDeBatches; calling method: registrarBatch; nonce: 0x637
2026.10.01-20:31:32.338 error [caliper] [ethereum-connector] 	Error: Returned error: Transaction nonce is too distant from current sender nonce
2026.10.01-20:31:32.362 error [caliper] [ethereum-connector] 	Failed tx on registroDeBatches; calling method: registrarBatch; nonce: 0x638
2026.10.01-20:31:32.362 error [caliper] [ethereum-connector] 	Error: Returned error: Transaction nonce is too distant from current sender nonce
2026.10.01-20:31:32.387 error [caliper] [ethereum-connector] 	Failed tx on registroDeBatches; calling method: registrarBatch; nonce: 0x639
2026.10.01-20:31:32.387 error [caliper] [ethereum-connector] 	Error: Returned error: Transaction nonce is too distant from current sender nonce
2026.10.01-20:31:32.411 error [caliper] [ethereum-connector] 	Failed tx on registroDeBatches; calling method: registrarBatch; nonce: 0x63a
2026.10.01-20:31:32.411 error [caliper] [ethereum-connector] 	Error: Returned error: Transaction nonce is too distant from current sender nonce
2026.10.01-20:31:32.438 error [caliper] [ethereum-connector] 	Failed tx on registroDeBatches; calling method: registrarBatch; nonce: 0x63b
2026.10.01-20:31:32.438 error [caliper] [ethereum-connector] 	Error: Returned error: Transaction nonce is too distant from current sender nonce
2026.10.01-20:31:32.463 error [caliper] [ethereum-connector] 	Failed tx on registroDeBatches; calling method: registrarBatch; nonce: 0x63c
2026.10.01-20:31:32.463 error [caliper] [ethereum-connector] 	Error: Returned error: Transaction nonce is too distant from current sender nonce
2026.10.01-20:31:32.487 error [caliper] [ethereum-connector] 	Failed tx on registroDeBatches; calling method: registrarBatch; nonce: 0x63d
2026.10.01-20:31:32.487 error [caliper] [ethereum-connector] 	Error: Returned error: Transaction nonce is too distant from current sender nonce
2026.10.01-20:31:32.512 error [caliper] [ethereum-connector] 	Failed tx on registroDeBatches; calling method: registrarBatch; nonce: 0x63e
2026.10.01-20:31:32.512 error [caliper] [ethereum-connector] 	Error: Returned error: Transaction nonce is too distant from current sender nonce
2026.10.01-20:31:32.536 error [caliper] [ethereum-connector] 	Failed tx on registroDeBatches; calling method: registrarBatch; nonce: 0x63f
2026.10.01-20:31:32.536 error [caliper] [ethereum-connector] 	Error: Returned error: Transaction nonce is too distant from current sender nonce
2026.10.01-20:31:32.562 error [caliper] [ethereum-connector] 	Failed tx on registroDeBatches; calling method: registrarBatch; nonce: 0x640
2026.10.01-20:31:32.562 error [caliper] [ethereum-connector] 	Error: Returned error: Transaction nonce is too distant from current sender nonce
2026.10.01-20:31:32.587 error [caliper] [ethereum-connector] 	Failed tx on registroDeBatches; calling method: registrarBatch; nonce: 0x641
2026.10.01-20:31:32.587 error [caliper] [ethereum-connector] 	Error: Returned error: Transaction nonce is too distant from current sender nonce
2026.10.01-20:31:32.611 error [caliper] [ethereum-connector] 	Failed tx on registroDeBatches; calling method: registrarBatch; nonce: 0x642
2026.10.01-20:31:32.611 error [caliper] [ethereum-connector] 	Error: Returned error: Transaction nonce is too distant from current sender nonce
2026.10.01-20:31:32.637 error [caliper] [ethereum-connector] 	Failed tx on registroDeBatches; calling method: registrarBatch; nonce: 0x643
2026.10.01-20:31:32.637 error [caliper] [ethereum-connector] 	Error: Returned error: Transaction nonce is too distant from current sender nonce
2026.10.01-20:31:32.661 error [caliper] [ethereum-connector] 	Failed tx on registroDeBatches; calling method: registrarBatch; nonce: 0x644
2026.10.01-20:31:32.661 error [caliper] [ethereum-connector] 	Error: Returned error: Transaction nonce is too distant from current sender nonce
2026.10.01-20:31:32.685 error [caliper] [ethereum-connector] 	Failed tx on registroDeBatches; calling method: registrarBatch; nonce: 0x645
2026.10.01-20:31:32.685 error [caliper] [ethereum-connector] 	Error: Returned error: Transaction nonce is too distant from current sender nonce
2026.10.01-20:31:32.710 error [caliper] [ethereum-connector] 	Failed tx on registroDeBatches; calling method: registrarBatch; nonce: 0x646
2026.10.01-20:31:32.710 error [caliper] [ethereum-connector] 	Error: Returned error: Transaction nonce is too distant from current sender nonce
2026.10.01-20:31:32.735 error [caliper] [ethereum-connector] 	Failed tx on registroDeBatches; calling method: registrarBatch; nonce: 0x647
2026.10.01-20:31:32.735 error [caliper] [ethereum-connector] 	Error: Returned error: Transaction nonce is too distant from current sender nonce
2026.10.01-20:31:32.761 error [caliper] [ethereum-connector] 	Failed tx on registroDeBatches; calling method: registrarBatch; nonce: 0x648
2026.10.01-20:31:32.761 error [caliper] [ethereum-connector] 	Error: Returned error: Transaction nonce is too distant from current sender nonce
2026.10.01-20:31:32.788 error [caliper] [ethereum-connector] 	Failed tx on registroDeBatches; calling method: registrarBatch; nonce: 0x649
2026.10.01-20:31:32.788 error [caliper] [ethereum-connector] 	Error: Returned error: Transaction nonce is too distant from current sender nonce
2026.10.01-20:31:32.813 error [caliper] [ethereum-connector] 	Failed tx on registroDeBatches; calling method: registrarBatch; nonce: 0x64a
2026.10.01-20:31:32.813 error [caliper] [ethereum-connector] 	Error: Returned error: Transaction nonce is too distant from current sender nonce
2026.10.01-20:31:32.837 error [caliper] [ethereum-connector] 	Failed tx on registroDeBatches; calling method: registrarBatch; nonce: 0x64b
2026.10.01-20:31:32.837 error [caliper] [ethereum-connector] 	Error: Returned error: Transaction nonce is too distant from current sender nonce
2026.10.01-20:31:32.861 error [caliper] [ethereum-connector] 	Failed tx on registroDeBatches; calling method: registrarBatch; nonce: 0x64c
2026.10.01-20:31:32.861 error [caliper] [ethereum-connector] 	Error: Returned error: Transaction nonce is too distant from current sender nonce
2026.10.01-20:31:32.886 error [caliper] [ethereum-connector] 	Failed tx on registroDeBatches; calling method: registrarBatch; nonce: 0x64d
2026.10.01-20:31:32.886 error [caliper] [ethereum-connector] 	Error: Returned error: Transaction nonce is too distant from current sender nonce
2026.10.01-20:31:32.910 error [caliper] [ethereum-connector] 	Failed tx on registroDeBatches; calling method: registrarBatch; nonce: 0x64e
2026.10.01-20:31:32.911 error [caliper] [ethereum-connector] 	Error: Returned error: Transaction nonce is too distant from current sender nonce
2026.10.01-20:31:32.936 error [caliper] [ethereum-connector] 	Failed tx on registroDeBatches; calling method: registrarBatch; nonce: 0x64f
2026.10.01-20:31:32.936 error [caliper] [ethereum-connector] 	Error: Returned error: Transaction nonce is too distant from current sender nonce
2026.10.01-20:31:32.961 error [caliper] [ethereum-connector] 	Failed tx on registroDeBatches; calling method: registrarBatch; nonce: 0x650
2026.10.01-20:31:32.961 error [caliper] [ethereum-connector] 	Error: Returned error: Transaction nonce is too distant from current sender nonce
2026.10.01-20:31:32.987 error [caliper] [ethereum-connector] 	Failed tx on registroDeBatches; calling method: registrarBatch; nonce: 0x651
2026.10.01-20:31:32.987 error [caliper] [ethereum-connector] 	Error: Returned error: Transaction nonce is too distant from current sender nonce
2026.10.01-20:31:33.012 error [caliper] [ethereum-connector] 	Failed tx on registroDeBatches; calling method: registrarBatch; nonce: 0x652
2026.10.01-20:31:33.012 error [caliper] [ethereum-connector] 	Error: Returned error: Transaction nonce is too distant from current sender nonce
2026.10.01-20:31:33.037 error [caliper] [ethereum-connector] 	Failed tx on registroDeBatches; calling method: registrarBatch; nonce: 0x653
2026.10.01-20:31:33.037 error [caliper] [ethereum-connector] 	Error: Returned error: Transaction nonce is too distant from current sender nonce
2026.10.01-20:31:33.061 error [caliper] [ethereum-connector] 	Failed tx on registroDeBatches; calling method: registrarBatch; nonce: 0x654
2026.10.01-20:31:33.061 error [caliper] [ethereum-connector] 	Error: Returned error: Transaction nonce is too distant from current sender nonce
2026.10.01-20:31:33.088 error [caliper] [ethereum-connector] 	Failed tx on registroDeBatches; calling method: registrarBatch; nonce: 0x655
2026.10.01-20:31:33.088 error [caliper] [ethereum-connector] 	Error: Returned error: Transaction nonce is too distant from current sender nonce
2026.10.01-20:31:33.112 error [caliper] [ethereum-connector] 	Failed tx on registroDeBatches; calling method: registrarBatch; nonce: 0x656
2026.10.01-20:31:33.112 error [caliper] [ethereum-connector] 	Error: Returned error: Transaction nonce is too distant from current sender nonce
2026.10.01-20:31:33.137 error [caliper] [ethereum-connector] 	Failed tx on registroDeBatches; calling method: registrarBatch; nonce: 0x657
2026.10.01-20:31:33.137 error [caliper] [ethereum-connector] 	Error: Returned error: Transaction nonce is too distant from current sender nonce
2026.10.01-20:31:33.162 error [caliper] [ethereum-connector] 	Failed tx on registroDeBatches; calling method: registrarBatch; nonce: 0x658
2026.10.01-20:31:33.162 error [caliper] [ethereum-connector] 	Error: Returned error: Transaction nonce is too distant from current sender nonce
2026.10.01-20:31:33.186 error [caliper] [ethereum-connector] 	Failed tx on registroDeBatches; calling method: registrarBatch; nonce: 0x659
2026.10.01-20:31:33.186 error [caliper] [ethereum-connector] 	Error: Returned error: Transaction nonce is too distant from current sender nonce
2026.10.01-20:31:33.212 error [caliper] [ethereum-connector] 	Failed tx on registroDeBatches; calling method: registrarBatch; nonce: 0x65a
2026.10.01-20:31:33.212 error [caliper] [ethereum-connector] 	Error: Returned error: Transaction nonce is too distant from current sender nonce
2026.10.01-20:31:33.236 error [caliper] [ethereum-connector] 	Failed tx on registroDeBatches; calling method: registrarBatch; nonce: 0x65b
2026.10.01-20:31:33.236 error [caliper] [ethereum-connector] 	Error: Returned error: Transaction nonce is too distant from current sender nonce
2026.10.01-20:31:33.260 error [caliper] [ethereum-connector] 	Failed tx on registroDeBatches; calling method: registrarBatch; nonce: 0x65c
2026.10.01-20:31:33.260 error [caliper] [ethereum-connector] 	Error: Returned error: Transaction nonce is too distant from current sender nonce
2026.10.01-20:31:33.286 error [caliper] [ethereum-connector] 	Failed tx on registroDeBatches; calling method: registrarBatch; nonce: 0x65d
2026.10.01-20:31:33.286 error [caliper] [ethereum-connector] 	Error: Returned error: Transaction nonce is too distant from current sender nonce
2026.10.01-20:31:33.313 error [caliper] [ethereum-connector] 	Failed tx on registroDeBatches; calling method: registrarBatch; nonce: 0x65e
2026.10.01-20:31:33.313 error [caliper] [ethereum-connector] 	Error: Returned error: Transaction nonce is too distant from current sender nonce
2026.10.01-20:31:33.338 error [caliper] [ethereum-connector] 	Failed tx on registroDeBatches; calling method: registrarBatch; nonce: 0x65f
2026.10.01-20:31:33.338 error [caliper] [ethereum-connector] 	Error: Returned error: Transaction nonce is too distant from current sender nonce
2026.10.01-20:31:33.362 error [caliper] [ethereum-connector] 	Failed tx on registroDeBatches; calling method: registrarBatch; nonce: 0x660
2026.10.01-20:31:33.362 error [caliper] [ethereum-connector] 	Error: Returned error: Transaction nonce is too distant from current sender nonce
2026.10.01-20:31:33.387 error [caliper] [ethereum-connector] 	Failed tx on registroDeBatches; calling method: registrarBatch; nonce: 0x661
2026.10.01-20:31:33.387 error [caliper] [ethereum-connector] 	Error: Returned error: Transaction nonce is too distant from current sender nonce
2026.10.01-20:31:33.413 error [caliper] [ethereum-connector] 	Failed tx on registroDeBatches; calling method: registrarBatch; nonce: 0x662
2026.10.01-20:31:33.413 error [caliper] [ethereum-connector] 	Error: Returned error: Transaction nonce is too distant from current sender nonce
2026.10.01-20:31:33.438 error [caliper] [ethereum-connector] 	Failed tx on registroDeBatches; calling method: registrarBatch; nonce: 0x663
2026.10.01-20:31:33.438 error [caliper] [ethereum-connector] 	Error: Returned error: Transaction nonce is too distant from current sender nonce
2026.10.01-20:31:33.462 error [caliper] [ethereum-connector] 	Failed tx on registroDeBatches; calling method: registrarBatch; nonce: 0x664
2026.10.01-20:31:33.462 error [caliper] [ethereum-connector] 	Error: Returned error: Transaction nonce is too distant from current sender nonce
2026.10.01-20:31:33.488 error [caliper] [ethereum-connector] 	Failed tx on registroDeBatches; calling method: registrarBatch; nonce: 0x665
2026.10.01-20:31:33.488 error [caliper] [ethereum-connector] 	Error: Returned error: Transaction nonce is too distant from current sender nonce
2026.10.01-20:31:33.513 error [caliper] [ethereum-connector] 	Failed tx on registroDeBatches; calling method: registrarBatch; nonce: 0x666
2026.10.01-20:31:33.513 error [caliper] [ethereum-connector] 	Error: Returned error: Transaction nonce is too distant from current sender nonce
2026.10.01-20:31:33.536 error [caliper] [ethereum-connector] 	Failed tx on registroDeBatches; calling method: registrarBatch; nonce: 0x667
2026.10.01-20:31:33.536 error [caliper] [ethereum-connector] 	Error: Returned error: Transaction nonce is too distant from current sender nonce
2026.10.01-20:31:33.562 error [caliper] [ethereum-connector] 	Failed tx on registroDeBatches; calling method: registrarBatch; nonce: 0x668
2026.10.01-20:31:33.562 error [caliper] [ethereum-connector] 	Error: Returned error: Transaction nonce is too distant from current sender nonce
2026.10.01-20:31:33.587 error [caliper] [ethereum-connector] 	Failed tx on registroDeBatches; calling method: registrarBatch; nonce: 0x669
2026.10.01-20:31:33.587 error [caliper] [ethereum-connector] 	Error: Returned error: Transaction nonce is too distant from current sender nonce
2026.10.01-20:31:33.611 error [caliper] [ethereum-connector] 	Failed tx on registroDeBatches; calling method: registrarBatch; nonce: 0x66a
2026.10.01-20:31:33.611 error [caliper] [ethereum-connector] 	Error: Returned error: Transaction nonce is too distant from current sender nonce
2026.10.01-20:31:33.637 error [caliper] [ethereum-connector] 	Failed tx on registroDeBatches; calling method: registrarBatch; nonce: 0x66b
2026.10.01-20:31:33.637 error [caliper] [ethereum-connector] 	Error: Returned error: Transaction nonce is too distant from current sender nonce
2026.10.01-20:31:33.661 error [caliper] [ethereum-connector] 	Failed tx on registroDeBatches; calling method: registrarBatch; nonce: 0x66c
2026.10.01-20:31:33.661 error [caliper] [ethereum-connector] 	Error: Returned error: Transaction nonce is too distant from current sender nonce
2026.10.01-20:31:33.688 error [caliper] [ethereum-connector] 	Failed tx on registroDeBatches; calling method: registrarBatch; nonce: 0x66d
2026.10.01-20:31:33.688 error [caliper] [ethereum-connector] 	Error: Returned error: Transaction nonce is too distant from current sender nonce
2026.10.01-20:31:33.712 error [caliper] [ethereum-connector] 	Failed tx on registroDeBatches; calling method: registrarBatch; nonce: 0x66e
2026.10.01-20:31:33.712 error [caliper] [ethereum-connector] 	Error: Returned error: Transaction nonce is too distant from current sender nonce
2026.10.01-20:31:33.737 error [caliper] [ethereum-connector] 	Failed tx on registroDeBatches; calling method: registrarBatch; nonce: 0x66f
2026.10.01-20:31:33.737 error [caliper] [ethereum-connector] 	Error: Returned error: Transaction nonce is too distant from current sender nonce
2026.10.01-20:31:33.762 error [caliper] [ethereum-connector] 	Failed tx on registroDeBatches; calling method: registrarBatch; nonce: 0x670
2026.10.01-20:31:33.762 error [caliper] [ethereum-connector] 	Error: Returned error: Transaction nonce is too distant from current sender nonce
2026.10.01-20:31:33.787 error [caliper] [ethereum-connector] 	Failed tx on registroDeBatches; calling method: registrarBatch; nonce: 0x671
2026.10.01-20:31:33.787 error [caliper] [ethereum-connector] 	Error: Returned error: Transaction nonce is too distant from current sender nonce
2026.10.01-20:31:33.812 error [caliper] [ethereum-connector] 	Failed tx on registroDeBatches; calling method: registrarBatch; nonce: 0x672
2026.10.01-20:31:33.812 error [caliper] [ethereum-connector] 	Error: Returned error: Transaction nonce is too distant from current sender nonce
2026.10.01-20:31:33.837 error [caliper] [ethereum-connector] 	Failed tx on registroDeBatches; calling method: registrarBatch; nonce: 0x673
2026.10.01-20:31:33.837 error [caliper] [ethereum-connector] 	Error: Returned error: Transaction nonce is too distant from current sender nonce
2026.10.01-20:31:33.861 error [caliper] [ethereum-connector] 	Failed tx on registroDeBatches; calling method: registrarBatch; nonce: 0x674
2026.10.01-20:31:33.861 error [caliper] [ethereum-connector] 	Error: Returned error: Transaction nonce is too distant from current sender nonce
2026.10.01-20:31:33.885 error [caliper] [ethereum-connector] 	Failed tx on registroDeBatches; calling method: registrarBatch; nonce: 0x675
2026.10.01-20:31:33.885 error [caliper] [ethereum-connector] 	Error: Returned error: Transaction nonce is too distant from current sender nonce
2026.10.01-20:31:33.910 error [caliper] [ethereum-connector] 	Failed tx on registroDeBatches; calling method: registrarBatch; nonce: 0x676
2026.10.01-20:31:33.910 error [caliper] [ethereum-connector] 	Error: Returned error: Transaction nonce is too distant from current sender nonce
2026.10.01-20:31:33.936 error [caliper] [ethereum-connector] 	Failed tx on registroDeBatches; calling method: registrarBatch; nonce: 0x677
2026.10.01-20:31:33.936 error [caliper] [ethereum-connector] 	Error: Returned error: Transaction nonce is too distant from current sender nonce
2026.10.01-20:31:33.961 error [caliper] [ethereum-connector] 	Failed tx on registroDeBatches; calling method: registrarBatch; nonce: 0x678
2026.10.01-20:31:33.961 error [caliper] [ethereum-connector] 	Error: Returned error: Transaction nonce is too distant from current sender nonce
2026.10.01-20:31:33.986 error [caliper] [ethereum-connector] 	Failed tx on registroDeBatches; calling method: registrarBatch; nonce: 0x679
2026.10.01-20:31:33.986 error [caliper] [ethereum-connector] 	Error: Returned error: Transaction nonce is too distant from current sender nonce
2026.10.01-20:31:34.013 error [caliper] [ethereum-connector] 	Failed tx on registroDeBatches; calling method: registrarBatch; nonce: 0x67a
2026.10.01-20:31:34.013 error [caliper] [ethereum-connector] 	Error: Returned error: Transaction nonce is too distant from current sender nonce
2026.10.01-20:31:34.038 error [caliper] [ethereum-connector] 	Failed tx on registroDeBatches; calling method: registrarBatch; nonce: 0x67b
2026.10.01-20:31:34.038 error [caliper] [ethereum-connector] 	Error: Returned error: Transaction nonce is too distant from current sender nonce
2026.10.01-20:31:34.063 error [caliper] [ethereum-connector] 	Failed tx on registroDeBatches; calling method: registrarBatch; nonce: 0x67c
2026.10.01-20:31:34.063 error [caliper] [ethereum-connector] 	Error: Returned error: Transaction nonce is too distant from current sender nonce
2026.10.01-20:31:34.090 error [caliper] [ethereum-connector] 	Failed tx on registroDeBatches; calling method: registrarBatch; nonce: 0x67d
2026.10.01-20:31:34.090 error [caliper] [ethereum-connector] 	Error: Returned error: Transaction nonce is too distant from current sender nonce
2026.10.01-20:31:34.111 error [caliper] [ethereum-connector] 	Failed tx on registroDeBatches; calling method: registrarBatch; nonce: 0x67e
2026.10.01-20:31:34.111 error [caliper] [ethereum-connector] 	Error: Returned error: Transaction nonce is too distant from current sender nonce
2026.10.01-20:31:34.136 error [caliper] [ethereum-connector] 	Failed tx on registroDeBatches; calling method: registrarBatch; nonce: 0x67f
2026.10.01-20:31:34.136 error [caliper] [ethereum-connector] 	Error: Returned error: Transaction nonce is too distant from current sender nonce
2026.10.01-20:31:34.161 error [caliper] [ethereum-connector] 	Failed tx on registroDeBatches; calling method: registrarBatch; nonce: 0x680
2026.10.01-20:31:34.161 error [caliper] [ethereum-connector] 	Error: Returned error: Transaction nonce is too distant from current sender nonce
2026.10.01-20:31:34.185 error [caliper] [ethereum-connector] 	Failed tx on registroDeBatches; calling method: registrarBatch; nonce: 0x681
2026.10.01-20:31:34.185 error [caliper] [ethereum-connector] 	Error: Returned error: Transaction nonce is too distant from current sender nonce
2026.10.01-20:31:34.210 error [caliper] [ethereum-connector] 	Failed tx on registroDeBatches; calling method: registrarBatch; nonce: 0x682
2026.10.01-20:31:34.210 error [caliper] [ethereum-connector] 	Error: Returned error: Transaction nonce is too distant from current sender nonce
2026.10.01-20:31:34.235 error [caliper] [ethereum-connector] 	Failed tx on registroDeBatches; calling method: registrarBatch; nonce: 0x683
2026.10.01-20:31:34.235 error [caliper] [ethereum-connector] 	Error: Returned error: Transaction nonce is too distant from current sender nonce
2026.10.01-20:31:34.261 error [caliper] [ethereum-connector] 	Failed tx on registroDeBatches; calling method: registrarBatch; nonce: 0x684
2026.10.01-20:31:34.261 error [caliper] [ethereum-connector] 	Error: Returned error: Transaction nonce is too distant from current sender nonce
2026.10.01-20:31:34.286 error [caliper] [ethereum-connector] 	Failed tx on registroDeBatches; calling method: registrarBatch; nonce: 0x685
2026.10.01-20:31:34.286 error [caliper] [ethereum-connector] 	Error: Returned error: Transaction nonce is too distant from current sender nonce
2026.10.01-20:31:34.311 error [caliper] [ethereum-connector] 	Failed tx on registroDeBatches; calling method: registrarBatch; nonce: 0x686
2026.10.01-20:31:34.311 error [caliper] [ethereum-connector] 	Error: Returned error: Transaction nonce is too distant from current sender nonce
2026.10.01-20:31:34.336 error [caliper] [ethereum-connector] 	Failed tx on registroDeBatches; calling method: registrarBatch; nonce: 0x687
2026.10.01-20:31:34.336 error [caliper] [ethereum-connector] 	Error: Returned error: Transaction nonce is too distant from current sender nonce
2026.10.01-20:31:34.363 error [caliper] [ethereum-connector] 	Failed tx on registroDeBatches; calling method: registrarBatch; nonce: 0x688
2026.10.01-20:31:34.363 error [caliper] [ethereum-connector] 	Error: Returned error: Transaction nonce is too distant from current sender nonce
2026.10.01-20:31:34.387 error [caliper] [ethereum-connector] 	Failed tx on registroDeBatches; calling method: registrarBatch; nonce: 0x689
2026.10.01-20:31:34.387 error [caliper] [ethereum-connector] 	Error: Returned error: Transaction nonce is too distant from current sender nonce
2026.10.01-20:31:34.413 error [caliper] [ethereum-connector] 	Failed tx on registroDeBatches; calling method: registrarBatch; nonce: 0x68a
2026.10.01-20:31:34.413 error [caliper] [ethereum-connector] 	Error: Returned error: Transaction nonce is too distant from current sender nonce
2026.10.01-20:31:34.437 error [caliper] [ethereum-connector] 	Failed tx on registroDeBatches; calling method: registrarBatch; nonce: 0x68b
2026.10.01-20:31:34.437 error [caliper] [ethereum-connector] 	Error: Returned error: Transaction nonce is too distant from current sender nonce
2026.10.01-20:31:34.462 error [caliper] [ethereum-connector] 	Failed tx on registroDeBatches; calling method: registrarBatch; nonce: 0x68c
2026.10.01-20:31:34.462 error [caliper] [ethereum-connector] 	Error: Returned error: Transaction nonce is too distant from current sender nonce
2026.10.01-20:31:34.488 error [caliper] [ethereum-connector] 	Failed tx on registroDeBatches; calling method: registrarBatch; nonce: 0x68d
2026.10.01-20:31:34.488 error [caliper] [ethereum-connector] 	Error: Returned error: Transaction nonce is too distant from current sender nonce
2026.10.01-20:31:34.513 error [caliper] [ethereum-connector] 	Failed tx on registroDeBatches; calling method: registrarBatch; nonce: 0x68e
2026.10.01-20:31:34.513 error [caliper] [ethereum-connector] 	Error: Returned error: Transaction nonce is too distant from current sender nonce
2026.10.01-20:31:34.537 error [caliper] [ethereum-connector] 	Failed tx on registroDeBatches; calling method: registrarBatch; nonce: 0x68f
2026.10.01-20:31:34.537 error [caliper] [ethereum-connector] 	Error: Returned error: Transaction nonce is too distant from current sender nonce
2026.10.01-20:31:34.562 error [caliper] [ethereum-connector] 	Failed tx on registroDeBatches; calling method: registrarBatch; nonce: 0x690
2026.10.01-20:31:34.562 error [caliper] [ethereum-connector] 	Error: Returned error: Transaction nonce is too distant from current sender nonce
2026.10.01-20:31:34.587 error [caliper] [ethereum-connector] 	Failed tx on registroDeBatches; calling method: registrarBatch; nonce: 0x691
2026.10.01-20:31:34.587 error [caliper] [ethereum-connector] 	Error: Returned error: Transaction nonce is too distant from current sender nonce
2026.10.01-20:31:34.611 error [caliper] [ethereum-connector] 	Failed tx on registroDeBatches; calling method: registrarBatch; nonce: 0x692
2026.10.01-20:31:34.611 error [caliper] [ethereum-connector] 	Error: Returned error: Transaction nonce is too distant from current sender nonce
2026.10.01-20:31:34.637 error [caliper] [ethereum-connector] 	Failed tx on registroDeBatches; calling method: registrarBatch; nonce: 0x693
2026.10.01-20:31:34.637 error [caliper] [ethereum-connector] 	Error: Returned error: Transaction nonce is too distant from current sender nonce
2026.10.01-20:31:34.661 error [caliper] [ethereum-connector] 	Failed tx on registroDeBatches; calling method: registrarBatch; nonce: 0x694
2026.10.01-20:31:34.661 error [caliper] [ethereum-connector] 	Error: Returned error: Transaction nonce is too distant from current sender nonce
2026.10.01-20:31:34.686 error [caliper] [ethereum-connector] 	Failed tx on registroDeBatches; calling method: registrarBatch; nonce: 0x695
2026.10.01-20:31:34.686 error [caliper] [ethereum-connector] 	Error: Returned error: Transaction nonce is too distant from current sender nonce
2026.10.01-20:31:34.713 error [caliper] [ethereum-connector] 	Failed tx on registroDeBatches; calling method: registrarBatch; nonce: 0x696
2026.10.01-20:31:34.713 error [caliper] [ethereum-connector] 	Error: Returned error: Transaction nonce is too distant from current sender nonce
2026.10.01-20:31:34.737 error [caliper] [ethereum-connector] 	Failed tx on registroDeBatches; calling method: registrarBatch; nonce: 0x697
2026.10.01-20:31:34.737 error [caliper] [ethereum-connector] 	Error: Returned error: Transaction nonce is too distant from current sender nonce
2026.10.01-20:31:34.762 error [caliper] [ethereum-connector] 	Failed tx on registroDeBatches; calling method: registrarBatch; nonce: 0x698
2026.10.01-20:31:34.762 error [caliper] [ethereum-connector] 	Error: Returned error: Transaction nonce is too distant from current sender nonce
2026.10.01-20:31:34.787 error [caliper] [ethereum-connector] 	Failed tx on registroDeBatches; calling method: registrarBatch; nonce: 0x699
2026.10.01-20:31:34.787 error [caliper] [ethereum-connector] 	Error: Returned error: Transaction nonce is too distant from current sender nonce
2026.10.01-20:31:34.813 error [caliper] [ethereum-connector] 	Failed tx on registroDeBatches; calling method: registrarBatch; nonce: 0x69a
2026.10.01-20:31:34.813 error [caliper] [ethereum-connector] 	Error: Returned error: Transaction nonce is too distant from current sender nonce
2026.10.01-20:31:34.837 error [caliper] [ethereum-connector] 	Failed tx on registroDeBatches; calling method: registrarBatch; nonce: 0x69b
2026.10.01-20:31:34.837 error [caliper] [ethereum-connector] 	Error: Returned error: Transaction nonce is too distant from current sender nonce
2026.10.01-20:31:34.863 error [caliper] [ethereum-connector] 	Failed tx on registroDeBatches; calling method: registrarBatch; nonce: 0x69c
2026.10.01-20:31:34.863 error [caliper] [ethereum-connector] 	Error: Returned error: Transaction nonce is too distant from current sender nonce
2026.10.01-20:31:34.895 error [caliper] [ethereum-connector] 	Failed tx on registroDeBatches; calling method: registrarBatch; nonce: 0x69d
2026.10.01-20:31:34.896 error [caliper] [ethereum-connector] 	Error: Returned error: Transaction nonce is too distant from current sender nonce
2026.10.01-20:31:34.912 error [caliper] [ethereum-connector] 	Failed tx on registroDeBatches; calling method: registrarBatch; nonce: 0x69e
2026.10.01-20:31:34.912 error [caliper] [ethereum-connector] 	Error: Returned error: Transaction nonce is too distant from current sender nonce
2026.10.01-20:31:34.937 error [caliper] [ethereum-connector] 	Failed tx on registroDeBatches; calling method: registrarBatch; nonce: 0x69f
2026.10.01-20:31:34.937 error [caliper] [ethereum-connector] 	Error: Returned error: Transaction nonce is too distant from current sender nonce
2026.10.01-20:31:34.961 error [caliper] [ethereum-connector] 	Failed tx on registroDeBatches; calling method: registrarBatch; nonce: 0x6a0
2026.10.01-20:31:34.961 error [caliper] [ethereum-connector] 	Error: Returned error: Transaction nonce is too distant from current sender nonce
2026.10.01-20:31:34.986 error [caliper] [ethereum-connector] 	Failed tx on registroDeBatches; calling method: registrarBatch; nonce: 0x6a1
2026.10.01-20:31:34.986 error [caliper] [ethereum-connector] 	Error: Returned error: Transaction nonce is too distant from current sender nonce
2026.10.01-20:31:35.010 error [caliper] [ethereum-connector] 	Failed tx on registroDeBatches; calling method: registrarBatch; nonce: 0x6a2
2026.10.01-20:31:35.011 error [caliper] [ethereum-connector] 	Error: Returned error: Transaction nonce is too distant from current sender nonce
2026.10.01-20:31:35.036 error [caliper] [ethereum-connector] 	Failed tx on registroDeBatches; calling method: registrarBatch; nonce: 0x6a3
2026.10.01-20:31:35.036 error [caliper] [ethereum-connector] 	Error: Returned error: Transaction nonce is too distant from current sender nonce
2026.10.01-20:31:35.063 error [caliper] [ethereum-connector] 	Failed tx on registroDeBatches; calling method: registrarBatch; nonce: 0x6a4
2026.10.01-20:31:35.063 error [caliper] [ethereum-connector] 	Error: Returned error: Transaction nonce is too distant from current sender nonce
2026.10.01-20:31:35.087 error [caliper] [ethereum-connector] 	Failed tx on registroDeBatches; calling method: registrarBatch; nonce: 0x6a5
2026.10.01-20:31:35.087 error [caliper] [ethereum-connector] 	Error: Returned error: Transaction nonce is too distant from current sender nonce
2026.10.01-20:31:35.113 error [caliper] [ethereum-connector] 	Failed tx on registroDeBatches; calling method: registrarBatch; nonce: 0x6a6
2026.10.01-20:31:35.113 error [caliper] [ethereum-connector] 	Error: Returned error: Transaction nonce is too distant from current sender nonce
2026.10.01-20:31:35.131 info  [caliper] [default-observer] 	[tps-40 Round 2 Transaction Info] - Submitted: 761 Succ: 320 Fail:432 Unfinished:9
2026.10.01-20:31:35.137 error [caliper] [ethereum-connector] 	Failed tx on registroDeBatches; calling method: registrarBatch; nonce: 0x6a7
2026.10.01-20:31:35.138 error [caliper] [ethereum-connector] 	Error: Returned error: Transaction nonce is too distant from current sender nonce
2026.10.01-20:31:35.161 error [caliper] [ethereum-connector] 	Failed tx on registroDeBatches; calling method: registrarBatch; nonce: 0x6a8
2026.10.01-20:31:35.161 error [caliper] [ethereum-connector] 	Error: Returned error: Transaction nonce is too distant from current sender nonce
2026.10.01-20:31:35.187 error [caliper] [ethereum-connector] 	Failed tx on registroDeBatches; calling method: registrarBatch; nonce: 0x6a9
2026.10.01-20:31:35.187 error [caliper] [ethereum-connector] 	Error: Returned error: Transaction nonce is too distant from current sender nonce
2026.10.01-20:31:35.213 error [caliper] [ethereum-connector] 	Failed tx on registroDeBatches; calling method: registrarBatch; nonce: 0x6aa
2026.10.01-20:31:35.213 error [caliper] [ethereum-connector] 	Error: Returned error: Transaction nonce is too distant from current sender nonce
2026.10.01-20:31:35.238 error [caliper] [ethereum-connector] 	Failed tx on registroDeBatches; calling method: registrarBatch; nonce: 0x6ab
2026.10.01-20:31:35.238 error [caliper] [ethereum-connector] 	Error: Returned error: Transaction nonce is too distant from current sender nonce
2026.10.01-20:31:35.262 error [caliper] [ethereum-connector] 	Failed tx on registroDeBatches; calling method: registrarBatch; nonce: 0x6ac
2026.10.01-20:31:35.263 error [caliper] [ethereum-connector] 	Error: Returned error: Transaction nonce is too distant from current sender nonce
2026.10.01-20:31:35.286 error [caliper] [ethereum-connector] 	Failed tx on registroDeBatches; calling method: registrarBatch; nonce: 0x6ad
2026.10.01-20:31:35.286 error [caliper] [ethereum-connector] 	Error: Returned error: Transaction nonce is too distant from current sender nonce
2026.10.01-20:31:35.311 error [caliper] [ethereum-connector] 	Failed tx on registroDeBatches; calling method: registrarBatch; nonce: 0x6ae
2026.10.01-20:31:35.311 error [caliper] [ethereum-connector] 	Error: Returned error: Transaction nonce is too distant from current sender nonce
2026.10.01-20:31:35.338 error [caliper] [ethereum-connector] 	Failed tx on registroDeBatches; calling method: registrarBatch; nonce: 0x6af
2026.10.01-20:31:35.338 error [caliper] [ethereum-connector] 	Error: Returned error: Transaction nonce is too distant from current sender nonce
2026.10.01-20:31:35.362 error [caliper] [ethereum-connector] 	Failed tx on registroDeBatches; calling method: registrarBatch; nonce: 0x6b0
2026.10.01-20:31:35.362 error [caliper] [ethereum-connector] 	Error: Returned error: Transaction nonce is too distant from current sender nonce
2026.10.01-20:31:35.388 error [caliper] [ethereum-connector] 	Failed tx on registroDeBatches; calling method: registrarBatch; nonce: 0x6b1
2026.10.01-20:31:35.388 error [caliper] [ethereum-connector] 	Error: Returned error: Transaction nonce is too distant from current sender nonce
2026.10.01-20:31:35.411 error [caliper] [ethereum-connector] 	Failed tx on registroDeBatches; calling method: registrarBatch; nonce: 0x6b2
2026.10.01-20:31:35.411 error [caliper] [ethereum-connector] 	Error: Returned error: Transaction nonce is too distant from current sender nonce
2026.10.01-20:31:35.437 error [caliper] [ethereum-connector] 	Failed tx on registroDeBatches; calling method: registrarBatch; nonce: 0x6b3
2026.10.01-20:31:35.437 error [caliper] [ethereum-connector] 	Error: Returned error: Transaction nonce is too distant from current sender nonce
2026.10.01-20:31:35.462 error [caliper] [ethereum-connector] 	Failed tx on registroDeBatches; calling method: registrarBatch; nonce: 0x6b4
2026.10.01-20:31:35.462 error [caliper] [ethereum-connector] 	Error: Returned error: Transaction nonce is too distant from current sender nonce
2026.10.01-20:31:35.487 error [caliper] [ethereum-connector] 	Failed tx on registroDeBatches; calling method: registrarBatch; nonce: 0x6b5
2026.10.01-20:31:35.487 error [caliper] [ethereum-connector] 	Error: Returned error: Transaction nonce is too distant from current sender nonce
2026.10.01-20:31:35.513 error [caliper] [ethereum-connector] 	Failed tx on registroDeBatches; calling method: registrarBatch; nonce: 0x6b6
2026.10.01-20:31:35.513 error [caliper] [ethereum-connector] 	Error: Returned error: Transaction nonce is too distant from current sender nonce
2026.10.01-20:31:35.538 error [caliper] [ethereum-connector] 	Failed tx on registroDeBatches; calling method: registrarBatch; nonce: 0x6b7
2026.10.01-20:31:35.538 error [caliper] [ethereum-connector] 	Error: Returned error: Transaction nonce is too distant from current sender nonce
2026.10.01-20:31:35.561 error [caliper] [ethereum-connector] 	Failed tx on registroDeBatches; calling method: registrarBatch; nonce: 0x6b8
2026.10.01-20:31:35.561 error [caliper] [ethereum-connector] 	Error: Returned error: Transaction nonce is too distant from current sender nonce
2026.10.01-20:31:35.587 error [caliper] [ethereum-connector] 	Failed tx on registroDeBatches; calling method: registrarBatch; nonce: 0x6b9
2026.10.01-20:31:35.587 error [caliper] [ethereum-connector] 	Error: Returned error: Transaction nonce is too distant from current sender nonce
2026.10.01-20:31:35.611 error [caliper] [ethereum-connector] 	Failed tx on registroDeBatches; calling method: registrarBatch; nonce: 0x6ba
2026.10.01-20:31:35.611 error [caliper] [ethereum-connector] 	Error: Returned error: Transaction nonce is too distant from current sender nonce
2026.10.01-20:31:35.637 error [caliper] [ethereum-connector] 	Failed tx on registroDeBatches; calling method: registrarBatch; nonce: 0x6bb
2026.10.01-20:31:35.637 error [caliper] [ethereum-connector] 	Error: Returned error: Transaction nonce is too distant from current sender nonce
2026.10.01-20:31:35.663 error [caliper] [ethereum-connector] 	Failed tx on registroDeBatches; calling method: registrarBatch; nonce: 0x6bc
2026.10.01-20:31:35.663 error [caliper] [ethereum-connector] 	Error: Returned error: Transaction nonce is too distant from current sender nonce
2026.10.01-20:31:35.687 error [caliper] [ethereum-connector] 	Failed tx on registroDeBatches; calling method: registrarBatch; nonce: 0x6bd
2026.10.01-20:31:35.687 error [caliper] [ethereum-connector] 	Error: Returned error: Transaction nonce is too distant from current sender nonce
2026.10.01-20:31:35.712 error [caliper] [ethereum-connector] 	Failed tx on registroDeBatches; calling method: registrarBatch; nonce: 0x6be
2026.10.01-20:31:35.712 error [caliper] [ethereum-connector] 	Error: Returned error: Transaction nonce is too distant from current sender nonce
2026.10.01-20:31:35.737 error [caliper] [ethereum-connector] 	Failed tx on registroDeBatches; calling method: registrarBatch; nonce: 0x6bf
2026.10.01-20:31:35.737 error [caliper] [ethereum-connector] 	Error: Returned error: Transaction nonce is too distant from current sender nonce
2026.10.01-20:31:35.762 error [caliper] [ethereum-connector] 	Failed tx on registroDeBatches; calling method: registrarBatch; nonce: 0x6c0
2026.10.01-20:31:35.762 error [caliper] [ethereum-connector] 	Error: Returned error: Transaction nonce is too distant from current sender nonce
2026.10.01-20:31:35.787 error [caliper] [ethereum-connector] 	Failed tx on registroDeBatches; calling method: registrarBatch; nonce: 0x6c1
2026.10.01-20:31:35.787 error [caliper] [ethereum-connector] 	Error: Returned error: Transaction nonce is too distant from current sender nonce
2026.10.01-20:31:35.811 error [caliper] [ethereum-connector] 	Failed tx on registroDeBatches; calling method: registrarBatch; nonce: 0x6c2
2026.10.01-20:31:35.811 error [caliper] [ethereum-connector] 	Error: Returned error: Transaction nonce is too distant from current sender nonce
2026.10.01-20:31:35.836 error [caliper] [ethereum-connector] 	Failed tx on registroDeBatches; calling method: registrarBatch; nonce: 0x6c3
2026.10.01-20:31:35.836 error [caliper] [ethereum-connector] 	Error: Returned error: Transaction nonce is too distant from current sender nonce
2026.10.01-20:31:35.861 error [caliper] [ethereum-connector] 	Failed tx on registroDeBatches; calling method: registrarBatch; nonce: 0x6c4
2026.10.01-20:31:35.861 error [caliper] [ethereum-connector] 	Error: Returned error: Transaction nonce is too distant from current sender nonce
2026.10.01-20:31:35.887 error [caliper] [ethereum-connector] 	Failed tx on registroDeBatches; calling method: registrarBatch; nonce: 0x6c5
2026.10.01-20:31:35.887 error [caliper] [ethereum-connector] 	Error: Returned error: Transaction nonce is too distant from current sender nonce
2026.10.01-20:31:35.911 error [caliper] [ethereum-connector] 	Failed tx on registroDeBatches; calling method: registrarBatch; nonce: 0x6c6
2026.10.01-20:31:35.911 error [caliper] [ethereum-connector] 	Error: Returned error: Transaction nonce is too distant from current sender nonce
2026.10.01-20:31:35.936 error [caliper] [ethereum-connector] 	Failed tx on registroDeBatches; calling method: registrarBatch; nonce: 0x6c7
2026.10.01-20:31:35.936 error [caliper] [ethereum-connector] 	Error: Returned error: Transaction nonce is too distant from current sender nonce
2026.10.01-20:31:35.961 error [caliper] [ethereum-connector] 	Failed tx on registroDeBatches; calling method: registrarBatch; nonce: 0x6c8
2026.10.01-20:31:35.961 error [caliper] [ethereum-connector] 	Error: Returned error: Transaction nonce is too distant from current sender nonce
2026.10.01-20:31:35.986 error [caliper] [ethereum-connector] 	Failed tx on registroDeBatches; calling method: registrarBatch; nonce: 0x6c9
2026.10.01-20:31:35.986 error [caliper] [ethereum-connector] 	Error: Returned error: Transaction nonce is too distant from current sender nonce
2026.10.01-20:31:36.014 error [caliper] [ethereum-connector] 	Failed tx on registroDeBatches; calling method: registrarBatch; nonce: 0x6ca
2026.10.01-20:31:36.014 error [caliper] [ethereum-connector] 	Error: Returned error: Transaction nonce is too distant from current sender nonce
2026.10.01-20:31:36.038 error [caliper] [ethereum-connector] 	Failed tx on registroDeBatches; calling method: registrarBatch; nonce: 0x6cb
2026.10.01-20:31:36.038 error [caliper] [ethereum-connector] 	Error: Returned error: Transaction nonce is too distant from current sender nonce
2026.10.01-20:31:36.066 error [caliper] [ethereum-connector] 	Failed tx on registroDeBatches; calling method: registrarBatch; nonce: 0x6cc
2026.10.01-20:31:36.066 error [caliper] [ethereum-connector] 	Error: Returned error: Transaction nonce is too distant from current sender nonce
2026.10.01-20:31:36.087 error [caliper] [ethereum-connector] 	Failed tx on registroDeBatches; calling method: registrarBatch; nonce: 0x6cd
2026.10.01-20:31:36.087 error [caliper] [ethereum-connector] 	Error: Returned error: Transaction nonce is too distant from current sender nonce
2026.10.01-20:31:36.110 error [caliper] [ethereum-connector] 	Failed tx on registroDeBatches; calling method: registrarBatch; nonce: 0x6ce
2026.10.01-20:31:36.110 error [caliper] [ethereum-connector] 	Error: Returned error: Transaction nonce is too distant from current sender nonce
2026.10.01-20:31:36.136 error [caliper] [ethereum-connector] 	Failed tx on registroDeBatches; calling method: registrarBatch; nonce: 0x6cf
2026.10.01-20:31:36.136 error [caliper] [ethereum-connector] 	Error: Returned error: Transaction nonce is too distant from current sender nonce
2026.10.01-20:31:36.160 error [caliper] [ethereum-connector] 	Failed tx on registroDeBatches; calling method: registrarBatch; nonce: 0x6d0
2026.10.01-20:31:36.160 error [caliper] [ethereum-connector] 	Error: Returned error: Transaction nonce is too distant from current sender nonce
2026.10.01-20:31:36.185 error [caliper] [ethereum-connector] 	Failed tx on registroDeBatches; calling method: registrarBatch; nonce: 0x6d1
2026.10.01-20:31:36.185 error [caliper] [ethereum-connector] 	Error: Returned error: Transaction nonce is too distant from current sender nonce
2026.10.01-20:31:36.210 error [caliper] [ethereum-connector] 	Failed tx on registroDeBatches; calling method: registrarBatch; nonce: 0x6d2
2026.10.01-20:31:36.210 error [caliper] [ethereum-connector] 	Error: Returned error: Transaction nonce is too distant from current sender nonce
2026.10.01-20:31:36.235 error [caliper] [ethereum-connector] 	Failed tx on registroDeBatches; calling method: registrarBatch; nonce: 0x6d3
2026.10.01-20:31:36.235 error [caliper] [ethereum-connector] 	Error: Returned error: Transaction nonce is too distant from current sender nonce
2026.10.01-20:31:36.261 error [caliper] [ethereum-connector] 	Failed tx on registroDeBatches; calling method: registrarBatch; nonce: 0x6d4
2026.10.01-20:31:36.261 error [caliper] [ethereum-connector] 	Error: Returned error: Transaction nonce is too distant from current sender nonce
2026.10.01-20:31:36.287 error [caliper] [ethereum-connector] 	Failed tx on registroDeBatches; calling method: registrarBatch; nonce: 0x6d5
2026.10.01-20:31:36.287 error [caliper] [ethereum-connector] 	Error: Returned error: Transaction nonce is too distant from current sender nonce
2026.10.01-20:31:36.312 error [caliper] [ethereum-connector] 	Failed tx on registroDeBatches; calling method: registrarBatch; nonce: 0x6d6
2026.10.01-20:31:36.312 error [caliper] [ethereum-connector] 	Error: Returned error: Transaction nonce is too distant from current sender nonce
2026.10.01-20:31:36.336 error [caliper] [ethereum-connector] 	Failed tx on registroDeBatches; calling method: registrarBatch; nonce: 0x6d7
2026.10.01-20:31:36.336 error [caliper] [ethereum-connector] 	Error: Returned error: Transaction nonce is too distant from current sender nonce
2026.10.01-20:31:36.363 error [caliper] [ethereum-connector] 	Failed tx on registroDeBatches; calling method: registrarBatch; nonce: 0x6d8
2026.10.01-20:31:36.363 error [caliper] [ethereum-connector] 	Error: Returned error: Transaction nonce is too distant from current sender nonce
2026.10.01-20:31:36.388 error [caliper] [ethereum-connector] 	Failed tx on registroDeBatches; calling method: registrarBatch; nonce: 0x6d9
2026.10.01-20:31:36.388 error [caliper] [ethereum-connector] 	Error: Returned error: Transaction nonce is too distant from current sender nonce
2026.10.01-20:31:36.411 error [caliper] [ethereum-connector] 	Failed tx on registroDeBatches; calling method: registrarBatch; nonce: 0x6da
2026.10.01-20:31:36.411 error [caliper] [ethereum-connector] 	Error: Returned error: Transaction nonce is too distant from current sender nonce
2026.10.01-20:31:36.437 error [caliper] [ethereum-connector] 	Failed tx on registroDeBatches; calling method: registrarBatch; nonce: 0x6db
2026.10.01-20:31:36.437 error [caliper] [ethereum-connector] 	Error: Returned error: Transaction nonce is too distant from current sender nonce
2026.10.01-20:31:36.462 error [caliper] [ethereum-connector] 	Failed tx on registroDeBatches; calling method: registrarBatch; nonce: 0x6dc
2026.10.01-20:31:36.462 error [caliper] [ethereum-connector] 	Error: Returned error: Transaction nonce is too distant from current sender nonce
2026.10.01-20:31:36.486 error [caliper] [ethereum-connector] 	Failed tx on registroDeBatches; calling method: registrarBatch; nonce: 0x6dd
2026.10.01-20:31:36.486 error [caliper] [ethereum-connector] 	Error: Returned error: Transaction nonce is too distant from current sender nonce
2026.10.01-20:31:36.513 error [caliper] [ethereum-connector] 	Failed tx on registroDeBatches; calling method: registrarBatch; nonce: 0x6de
2026.10.01-20:31:36.513 error [caliper] [ethereum-connector] 	Error: Returned error: Transaction nonce is too distant from current sender nonce
2026.10.01-20:31:36.537 error [caliper] [ethereum-connector] 	Failed tx on registroDeBatches; calling method: registrarBatch; nonce: 0x6df
2026.10.01-20:31:36.537 error [caliper] [ethereum-connector] 	Error: Returned error: Transaction nonce is too distant from current sender nonce
2026.10.01-20:31:36.562 error [caliper] [ethereum-connector] 	Failed tx on registroDeBatches; calling method: registrarBatch; nonce: 0x6e0
2026.10.01-20:31:36.562 error [caliper] [ethereum-connector] 	Error: Returned error: Transaction nonce is too distant from current sender nonce
2026.10.01-20:31:36.587 error [caliper] [ethereum-connector] 	Failed tx on registroDeBatches; calling method: registrarBatch; nonce: 0x6e1
2026.10.01-20:31:36.587 error [caliper] [ethereum-connector] 	Error: Returned error: Transaction nonce is too distant from current sender nonce
2026.10.01-20:31:36.612 error [caliper] [ethereum-connector] 	Failed tx on registroDeBatches; calling method: registrarBatch; nonce: 0x6e2
2026.10.01-20:31:36.612 error [caliper] [ethereum-connector] 	Error: Returned error: Transaction nonce is too distant from current sender nonce
2026.10.01-20:31:36.638 error [caliper] [ethereum-connector] 	Failed tx on registroDeBatches; calling method: registrarBatch; nonce: 0x6e3
2026.10.01-20:31:36.638 error [caliper] [ethereum-connector] 	Error: Returned error: Transaction nonce is too distant from current sender nonce
2026.10.01-20:31:36.664 error [caliper] [ethereum-connector] 	Failed tx on registroDeBatches; calling method: registrarBatch; nonce: 0x6e4
2026.10.01-20:31:36.664 error [caliper] [ethereum-connector] 	Error: Returned error: Transaction nonce is too distant from current sender nonce
2026.10.01-20:31:36.687 error [caliper] [ethereum-connector] 	Failed tx on registroDeBatches; calling method: registrarBatch; nonce: 0x6e5
2026.10.01-20:31:36.687 error [caliper] [ethereum-connector] 	Error: Returned error: Transaction nonce is too distant from current sender nonce
2026.10.01-20:31:36.712 error [caliper] [ethereum-connector] 	Failed tx on registroDeBatches; calling method: registrarBatch; nonce: 0x6e6
2026.10.01-20:31:36.712 error [caliper] [ethereum-connector] 	Error: Returned error: Transaction nonce is too distant from current sender nonce
2026.10.01-20:31:36.739 error [caliper] [ethereum-connector] 	Failed tx on registroDeBatches; calling method: registrarBatch; nonce: 0x6e7
2026.10.01-20:31:36.739 error [caliper] [ethereum-connector] 	Error: Returned error: Transaction nonce is too distant from current sender nonce
2026.10.01-20:31:36.762 error [caliper] [ethereum-connector] 	Failed tx on registroDeBatches; calling method: registrarBatch; nonce: 0x6e8
2026.10.01-20:31:36.762 error [caliper] [ethereum-connector] 	Error: Returned error: Transaction nonce is too distant from current sender nonce
2026.10.01-20:31:36.787 error [caliper] [ethereum-connector] 	Failed tx on registroDeBatches; calling method: registrarBatch; nonce: 0x6e9
2026.10.01-20:31:36.787 error [caliper] [ethereum-connector] 	Error: Returned error: Transaction nonce is too distant from current sender nonce
2026.10.01-20:31:36.812 error [caliper] [ethereum-connector] 	Failed tx on registroDeBatches; calling method: registrarBatch; nonce: 0x6ea
2026.10.01-20:31:36.812 error [caliper] [ethereum-connector] 	Error: Returned error: Transaction nonce is too distant from current sender nonce
2026.10.01-20:31:36.837 error [caliper] [ethereum-connector] 	Failed tx on registroDeBatches; calling method: registrarBatch; nonce: 0x6eb
2026.10.01-20:31:36.837 error [caliper] [ethereum-connector] 	Error: Returned error: Transaction nonce is too distant from current sender nonce
2026.10.01-20:31:36.861 error [caliper] [ethereum-connector] 	Failed tx on registroDeBatches; calling method: registrarBatch; nonce: 0x6ec
2026.10.01-20:31:36.861 error [caliper] [ethereum-connector] 	Error: Returned error: Transaction nonce is too distant from current sender nonce
2026.10.01-20:31:36.886 error [caliper] [ethereum-connector] 	Failed tx on registroDeBatches; calling method: registrarBatch; nonce: 0x6ed
2026.10.01-20:31:36.886 error [caliper] [ethereum-connector] 	Error: Returned error: Transaction nonce is too distant from current sender nonce
2026.10.01-20:31:36.911 error [caliper] [ethereum-connector] 	Failed tx on registroDeBatches; calling method: registrarBatch; nonce: 0x6ee
2026.10.01-20:31:36.911 error [caliper] [ethereum-connector] 	Error: Returned error: Transaction nonce is too distant from current sender nonce
2026.10.01-20:31:36.938 error [caliper] [ethereum-connector] 	Failed tx on registroDeBatches; calling method: registrarBatch; nonce: 0x6ef
2026.10.01-20:31:36.938 error [caliper] [ethereum-connector] 	Error: Returned error: Transaction nonce is too distant from current sender nonce
2026.10.01-20:31:36.961 error [caliper] [ethereum-connector] 	Failed tx on registroDeBatches; calling method: registrarBatch; nonce: 0x6f0
2026.10.01-20:31:36.961 error [caliper] [ethereum-connector] 	Error: Returned error: Transaction nonce is too distant from current sender nonce
2026.10.01-20:31:36.987 error [caliper] [ethereum-connector] 	Failed tx on registroDeBatches; calling method: registrarBatch; nonce: 0x6f1
2026.10.01-20:31:36.987 error [caliper] [ethereum-connector] 	Error: Returned error: Transaction nonce is too distant from current sender nonce
2026.10.01-20:31:37.013 error [caliper] [ethereum-connector] 	Failed tx on registroDeBatches; calling method: registrarBatch; nonce: 0x6f2
2026.10.01-20:31:37.014 error [caliper] [ethereum-connector] 	Error: Returned error: Transaction nonce is too distant from current sender nonce
2026.10.01-20:31:37.038 error [caliper] [ethereum-connector] 	Failed tx on registroDeBatches; calling method: registrarBatch; nonce: 0x6f3
2026.10.01-20:31:37.038 error [caliper] [ethereum-connector] 	Error: Returned error: Transaction nonce is too distant from current sender nonce
2026.10.01-20:31:37.062 error [caliper] [ethereum-connector] 	Failed tx on registroDeBatches; calling method: registrarBatch; nonce: 0x6f4
2026.10.01-20:31:37.062 error [caliper] [ethereum-connector] 	Error: Returned error: Transaction nonce is too distant from current sender nonce
2026.10.01-20:31:37.087 error [caliper] [ethereum-connector] 	Failed tx on registroDeBatches; calling method: registrarBatch; nonce: 0x6f5
2026.10.01-20:31:37.087 error [caliper] [ethereum-connector] 	Error: Returned error: Transaction nonce is too distant from current sender nonce
2026.10.01-20:31:37.113 error [caliper] [ethereum-connector] 	Failed tx on registroDeBatches; calling method: registrarBatch; nonce: 0x6f6
2026.10.01-20:31:37.113 error [caliper] [ethereum-connector] 	Error: Returned error: Transaction nonce is too distant from current sender nonce
2026.10.01-20:31:37.136 error [caliper] [ethereum-connector] 	Failed tx on registroDeBatches; calling method: registrarBatch; nonce: 0x6f7
2026.10.01-20:31:37.136 error [caliper] [ethereum-connector] 	Error: Returned error: Transaction nonce is too distant from current sender nonce
2026.10.01-20:31:37.162 error [caliper] [ethereum-connector] 	Failed tx on registroDeBatches; calling method: registrarBatch; nonce: 0x6f8
2026.10.01-20:31:37.162 error [caliper] [ethereum-connector] 	Error: Returned error: Transaction nonce is too distant from current sender nonce
2026.10.01-20:31:37.188 error [caliper] [ethereum-connector] 	Failed tx on registroDeBatches; calling method: registrarBatch; nonce: 0x6f9
2026.10.01-20:31:37.188 error [caliper] [ethereum-connector] 	Error: Returned error: Transaction nonce is too distant from current sender nonce
2026.10.01-20:31:37.212 error [caliper] [ethereum-connector] 	Failed tx on registroDeBatches; calling method: registrarBatch; nonce: 0x6fa
2026.10.01-20:31:37.212 error [caliper] [ethereum-connector] 	Error: Returned error: Transaction nonce is too distant from current sender nonce
2026.10.01-20:31:37.237 error [caliper] [ethereum-connector] 	Failed tx on registroDeBatches; calling method: registrarBatch; nonce: 0x6fb
2026.10.01-20:31:37.238 error [caliper] [ethereum-connector] 	Error: Returned error: Transaction nonce is too distant from current sender nonce
2026.10.01-20:31:37.263 error [caliper] [ethereum-connector] 	Failed tx on registroDeBatches; calling method: registrarBatch; nonce: 0x6fc
2026.10.01-20:31:37.263 error [caliper] [ethereum-connector] 	Error: Returned error: Transaction nonce is too distant from current sender nonce
2026.10.01-20:31:37.287 error [caliper] [ethereum-connector] 	Failed tx on registroDeBatches; calling method: registrarBatch; nonce: 0x6fd
2026.10.01-20:31:37.287 error [caliper] [ethereum-connector] 	Error: Returned error: Transaction nonce is too distant from current sender nonce
2026.10.01-20:31:37.313 error [caliper] [ethereum-connector] 	Failed tx on registroDeBatches; calling method: registrarBatch; nonce: 0x6fe
2026.10.01-20:31:37.313 error [caliper] [ethereum-connector] 	Error: Returned error: Transaction nonce is too distant from current sender nonce
2026.10.01-20:31:37.337 error [caliper] [ethereum-connector] 	Failed tx on registroDeBatches; calling method: registrarBatch; nonce: 0x6ff
2026.10.01-20:31:37.337 error [caliper] [ethereum-connector] 	Error: Returned error: Transaction nonce is too distant from current sender nonce
2026.10.01-20:31:37.362 error [caliper] [ethereum-connector] 	Failed tx on registroDeBatches; calling method: registrarBatch; nonce: 0x700
2026.10.01-20:31:37.362 error [caliper] [ethereum-connector] 	Error: Returned error: Transaction nonce is too distant from current sender nonce
2026.10.01-20:31:37.387 error [caliper] [ethereum-connector] 	Failed tx on registroDeBatches; calling method: registrarBatch; nonce: 0x701
2026.10.01-20:31:37.387 error [caliper] [ethereum-connector] 	Error: Returned error: Transaction nonce is too distant from current sender nonce
2026.10.01-20:31:37.412 error [caliper] [ethereum-connector] 	Failed tx on registroDeBatches; calling method: registrarBatch; nonce: 0x702
2026.10.01-20:31:37.412 error [caliper] [ethereum-connector] 	Error: Returned error: Transaction nonce is too distant from current sender nonce
2026.10.01-20:31:37.437 error [caliper] [ethereum-connector] 	Failed tx on registroDeBatches; calling method: registrarBatch; nonce: 0x703
2026.10.01-20:31:37.437 error [caliper] [ethereum-connector] 	Error: Returned error: Transaction nonce is too distant from current sender nonce
2026.10.01-20:31:37.462 error [caliper] [ethereum-connector] 	Failed tx on registroDeBatches; calling method: registrarBatch; nonce: 0x704
2026.10.01-20:31:37.462 error [caliper] [ethereum-connector] 	Error: Returned error: Transaction nonce is too distant from current sender nonce
2026.10.01-20:31:37.487 error [caliper] [ethereum-connector] 	Failed tx on registroDeBatches; calling method: registrarBatch; nonce: 0x705
2026.10.01-20:31:37.487 error [caliper] [ethereum-connector] 	Error: Returned error: Transaction nonce is too distant from current sender nonce
2026.10.01-20:31:37.513 error [caliper] [ethereum-connector] 	Failed tx on registroDeBatches; calling method: registrarBatch; nonce: 0x706
2026.10.01-20:31:37.513 error [caliper] [ethereum-connector] 	Error: Returned error: Transaction nonce is too distant from current sender nonce
2026.10.01-20:31:37.537 error [caliper] [ethereum-connector] 	Failed tx on registroDeBatches; calling method: registrarBatch; nonce: 0x707
2026.10.01-20:31:37.537 error [caliper] [ethereum-connector] 	Error: Returned error: Transaction nonce is too distant from current sender nonce
2026.10.01-20:31:37.561 error [caliper] [ethereum-connector] 	Failed tx on registroDeBatches; calling method: registrarBatch; nonce: 0x708
2026.10.01-20:31:37.561 error [caliper] [ethereum-connector] 	Error: Returned error: Transaction nonce is too distant from current sender nonce
2026.10.01-20:31:37.587 error [caliper] [ethereum-connector] 	Failed tx on registroDeBatches; calling method: registrarBatch; nonce: 0x709
2026.10.01-20:31:37.587 error [caliper] [ethereum-connector] 	Error: Returned error: Transaction nonce is too distant from current sender nonce
2026.10.01-20:31:37.613 error [caliper] [ethereum-connector] 	Failed tx on registroDeBatches; calling method: registrarBatch; nonce: 0x70a
2026.10.01-20:31:37.613 error [caliper] [ethereum-connector] 	Error: Returned error: Transaction nonce is too distant from current sender nonce
2026.10.01-20:31:37.637 error [caliper] [ethereum-connector] 	Failed tx on registroDeBatches; calling method: registrarBatch; nonce: 0x70b
2026.10.01-20:31:37.637 error [caliper] [ethereum-connector] 	Error: Returned error: Transaction nonce is too distant from current sender nonce
2026.10.01-20:31:37.662 error [caliper] [ethereum-connector] 	Failed tx on registroDeBatches; calling method: registrarBatch; nonce: 0x70c
2026.10.01-20:31:37.662 error [caliper] [ethereum-connector] 	Error: Returned error: Transaction nonce is too distant from current sender nonce
2026.10.01-20:31:37.687 error [caliper] [ethereum-connector] 	Failed tx on registroDeBatches; calling method: registrarBatch; nonce: 0x70d
2026.10.01-20:31:37.687 error [caliper] [ethereum-connector] 	Error: Returned error: Transaction nonce is too distant from current sender nonce
2026.10.01-20:31:37.711 error [caliper] [ethereum-connector] 	Failed tx on registroDeBatches; calling method: registrarBatch; nonce: 0x70e
2026.10.01-20:31:37.711 error [caliper] [ethereum-connector] 	Error: Returned error: Transaction nonce is too distant from current sender nonce
2026.10.01-20:31:37.738 error [caliper] [ethereum-connector] 	Failed tx on registroDeBatches; calling method: registrarBatch; nonce: 0x70f
2026.10.01-20:31:37.738 error [caliper] [ethereum-connector] 	Error: Returned error: Transaction nonce is too distant from current sender nonce
2026.10.01-20:31:37.762 error [caliper] [ethereum-connector] 	Failed tx on registroDeBatches; calling method: registrarBatch; nonce: 0x710
2026.10.01-20:31:37.762 error [caliper] [ethereum-connector] 	Error: Returned error: Transaction nonce is too distant from current sender nonce
2026.10.01-20:31:37.786 error [caliper] [ethereum-connector] 	Failed tx on registroDeBatches; calling method: registrarBatch; nonce: 0x711
2026.10.01-20:31:37.786 error [caliper] [ethereum-connector] 	Error: Returned error: Transaction nonce is too distant from current sender nonce
2026.10.01-20:31:37.812 error [caliper] [ethereum-connector] 	Failed tx on registroDeBatches; calling method: registrarBatch; nonce: 0x712
2026.10.01-20:31:37.812 error [caliper] [ethereum-connector] 	Error: Returned error: Transaction nonce is too distant from current sender nonce
2026.10.01-20:31:37.837 error [caliper] [ethereum-connector] 	Failed tx on registroDeBatches; calling method: registrarBatch; nonce: 0x713
2026.10.01-20:31:37.837 error [caliper] [ethereum-connector] 	Error: Returned error: Transaction nonce is too distant from current sender nonce
2026.10.01-20:31:37.861 error [caliper] [ethereum-connector] 	Failed tx on registroDeBatches; calling method: registrarBatch; nonce: 0x714
2026.10.01-20:31:37.861 error [caliper] [ethereum-connector] 	Error: Returned error: Transaction nonce is too distant from current sender nonce
2026.10.01-20:31:37.887 error [caliper] [ethereum-connector] 	Failed tx on registroDeBatches; calling method: registrarBatch; nonce: 0x715
2026.10.01-20:31:37.887 error [caliper] [ethereum-connector] 	Error: Returned error: Transaction nonce is too distant from current sender nonce
2026.10.01-20:31:37.912 error [caliper] [ethereum-connector] 	Failed tx on registroDeBatches; calling method: registrarBatch; nonce: 0x716
2026.10.01-20:31:37.912 error [caliper] [ethereum-connector] 	Error: Returned error: Transaction nonce is too distant from current sender nonce
2026.10.01-20:31:37.937 error [caliper] [ethereum-connector] 	Failed tx on registroDeBatches; calling method: registrarBatch; nonce: 0x717
2026.10.01-20:31:37.937 error [caliper] [ethereum-connector] 	Error: Returned error: Transaction nonce is too distant from current sender nonce
2026.10.01-20:31:37.962 error [caliper] [ethereum-connector] 	Failed tx on registroDeBatches; calling method: registrarBatch; nonce: 0x718
2026.10.01-20:31:37.962 error [caliper] [ethereum-connector] 	Error: Returned error: Transaction nonce is too distant from current sender nonce
2026.10.01-20:31:37.987 error [caliper] [ethereum-connector] 	Failed tx on registroDeBatches; calling method: registrarBatch; nonce: 0x719
2026.10.01-20:31:37.987 error [caliper] [ethereum-connector] 	Error: Returned error: Transaction nonce is too distant from current sender nonce
2026.10.01-20:31:38.014 error [caliper] [ethereum-connector] 	Failed tx on registroDeBatches; calling method: registrarBatch; nonce: 0x71a
2026.10.01-20:31:38.014 error [caliper] [ethereum-connector] 	Error: Returned error: Transaction nonce is too distant from current sender nonce
2026.10.01-20:31:38.035 error [caliper] [ethereum-connector] 	Failed tx on registroDeBatches; calling method: registrarBatch; nonce: 0x71b
2026.10.01-20:31:38.035 error [caliper] [ethereum-connector] 	Error: Returned error: Transaction nonce is too distant from current sender nonce
2026.10.01-20:31:38.059 error [caliper] [ethereum-connector] 	Failed tx on registroDeBatches; calling method: registrarBatch; nonce: 0x71c
2026.10.01-20:31:38.059 error [caliper] [ethereum-connector] 	Error: Returned error: Transaction nonce is too distant from current sender nonce
2026.10.01-20:31:38.086 error [caliper] [ethereum-connector] 	Failed tx on registroDeBatches; calling method: registrarBatch; nonce: 0x71d
2026.10.01-20:31:38.086 error [caliper] [ethereum-connector] 	Error: Returned error: Transaction nonce is too distant from current sender nonce
2026.10.01-20:31:38.112 error [caliper] [ethereum-connector] 	Failed tx on registroDeBatches; calling method: registrarBatch; nonce: 0x71e
2026.10.01-20:31:38.112 error [caliper] [ethereum-connector] 	Error: Returned error: Transaction nonce is too distant from current sender nonce
2026.10.01-20:31:38.136 error [caliper] [ethereum-connector] 	Failed tx on registroDeBatches; calling method: registrarBatch; nonce: 0x71f
2026.10.01-20:31:38.136 error [caliper] [ethereum-connector] 	Error: Returned error: Transaction nonce is too distant from current sender nonce
2026.10.01-20:31:38.161 error [caliper] [ethereum-connector] 	Failed tx on registroDeBatches; calling method: registrarBatch; nonce: 0x720
2026.10.01-20:31:38.161 error [caliper] [ethereum-connector] 	Error: Returned error: Transaction nonce is too distant from current sender nonce
2026.10.01-20:31:38.188 error [caliper] [ethereum-connector] 	Failed tx on registroDeBatches; calling method: registrarBatch; nonce: 0x721
2026.10.01-20:31:38.188 error [caliper] [ethereum-connector] 	Error: Returned error: Transaction nonce is too distant from current sender nonce
2026.10.01-20:31:38.212 error [caliper] [ethereum-connector] 	Failed tx on registroDeBatches; calling method: registrarBatch; nonce: 0x722
2026.10.01-20:31:38.212 error [caliper] [ethereum-connector] 	Error: Returned error: Transaction nonce is too distant from current sender nonce
2026.10.01-20:31:38.236 error [caliper] [ethereum-connector] 	Failed tx on registroDeBatches; calling method: registrarBatch; nonce: 0x723
2026.10.01-20:31:38.236 error [caliper] [ethereum-connector] 	Error: Returned error: Transaction nonce is too distant from current sender nonce
2026.10.01-20:31:38.262 error [caliper] [ethereum-connector] 	Failed tx on registroDeBatches; calling method: registrarBatch; nonce: 0x724
2026.10.01-20:31:38.262 error [caliper] [ethereum-connector] 	Error: Returned error: Transaction nonce is too distant from current sender nonce
2026.10.01-20:31:38.288 error [caliper] [ethereum-connector] 	Failed tx on registroDeBatches; calling method: registrarBatch; nonce: 0x725
2026.10.01-20:31:38.288 error [caliper] [ethereum-connector] 	Error: Returned error: Transaction nonce is too distant from current sender nonce
2026.10.01-20:31:38.311 error [caliper] [ethereum-connector] 	Failed tx on registroDeBatches; calling method: registrarBatch; nonce: 0x726
2026.10.01-20:31:38.311 error [caliper] [ethereum-connector] 	Error: Returned error: Transaction nonce is too distant from current sender nonce
2026.10.01-20:31:38.338 error [caliper] [ethereum-connector] 	Failed tx on registroDeBatches; calling method: registrarBatch; nonce: 0x727
2026.10.01-20:31:38.338 error [caliper] [ethereum-connector] 	Error: Returned error: Transaction nonce is too distant from current sender nonce
2026.10.01-20:31:38.362 error [caliper] [ethereum-connector] 	Failed tx on registroDeBatches; calling method: registrarBatch; nonce: 0x728
2026.10.01-20:31:38.362 error [caliper] [ethereum-connector] 	Error: Returned error: Transaction nonce is too distant from current sender nonce
2026.10.01-20:31:38.385 error [caliper] [ethereum-connector] 	Failed tx on registroDeBatches; calling method: registrarBatch; nonce: 0x729
2026.10.01-20:31:38.385 error [caliper] [ethereum-connector] 	Error: Returned error: Transaction nonce is too distant from current sender nonce
2026.10.01-20:31:38.412 error [caliper] [ethereum-connector] 	Failed tx on registroDeBatches; calling method: registrarBatch; nonce: 0x72a
2026.10.01-20:31:38.412 error [caliper] [ethereum-connector] 	Error: Returned error: Transaction nonce is too distant from current sender nonce
2026.10.01-20:31:38.438 error [caliper] [ethereum-connector] 	Failed tx on registroDeBatches; calling method: registrarBatch; nonce: 0x72b
2026.10.01-20:31:38.438 error [caliper] [ethereum-connector] 	Error: Returned error: Transaction nonce is too distant from current sender nonce
2026.10.01-20:31:38.462 error [caliper] [ethereum-connector] 	Failed tx on registroDeBatches; calling method: registrarBatch; nonce: 0x72c
2026.10.01-20:31:38.462 error [caliper] [ethereum-connector] 	Error: Returned error: Transaction nonce is too distant from current sender nonce
2026.10.01-20:31:38.486 error [caliper] [ethereum-connector] 	Failed tx on registroDeBatches; calling method: registrarBatch; nonce: 0x72d
2026.10.01-20:31:38.486 error [caliper] [ethereum-connector] 	Error: Returned error: Transaction nonce is too distant from current sender nonce
2026.10.01-20:31:38.511 error [caliper] [ethereum-connector] 	Failed tx on registroDeBatches; calling method: registrarBatch; nonce: 0x72e
2026.10.01-20:31:38.511 error [caliper] [ethereum-connector] 	Error: Returned error: Transaction nonce is too distant from current sender nonce
2026.10.01-20:31:38.538 error [caliper] [ethereum-connector] 	Failed tx on registroDeBatches; calling method: registrarBatch; nonce: 0x72f
2026.10.01-20:31:38.538 error [caliper] [ethereum-connector] 	Error: Returned error: Transaction nonce is too distant from current sender nonce
2026.10.01-20:31:38.563 error [caliper] [ethereum-connector] 	Failed tx on registroDeBatches; calling method: registrarBatch; nonce: 0x730
2026.10.01-20:31:38.563 error [caliper] [ethereum-connector] 	Error: Returned error: Transaction nonce is too distant from current sender nonce
2026.10.01-20:31:38.587 error [caliper] [ethereum-connector] 	Failed tx on registroDeBatches; calling method: registrarBatch; nonce: 0x731
2026.10.01-20:31:38.587 error [caliper] [ethereum-connector] 	Error: Returned error: Transaction nonce is too distant from current sender nonce
2026.10.01-20:31:38.613 error [caliper] [ethereum-connector] 	Failed tx on registroDeBatches; calling method: registrarBatch; nonce: 0x732
2026.10.01-20:31:38.613 error [caliper] [ethereum-connector] 	Error: Returned error: Transaction nonce is too distant from current sender nonce
2026.10.01-20:31:38.637 error [caliper] [ethereum-connector] 	Failed tx on registroDeBatches; calling method: registrarBatch; nonce: 0x733
2026.10.01-20:31:38.637 error [caliper] [ethereum-connector] 	Error: Returned error: Transaction nonce is too distant from current sender nonce
2026.10.01-20:31:38.662 error [caliper] [ethereum-connector] 	Failed tx on registroDeBatches; calling method: registrarBatch; nonce: 0x734
2026.10.01-20:31:38.662 error [caliper] [ethereum-connector] 	Error: Returned error: Transaction nonce is too distant from current sender nonce
2026.10.01-20:31:38.687 error [caliper] [ethereum-connector] 	Failed tx on registroDeBatches; calling method: registrarBatch; nonce: 0x735
2026.10.01-20:31:38.687 error [caliper] [ethereum-connector] 	Error: Returned error: Transaction nonce is too distant from current sender nonce
2026.10.01-20:31:38.711 error [caliper] [ethereum-connector] 	Failed tx on registroDeBatches; calling method: registrarBatch; nonce: 0x736
2026.10.01-20:31:38.712 error [caliper] [ethereum-connector] 	Error: Returned error: Transaction nonce is too distant from current sender nonce
2026.10.01-20:31:38.737 error [caliper] [ethereum-connector] 	Failed tx on registroDeBatches; calling method: registrarBatch; nonce: 0x737
2026.10.01-20:31:38.737 error [caliper] [ethereum-connector] 	Error: Returned error: Transaction nonce is too distant from current sender nonce
2026.10.01-20:31:38.762 error [caliper] [ethereum-connector] 	Failed tx on registroDeBatches; calling method: registrarBatch; nonce: 0x738
2026.10.01-20:31:38.762 error [caliper] [ethereum-connector] 	Error: Returned error: Transaction nonce is too distant from current sender nonce
2026.10.01-20:31:38.787 error [caliper] [ethereum-connector] 	Failed tx on registroDeBatches; calling method: registrarBatch; nonce: 0x739
2026.10.01-20:31:38.787 error [caliper] [ethereum-connector] 	Error: Returned error: Transaction nonce is too distant from current sender nonce
2026.10.01-20:31:38.812 error [caliper] [ethereum-connector] 	Failed tx on registroDeBatches; calling method: registrarBatch; nonce: 0x73a
2026.10.01-20:31:38.812 error [caliper] [ethereum-connector] 	Error: Returned error: Transaction nonce is too distant from current sender nonce
2026.10.01-20:31:38.837 error [caliper] [ethereum-connector] 	Failed tx on registroDeBatches; calling method: registrarBatch; nonce: 0x73b
2026.10.01-20:31:38.838 error [caliper] [ethereum-connector] 	Error: Returned error: Transaction nonce is too distant from current sender nonce
2026.10.01-20:31:38.862 error [caliper] [ethereum-connector] 	Failed tx on registroDeBatches; calling method: registrarBatch; nonce: 0x73c
2026.10.01-20:31:38.862 error [caliper] [ethereum-connector] 	Error: Returned error: Transaction nonce is too distant from current sender nonce
2026.10.01-20:31:38.889 error [caliper] [ethereum-connector] 	Failed tx on registroDeBatches; calling method: registrarBatch; nonce: 0x73d
2026.10.01-20:31:38.890 error [caliper] [ethereum-connector] 	Error: Returned error: Transaction nonce is too distant from current sender nonce
2026.10.01-20:31:38.910 error [caliper] [ethereum-connector] 	Failed tx on registroDeBatches; calling method: registrarBatch; nonce: 0x73e
2026.10.01-20:31:38.910 error [caliper] [ethereum-connector] 	Error: Returned error: Transaction nonce is too distant from current sender nonce
2026.10.01-20:31:38.935 error [caliper] [ethereum-connector] 	Failed tx on registroDeBatches; calling method: registrarBatch; nonce: 0x73f
2026.10.01-20:31:38.935 error [caliper] [ethereum-connector] 	Error: Returned error: Transaction nonce is too distant from current sender nonce
2026.10.01-20:31:38.961 error [caliper] [ethereum-connector] 	Failed tx on registroDeBatches; calling method: registrarBatch; nonce: 0x740
2026.10.01-20:31:38.961 error [caliper] [ethereum-connector] 	Error: Returned error: Transaction nonce is too distant from current sender nonce
2026.10.01-20:31:38.985 error [caliper] [ethereum-connector] 	Failed tx on registroDeBatches; calling method: registrarBatch; nonce: 0x741
2026.10.01-20:31:38.985 error [caliper] [ethereum-connector] 	Error: Returned error: Transaction nonce is too distant from current sender nonce
2026.10.01-20:31:39.012 error [caliper] [ethereum-connector] 	Failed tx on registroDeBatches; calling method: registrarBatch; nonce: 0x742
2026.10.01-20:31:39.012 error [caliper] [ethereum-connector] 	Error: Returned error: Transaction nonce is too distant from current sender nonce
2026.10.01-20:31:39.037 error [caliper] [ethereum-connector] 	Failed tx on registroDeBatches; calling method: registrarBatch; nonce: 0x743
2026.10.01-20:31:39.037 error [caliper] [ethereum-connector] 	Error: Returned error: Transaction nonce is too distant from current sender nonce
2026.10.01-20:31:39.061 error [caliper] [ethereum-connector] 	Failed tx on registroDeBatches; calling method: registrarBatch; nonce: 0x744
2026.10.01-20:31:39.061 error [caliper] [ethereum-connector] 	Error: Returned error: Transaction nonce is too distant from current sender nonce
2026.10.01-20:31:39.087 error [caliper] [ethereum-connector] 	Failed tx on registroDeBatches; calling method: registrarBatch; nonce: 0x745
2026.10.01-20:31:39.087 error [caliper] [ethereum-connector] 	Error: Returned error: Transaction nonce is too distant from current sender nonce
2026.10.01-20:31:39.112 error [caliper] [ethereum-connector] 	Failed tx on registroDeBatches; calling method: registrarBatch; nonce: 0x746
2026.10.01-20:31:39.112 error [caliper] [ethereum-connector] 	Error: Returned error: Transaction nonce is too distant from current sender nonce
2026.10.01-20:31:39.138 error [caliper] [ethereum-connector] 	Failed tx on registroDeBatches; calling method: registrarBatch; nonce: 0x747
2026.10.01-20:31:39.138 error [caliper] [ethereum-connector] 	Error: Returned error: Transaction nonce is too distant from current sender nonce
2026.10.01-20:31:39.162 error [caliper] [ethereum-connector] 	Failed tx on registroDeBatches; calling method: registrarBatch; nonce: 0x748
2026.10.01-20:31:39.162 error [caliper] [ethereum-connector] 	Error: Returned error: Transaction nonce is too distant from current sender nonce
2026.10.01-20:31:39.187 error [caliper] [ethereum-connector] 	Failed tx on registroDeBatches; calling method: registrarBatch; nonce: 0x749
2026.10.01-20:31:39.187 error [caliper] [ethereum-connector] 	Error: Returned error: Transaction nonce is too distant from current sender nonce
2026.10.01-20:31:39.213 error [caliper] [ethereum-connector] 	Failed tx on registroDeBatches; calling method: registrarBatch; nonce: 0x74a
2026.10.01-20:31:39.214 error [caliper] [ethereum-connector] 	Error: Returned error: Transaction nonce is too distant from current sender nonce
2026.10.01-20:31:39.238 error [caliper] [ethereum-connector] 	Failed tx on registroDeBatches; calling method: registrarBatch; nonce: 0x74b
2026.10.01-20:31:39.238 error [caliper] [ethereum-connector] 	Error: Returned error: Transaction nonce is too distant from current sender nonce
2026.10.01-20:31:39.261 error [caliper] [ethereum-connector] 	Failed tx on registroDeBatches; calling method: registrarBatch; nonce: 0x74c
2026.10.01-20:31:39.261 error [caliper] [ethereum-connector] 	Error: Returned error: Transaction nonce is too distant from current sender nonce
2026.10.01-20:31:39.288 error [caliper] [ethereum-connector] 	Failed tx on registroDeBatches; calling method: registrarBatch; nonce: 0x74d
2026.10.01-20:31:39.288 error [caliper] [ethereum-connector] 	Error: Returned error: Transaction nonce is too distant from current sender nonce
2026.10.01-20:31:39.313 error [caliper] [ethereum-connector] 	Failed tx on registroDeBatches; calling method: registrarBatch; nonce: 0x74e
2026.10.01-20:31:39.313 error [caliper] [ethereum-connector] 	Error: Returned error: Transaction nonce is too distant from current sender nonce
2026.10.01-20:31:39.337 error [caliper] [ethereum-connector] 	Failed tx on registroDeBatches; calling method: registrarBatch; nonce: 0x74f
2026.10.01-20:31:39.337 error [caliper] [ethereum-connector] 	Error: Returned error: Transaction nonce is too distant from current sender nonce
2026.10.01-20:31:39.361 error [caliper] [ethereum-connector] 	Failed tx on registroDeBatches; calling method: registrarBatch; nonce: 0x750
2026.10.01-20:31:39.361 error [caliper] [ethereum-connector] 	Error: Returned error: Transaction nonce is too distant from current sender nonce
2026.10.01-20:31:39.386 error [caliper] [ethereum-connector] 	Failed tx on registroDeBatches; calling method: registrarBatch; nonce: 0x751
2026.10.01-20:31:39.386 error [caliper] [ethereum-connector] 	Error: Returned error: Transaction nonce is too distant from current sender nonce
2026.10.01-20:31:39.412 error [caliper] [ethereum-connector] 	Failed tx on registroDeBatches; calling method: registrarBatch; nonce: 0x752
2026.10.01-20:31:39.412 error [caliper] [ethereum-connector] 	Error: Returned error: Transaction nonce is too distant from current sender nonce
2026.10.01-20:31:39.437 error [caliper] [ethereum-connector] 	Failed tx on registroDeBatches; calling method: registrarBatch; nonce: 0x753
2026.10.01-20:31:39.437 error [caliper] [ethereum-connector] 	Error: Returned error: Transaction nonce is too distant from current sender nonce
2026.10.01-20:31:39.462 error [caliper] [ethereum-connector] 	Failed tx on registroDeBatches; calling method: registrarBatch; nonce: 0x754
2026.10.01-20:31:39.462 error [caliper] [ethereum-connector] 	Error: Returned error: Transaction nonce is too distant from current sender nonce
2026.10.01-20:31:39.487 error [caliper] [ethereum-connector] 	Failed tx on registroDeBatches; calling method: registrarBatch; nonce: 0x755
2026.10.01-20:31:39.487 error [caliper] [ethereum-connector] 	Error: Returned error: Transaction nonce is too distant from current sender nonce
2026.10.01-20:31:39.511 error [caliper] [ethereum-connector] 	Failed tx on registroDeBatches; calling method: registrarBatch; nonce: 0x756
2026.10.01-20:31:39.511 error [caliper] [ethereum-connector] 	Error: Returned error: Transaction nonce is too distant from current sender nonce
2026.10.01-20:31:39.536 error [caliper] [ethereum-connector] 	Failed tx on registroDeBatches; calling method: registrarBatch; nonce: 0x757
2026.10.01-20:31:39.536 error [caliper] [ethereum-connector] 	Error: Returned error: Transaction nonce is too distant from current sender nonce
2026.10.01-20:31:39.562 error [caliper] [ethereum-connector] 	Failed tx on registroDeBatches; calling method: registrarBatch; nonce: 0x758
2026.10.01-20:31:39.562 error [caliper] [ethereum-connector] 	Error: Returned error: Transaction nonce is too distant from current sender nonce
2026.10.01-20:31:39.587 error [caliper] [ethereum-connector] 	Failed tx on registroDeBatches; calling method: registrarBatch; nonce: 0x759
2026.10.01-20:31:39.587 error [caliper] [ethereum-connector] 	Error: Returned error: Transaction nonce is too distant from current sender nonce
2026.10.01-20:31:39.612 error [caliper] [ethereum-connector] 	Failed tx on registroDeBatches; calling method: registrarBatch; nonce: 0x75a
2026.10.01-20:31:39.612 error [caliper] [ethereum-connector] 	Error: Returned error: Transaction nonce is too distant from current sender nonce
2026.10.01-20:31:39.637 error [caliper] [ethereum-connector] 	Failed tx on registroDeBatches; calling method: registrarBatch; nonce: 0x75b
2026.10.01-20:31:39.637 error [caliper] [ethereum-connector] 	Error: Returned error: Transaction nonce is too distant from current sender nonce
2026.10.01-20:31:39.662 error [caliper] [ethereum-connector] 	Failed tx on registroDeBatches; calling method: registrarBatch; nonce: 0x75c
2026.10.01-20:31:39.662 error [caliper] [ethereum-connector] 	Error: Returned error: Transaction nonce is too distant from current sender nonce
2026.10.01-20:31:39.688 error [caliper] [ethereum-connector] 	Failed tx on registroDeBatches; calling method: registrarBatch; nonce: 0x75d
2026.10.01-20:31:39.688 error [caliper] [ethereum-connector] 	Error: Returned error: Transaction nonce is too distant from current sender nonce
2026.10.01-20:31:39.712 error [caliper] [ethereum-connector] 	Failed tx on registroDeBatches; calling method: registrarBatch; nonce: 0x75e
2026.10.01-20:31:39.712 error [caliper] [ethereum-connector] 	Error: Returned error: Transaction nonce is too distant from current sender nonce
2026.10.01-20:31:39.738 error [caliper] [ethereum-connector] 	Failed tx on registroDeBatches; calling method: registrarBatch; nonce: 0x75f
2026.10.01-20:31:39.738 error [caliper] [ethereum-connector] 	Error: Returned error: Transaction nonce is too distant from current sender nonce
2026.10.01-20:31:39.761 error [caliper] [ethereum-connector] 	Failed tx on registroDeBatches; calling method: registrarBatch; nonce: 0x760
2026.10.01-20:31:39.761 error [caliper] [ethereum-connector] 	Error: Returned error: Transaction nonce is too distant from current sender nonce
2026.10.01-20:31:39.786 error [caliper] [ethereum-connector] 	Failed tx on registroDeBatches; calling method: registrarBatch; nonce: 0x761
2026.10.01-20:31:39.787 error [caliper] [ethereum-connector] 	Error: Returned error: Transaction nonce is too distant from current sender nonce
2026.10.01-20:31:39.812 error [caliper] [ethereum-connector] 	Failed tx on registroDeBatches; calling method: registrarBatch; nonce: 0x762
2026.10.01-20:31:39.812 error [caliper] [ethereum-connector] 	Error: Returned error: Transaction nonce is too distant from current sender nonce
2026.10.01-20:31:39.837 error [caliper] [ethereum-connector] 	Failed tx on registroDeBatches; calling method: registrarBatch; nonce: 0x763
2026.10.01-20:31:39.837 error [caliper] [ethereum-connector] 	Error: Returned error: Transaction nonce is too distant from current sender nonce
2026.10.01-20:31:39.862 error [caliper] [ethereum-connector] 	Failed tx on registroDeBatches; calling method: registrarBatch; nonce: 0x764
2026.10.01-20:31:39.862 error [caliper] [ethereum-connector] 	Error: Returned error: Transaction nonce is too distant from current sender nonce
2026.10.01-20:31:39.887 error [caliper] [ethereum-connector] 	Failed tx on registroDeBatches; calling method: registrarBatch; nonce: 0x765
2026.10.01-20:31:39.887 error [caliper] [ethereum-connector] 	Error: Returned error: Transaction nonce is too distant from current sender nonce
2026.10.01-20:31:39.914 error [caliper] [ethereum-connector] 	Failed tx on registroDeBatches; calling method: registrarBatch; nonce: 0x766
2026.10.01-20:31:39.914 error [caliper] [ethereum-connector] 	Error: Returned error: Transaction nonce is too distant from current sender nonce
2026.10.01-20:31:39.936 error [caliper] [ethereum-connector] 	Failed tx on registroDeBatches; calling method: registrarBatch; nonce: 0x767
2026.10.01-20:31:39.936 error [caliper] [ethereum-connector] 	Error: Returned error: Transaction nonce is too distant from current sender nonce
2026.10.01-20:31:39.960 error [caliper] [ethereum-connector] 	Failed tx on registroDeBatches; calling method: registrarBatch; nonce: 0x768
2026.10.01-20:31:39.960 error [caliper] [ethereum-connector] 	Error: Returned error: Transaction nonce is too distant from current sender nonce
2026.10.01-20:31:39.987 error [caliper] [ethereum-connector] 	Failed tx on registroDeBatches; calling method: registrarBatch; nonce: 0x769
2026.10.01-20:31:39.987 error [caliper] [ethereum-connector] 	Error: Returned error: Transaction nonce is too distant from current sender nonce
2026.10.01-20:31:40.014 error [caliper] [ethereum-connector] 	Failed tx on registroDeBatches; calling method: registrarBatch; nonce: 0x76a
2026.10.01-20:31:40.014 error [caliper] [ethereum-connector] 	Error: Returned error: Transaction nonce is too distant from current sender nonce
2026.10.01-20:31:40.037 error [caliper] [ethereum-connector] 	Failed tx on registroDeBatches; calling method: registrarBatch; nonce: 0x76b
2026.10.01-20:31:40.037 error [caliper] [ethereum-connector] 	Error: Returned error: Transaction nonce is too distant from current sender nonce
2026.10.01-20:31:40.062 error [caliper] [ethereum-connector] 	Failed tx on registroDeBatches; calling method: registrarBatch; nonce: 0x76c
2026.10.01-20:31:40.062 error [caliper] [ethereum-connector] 	Error: Returned error: Transaction nonce is too distant from current sender nonce
2026.10.01-20:31:40.087 error [caliper] [ethereum-connector] 	Failed tx on registroDeBatches; calling method: registrarBatch; nonce: 0x76d
2026.10.01-20:31:40.087 error [caliper] [ethereum-connector] 	Error: Returned error: Transaction nonce is too distant from current sender nonce
2026.10.01-20:31:40.112 error [caliper] [ethereum-connector] 	Failed tx on registroDeBatches; calling method: registrarBatch; nonce: 0x76e
2026.10.01-20:31:40.112 error [caliper] [ethereum-connector] 	Error: Returned error: Transaction nonce is too distant from current sender nonce
2026.10.01-20:31:40.132 info  [caliper] [default-observer] 	[tps-40 Round 2 Transaction Info] - Submitted: 961 Succ: 328 Fail:632 Unfinished:1
2026.10.01-20:31:40.136 error [caliper] [ethereum-connector] 	Failed tx on registroDeBatches; calling method: registrarBatch; nonce: 0x76f
2026.10.01-20:31:40.136 error [caliper] [ethereum-connector] 	Error: Returned error: Transaction nonce is too distant from current sender nonce
2026.10.01-20:31:40.162 error [caliper] [ethereum-connector] 	Failed tx on registroDeBatches; calling method: registrarBatch; nonce: 0x770
2026.10.01-20:31:40.162 error [caliper] [ethereum-connector] 	Error: Returned error: Transaction nonce is too distant from current sender nonce
2026.10.01-20:31:40.187 error [caliper] [ethereum-connector] 	Failed tx on registroDeBatches; calling method: registrarBatch; nonce: 0x771
2026.10.01-20:31:40.187 error [caliper] [ethereum-connector] 	Error: Returned error: Transaction nonce is too distant from current sender nonce
2026.10.01-20:31:40.211 error [caliper] [ethereum-connector] 	Failed tx on registroDeBatches; calling method: registrarBatch; nonce: 0x772
2026.10.01-20:31:40.211 error [caliper] [ethereum-connector] 	Error: Returned error: Transaction nonce is too distant from current sender nonce
2026.10.01-20:31:40.236 error [caliper] [ethereum-connector] 	Failed tx on registroDeBatches; calling method: registrarBatch; nonce: 0x773
2026.10.01-20:31:40.236 error [caliper] [ethereum-connector] 	Error: Returned error: Transaction nonce is too distant from current sender nonce
2026.10.01-20:31:40.261 error [caliper] [ethereum-connector] 	Failed tx on registroDeBatches; calling method: registrarBatch; nonce: 0x774
2026.10.01-20:31:40.261 error [caliper] [ethereum-connector] 	Error: Returned error: Transaction nonce is too distant from current sender nonce
2026.10.01-20:31:40.286 error [caliper] [ethereum-connector] 	Failed tx on registroDeBatches; calling method: registrarBatch; nonce: 0x775
2026.10.01-20:31:40.286 error [caliper] [ethereum-connector] 	Error: Returned error: Transaction nonce is too distant from current sender nonce
2026.10.01-20:31:40.311 error [caliper] [ethereum-connector] 	Failed tx on registroDeBatches; calling method: registrarBatch; nonce: 0x776
2026.10.01-20:31:40.311 error [caliper] [ethereum-connector] 	Error: Returned error: Transaction nonce is too distant from current sender nonce
2026.10.01-20:31:40.336 error [caliper] [ethereum-connector] 	Failed tx on registroDeBatches; calling method: registrarBatch; nonce: 0x777
2026.10.01-20:31:40.336 error [caliper] [ethereum-connector] 	Error: Returned error: Transaction nonce is too distant from current sender nonce
2026.10.01-20:31:40.361 error [caliper] [ethereum-connector] 	Failed tx on registroDeBatches; calling method: registrarBatch; nonce: 0x778
2026.10.01-20:31:40.361 error [caliper] [ethereum-connector] 	Error: Returned error: Transaction nonce is too distant from current sender nonce
2026.10.01-20:31:40.388 error [caliper] [ethereum-connector] 	Failed tx on registroDeBatches; calling method: registrarBatch; nonce: 0x779
2026.10.01-20:31:40.388 error [caliper] [ethereum-connector] 	Error: Returned error: Transaction nonce is too distant from current sender nonce
2026.10.01-20:31:40.413 error [caliper] [ethereum-connector] 	Failed tx on registroDeBatches; calling method: registrarBatch; nonce: 0x77a
2026.10.01-20:31:40.413 error [caliper] [ethereum-connector] 	Error: Returned error: Transaction nonce is too distant from current sender nonce
2026.10.01-20:31:40.437 error [caliper] [ethereum-connector] 	Failed tx on registroDeBatches; calling method: registrarBatch; nonce: 0x77b
2026.10.01-20:31:40.437 error [caliper] [ethereum-connector] 	Error: Returned error: Transaction nonce is too distant from current sender nonce
2026.10.01-20:31:40.461 error [caliper] [ethereum-connector] 	Failed tx on registroDeBatches; calling method: registrarBatch; nonce: 0x77c
2026.10.01-20:31:40.461 error [caliper] [ethereum-connector] 	Error: Returned error: Transaction nonce is too distant from current sender nonce
2026.10.01-20:31:40.487 error [caliper] [ethereum-connector] 	Failed tx on registroDeBatches; calling method: registrarBatch; nonce: 0x77d
2026.10.01-20:31:40.487 error [caliper] [ethereum-connector] 	Error: Returned error: Transaction nonce is too distant from current sender nonce
2026.10.01-20:31:40.511 error [caliper] [ethereum-connector] 	Failed tx on registroDeBatches; calling method: registrarBatch; nonce: 0x77e
2026.10.01-20:31:40.511 error [caliper] [ethereum-connector] 	Error: Returned error: Transaction nonce is too distant from current sender nonce
2026.10.01-20:31:40.537 error [caliper] [ethereum-connector] 	Failed tx on registroDeBatches; calling method: registrarBatch; nonce: 0x77f
2026.10.01-20:31:40.538 error [caliper] [ethereum-connector] 	Error: Returned error: Transaction nonce is too distant from current sender nonce
2026.10.01-20:31:40.561 error [caliper] [ethereum-connector] 	Failed tx on registroDeBatches; calling method: registrarBatch; nonce: 0x780
2026.10.01-20:31:40.561 error [caliper] [ethereum-connector] 	Error: Returned error: Transaction nonce is too distant from current sender nonce
2026.10.01-20:31:40.586 error [caliper] [ethereum-connector] 	Failed tx on registroDeBatches; calling method: registrarBatch; nonce: 0x781
2026.10.01-20:31:40.586 error [caliper] [ethereum-connector] 	Error: Returned error: Transaction nonce is too distant from current sender nonce
2026.10.01-20:31:40.613 error [caliper] [ethereum-connector] 	Failed tx on registroDeBatches; calling method: registrarBatch; nonce: 0x782
2026.10.01-20:31:40.613 error [caliper] [ethereum-connector] 	Error: Returned error: Transaction nonce is too distant from current sender nonce
2026.10.01-20:31:40.637 error [caliper] [ethereum-connector] 	Failed tx on registroDeBatches; calling method: registrarBatch; nonce: 0x783
2026.10.01-20:31:40.637 error [caliper] [ethereum-connector] 	Error: Returned error: Transaction nonce is too distant from current sender nonce
2026.10.01-20:31:40.662 error [caliper] [ethereum-connector] 	Failed tx on registroDeBatches; calling method: registrarBatch; nonce: 0x784
2026.10.01-20:31:40.662 error [caliper] [ethereum-connector] 	Error: Returned error: Transaction nonce is too distant from current sender nonce
2026.10.01-20:31:40.687 error [caliper] [ethereum-connector] 	Failed tx on registroDeBatches; calling method: registrarBatch; nonce: 0x785
2026.10.01-20:31:40.687 error [caliper] [ethereum-connector] 	Error: Returned error: Transaction nonce is too distant from current sender nonce
2026.10.01-20:31:40.712 error [caliper] [ethereum-connector] 	Failed tx on registroDeBatches; calling method: registrarBatch; nonce: 0x786
2026.10.01-20:31:40.712 error [caliper] [ethereum-connector] 	Error: Returned error: Transaction nonce is too distant from current sender nonce
2026.10.01-20:31:40.739 error [caliper] [ethereum-connector] 	Failed tx on registroDeBatches; calling method: registrarBatch; nonce: 0x787
2026.10.01-20:31:40.739 error [caliper] [ethereum-connector] 	Error: Returned error: Transaction nonce is too distant from current sender nonce
2026.10.01-20:31:40.762 error [caliper] [ethereum-connector] 	Failed tx on registroDeBatches; calling method: registrarBatch; nonce: 0x788
2026.10.01-20:31:40.762 error [caliper] [ethereum-connector] 	Error: Returned error: Transaction nonce is too distant from current sender nonce
2026.10.01-20:31:40.787 error [caliper] [ethereum-connector] 	Failed tx on registroDeBatches; calling method: registrarBatch; nonce: 0x789
2026.10.01-20:31:40.787 error [caliper] [ethereum-connector] 	Error: Returned error: Transaction nonce is too distant from current sender nonce
2026.10.01-20:31:40.812 error [caliper] [ethereum-connector] 	Failed tx on registroDeBatches; calling method: registrarBatch; nonce: 0x78a
2026.10.01-20:31:40.812 error [caliper] [ethereum-connector] 	Error: Returned error: Transaction nonce is too distant from current sender nonce
2026.10.01-20:31:40.837 error [caliper] [ethereum-connector] 	Failed tx on registroDeBatches; calling method: registrarBatch; nonce: 0x78b
2026.10.01-20:31:40.837 error [caliper] [ethereum-connector] 	Error: Returned error: Transaction nonce is too distant from current sender nonce
2026.10.01-20:31:40.861 error [caliper] [ethereum-connector] 	Failed tx on registroDeBatches; calling method: registrarBatch; nonce: 0x78c
2026.10.01-20:31:40.861 error [caliper] [ethereum-connector] 	Error: Returned error: Transaction nonce is too distant from current sender nonce
2026.10.01-20:31:40.887 error [caliper] [ethereum-connector] 	Failed tx on registroDeBatches; calling method: registrarBatch; nonce: 0x78d
2026.10.01-20:31:40.887 error [caliper] [ethereum-connector] 	Error: Returned error: Transaction nonce is too distant from current sender nonce
2026.10.01-20:31:40.912 error [caliper] [ethereum-connector] 	Failed tx on registroDeBatches; calling method: registrarBatch; nonce: 0x78e
2026.10.01-20:31:40.912 error [caliper] [ethereum-connector] 	Error: Returned error: Transaction nonce is too distant from current sender nonce
2026.10.01-20:31:40.935 error [caliper] [ethereum-connector] 	Failed tx on registroDeBatches; calling method: registrarBatch; nonce: 0x78f
2026.10.01-20:31:40.935 error [caliper] [ethereum-connector] 	Error: Returned error: Transaction nonce is too distant from current sender nonce
2026.10.01-20:31:40.962 error [caliper] [ethereum-connector] 	Failed tx on registroDeBatches; calling method: registrarBatch; nonce: 0x790
2026.10.01-20:31:40.962 error [caliper] [ethereum-connector] 	Error: Returned error: Transaction nonce is too distant from current sender nonce
2026.10.01-20:31:40.987 error [caliper] [ethereum-connector] 	Failed tx on registroDeBatches; calling method: registrarBatch; nonce: 0x791
2026.10.01-20:31:40.987 error [caliper] [ethereum-connector] 	Error: Returned error: Transaction nonce is too distant from current sender nonce
2026.10.01-20:31:41.015 error [caliper] [ethereum-connector] 	Failed tx on registroDeBatches; calling method: registrarBatch; nonce: 0x792
2026.10.01-20:31:41.015 error [caliper] [ethereum-connector] 	Error: Returned error: Transaction nonce is too distant from current sender nonce
2026.10.01-20:31:41.037 error [caliper] [ethereum-connector] 	Failed tx on registroDeBatches; calling method: registrarBatch; nonce: 0x793
2026.10.01-20:31:41.037 error [caliper] [ethereum-connector] 	Error: Returned error: Transaction nonce is too distant from current sender nonce
2026.10.01-20:31:41.062 error [caliper] [ethereum-connector] 	Failed tx on registroDeBatches; calling method: registrarBatch; nonce: 0x794
2026.10.01-20:31:41.062 error [caliper] [ethereum-connector] 	Error: Returned error: Transaction nonce is too distant from current sender nonce
2026.10.01-20:31:41.088 error [caliper] [ethereum-connector] 	Failed tx on registroDeBatches; calling method: registrarBatch; nonce: 0x795
2026.10.01-20:31:41.088 error [caliper] [ethereum-connector] 	Error: Returned error: Transaction nonce is too distant from current sender nonce
2026.10.01-20:31:41.111 error [caliper] [ethereum-connector] 	Failed tx on registroDeBatches; calling method: registrarBatch; nonce: 0x796
2026.10.01-20:31:41.111 error [caliper] [ethereum-connector] 	Error: Returned error: Transaction nonce is too distant from current sender nonce
2026.10.01-20:31:41.137 error [caliper] [ethereum-connector] 	Failed tx on registroDeBatches; calling method: registrarBatch; nonce: 0x797
2026.10.01-20:31:41.137 error [caliper] [ethereum-connector] 	Error: Returned error: Transaction nonce is too distant from current sender nonce
2026.10.01-20:31:41.162 error [caliper] [ethereum-connector] 	Failed tx on registroDeBatches; calling method: registrarBatch; nonce: 0x798
2026.10.01-20:31:41.162 error [caliper] [ethereum-connector] 	Error: Returned error: Transaction nonce is too distant from current sender nonce
2026.10.01-20:31:41.186 error [caliper] [ethereum-connector] 	Failed tx on registroDeBatches; calling method: registrarBatch; nonce: 0x799
2026.10.01-20:31:41.186 error [caliper] [ethereum-connector] 	Error: Returned error: Transaction nonce is too distant from current sender nonce
2026.10.01-20:31:41.213 error [caliper] [ethereum-connector] 	Failed tx on registroDeBatches; calling method: registrarBatch; nonce: 0x79a
2026.10.01-20:31:41.213 error [caliper] [ethereum-connector] 	Error: Returned error: Transaction nonce is too distant from current sender nonce
2026.10.01-20:31:41.238 error [caliper] [ethereum-connector] 	Failed tx on registroDeBatches; calling method: registrarBatch; nonce: 0x79b
2026.10.01-20:31:41.238 error [caliper] [ethereum-connector] 	Error: Returned error: Transaction nonce is too distant from current sender nonce
2026.10.01-20:31:41.262 error [caliper] [ethereum-connector] 	Failed tx on registroDeBatches; calling method: registrarBatch; nonce: 0x79c
2026.10.01-20:31:41.262 error [caliper] [ethereum-connector] 	Error: Returned error: Transaction nonce is too distant from current sender nonce
2026.10.01-20:31:41.287 error [caliper] [ethereum-connector] 	Failed tx on registroDeBatches; calling method: registrarBatch; nonce: 0x79d
2026.10.01-20:31:41.287 error [caliper] [ethereum-connector] 	Error: Returned error: Transaction nonce is too distant from current sender nonce
2026.10.01-20:31:41.312 error [caliper] [ethereum-connector] 	Failed tx on registroDeBatches; calling method: registrarBatch; nonce: 0x79e
2026.10.01-20:31:41.312 error [caliper] [ethereum-connector] 	Error: Returned error: Transaction nonce is too distant from current sender nonce
2026.10.01-20:31:41.337 error [caliper] [ethereum-connector] 	Failed tx on registroDeBatches; calling method: registrarBatch; nonce: 0x79f
2026.10.01-20:31:41.337 error [caliper] [ethereum-connector] 	Error: Returned error: Transaction nonce is too distant from current sender nonce
2026.10.01-20:31:41.363 error [caliper] [ethereum-connector] 	Failed tx on registroDeBatches; calling method: registrarBatch; nonce: 0x7a0
2026.10.01-20:31:41.363 error [caliper] [ethereum-connector] 	Error: Returned error: Transaction nonce is too distant from current sender nonce
2026.10.01-20:31:41.387 error [caliper] [ethereum-connector] 	Failed tx on registroDeBatches; calling method: registrarBatch; nonce: 0x7a1
2026.10.01-20:31:41.387 error [caliper] [ethereum-connector] 	Error: Returned error: Transaction nonce is too distant from current sender nonce
2026.10.01-20:31:41.412 error [caliper] [ethereum-connector] 	Failed tx on registroDeBatches; calling method: registrarBatch; nonce: 0x7a2
2026.10.01-20:31:41.412 error [caliper] [ethereum-connector] 	Error: Returned error: Transaction nonce is too distant from current sender nonce
2026.10.01-20:31:41.437 error [caliper] [ethereum-connector] 	Failed tx on registroDeBatches; calling method: registrarBatch; nonce: 0x7a3
2026.10.01-20:31:41.437 error [caliper] [ethereum-connector] 	Error: Returned error: Transaction nonce is too distant from current sender nonce
2026.10.01-20:31:41.462 error [caliper] [ethereum-connector] 	Failed tx on registroDeBatches; calling method: registrarBatch; nonce: 0x7a4
2026.10.01-20:31:41.462 error [caliper] [ethereum-connector] 	Error: Returned error: Transaction nonce is too distant from current sender nonce
2026.10.01-20:31:41.487 error [caliper] [ethereum-connector] 	Failed tx on registroDeBatches; calling method: registrarBatch; nonce: 0x7a5
2026.10.01-20:31:41.487 error [caliper] [ethereum-connector] 	Error: Returned error: Transaction nonce is too distant from current sender nonce
2026.10.01-20:31:41.512 error [caliper] [ethereum-connector] 	Failed tx on registroDeBatches; calling method: registrarBatch; nonce: 0x7a6
2026.10.01-20:31:41.512 error [caliper] [ethereum-connector] 	Error: Returned error: Transaction nonce is too distant from current sender nonce
2026.10.01-20:31:41.537 error [caliper] [ethereum-connector] 	Failed tx on registroDeBatches; calling method: registrarBatch; nonce: 0x7a7
2026.10.01-20:31:41.537 error [caliper] [ethereum-connector] 	Error: Returned error: Transaction nonce is too distant from current sender nonce
2026.10.01-20:31:41.562 error [caliper] [ethereum-connector] 	Failed tx on registroDeBatches; calling method: registrarBatch; nonce: 0x7a8
2026.10.01-20:31:41.562 error [caliper] [ethereum-connector] 	Error: Returned error: Transaction nonce is too distant from current sender nonce
2026.10.01-20:31:41.588 error [caliper] [ethereum-connector] 	Failed tx on registroDeBatches; calling method: registrarBatch; nonce: 0x7a9
2026.10.01-20:31:41.588 error [caliper] [ethereum-connector] 	Error: Returned error: Transaction nonce is too distant from current sender nonce
2026.10.01-20:31:41.613 error [caliper] [ethereum-connector] 	Failed tx on registroDeBatches; calling method: registrarBatch; nonce: 0x7aa
2026.10.01-20:31:41.613 error [caliper] [ethereum-connector] 	Error: Returned error: Transaction nonce is too distant from current sender nonce
2026.10.01-20:31:41.637 error [caliper] [ethereum-connector] 	Failed tx on registroDeBatches; calling method: registrarBatch; nonce: 0x7ab
2026.10.01-20:31:41.637 error [caliper] [ethereum-connector] 	Error: Returned error: Transaction nonce is too distant from current sender nonce
2026.10.01-20:31:41.661 error [caliper] [ethereum-connector] 	Failed tx on registroDeBatches; calling method: registrarBatch; nonce: 0x7ac
2026.10.01-20:31:41.661 error [caliper] [ethereum-connector] 	Error: Returned error: Transaction nonce is too distant from current sender nonce
2026.10.01-20:31:41.687 error [caliper] [ethereum-connector] 	Failed tx on registroDeBatches; calling method: registrarBatch; nonce: 0x7ad
2026.10.01-20:31:41.687 error [caliper] [ethereum-connector] 	Error: Returned error: Transaction nonce is too distant from current sender nonce
2026.10.01-20:31:41.713 error [caliper] [ethereum-connector] 	Failed tx on registroDeBatches; calling method: registrarBatch; nonce: 0x7ae
2026.10.01-20:31:41.713 error [caliper] [ethereum-connector] 	Error: Returned error: Transaction nonce is too distant from current sender nonce
2026.10.01-20:31:41.737 error [caliper] [ethereum-connector] 	Failed tx on registroDeBatches; calling method: registrarBatch; nonce: 0x7af
2026.10.01-20:31:41.737 error [caliper] [ethereum-connector] 	Error: Returned error: Transaction nonce is too distant from current sender nonce
2026.10.01-20:31:41.761 error [caliper] [ethereum-connector] 	Failed tx on registroDeBatches; calling method: registrarBatch; nonce: 0x7b0
2026.10.01-20:31:41.761 error [caliper] [ethereum-connector] 	Error: Returned error: Transaction nonce is too distant from current sender nonce
2026.10.01-20:31:41.787 error [caliper] [ethereum-connector] 	Failed tx on registroDeBatches; calling method: registrarBatch; nonce: 0x7b1
2026.10.01-20:31:41.787 error [caliper] [ethereum-connector] 	Error: Returned error: Transaction nonce is too distant from current sender nonce
2026.10.01-20:31:41.812 error [caliper] [ethereum-connector] 	Failed tx on registroDeBatches; calling method: registrarBatch; nonce: 0x7b2
2026.10.01-20:31:41.812 error [caliper] [ethereum-connector] 	Error: Returned error: Transaction nonce is too distant from current sender nonce
2026.10.01-20:31:41.836 error [caliper] [ethereum-connector] 	Failed tx on registroDeBatches; calling method: registrarBatch; nonce: 0x7b3
2026.10.01-20:31:41.836 error [caliper] [ethereum-connector] 	Error: Returned error: Transaction nonce is too distant from current sender nonce
2026.10.01-20:31:41.862 error [caliper] [ethereum-connector] 	Failed tx on registroDeBatches; calling method: registrarBatch; nonce: 0x7b4
2026.10.01-20:31:41.862 error [caliper] [ethereum-connector] 	Error: Returned error: Transaction nonce is too distant from current sender nonce
2026.10.01-20:31:41.887 error [caliper] [ethereum-connector] 	Failed tx on registroDeBatches; calling method: registrarBatch; nonce: 0x7b5
2026.10.01-20:31:41.887 error [caliper] [ethereum-connector] 	Error: Returned error: Transaction nonce is too distant from current sender nonce
2026.10.01-20:31:41.910 error [caliper] [ethereum-connector] 	Failed tx on registroDeBatches; calling method: registrarBatch; nonce: 0x7b6
2026.10.01-20:31:41.910 error [caliper] [ethereum-connector] 	Error: Returned error: Transaction nonce is too distant from current sender nonce
2026.10.01-20:31:41.937 error [caliper] [ethereum-connector] 	Failed tx on registroDeBatches; calling method: registrarBatch; nonce: 0x7b7
2026.10.01-20:31:41.937 error [caliper] [ethereum-connector] 	Error: Returned error: Transaction nonce is too distant from current sender nonce
2026.10.01-20:31:41.962 error [caliper] [ethereum-connector] 	Failed tx on registroDeBatches; calling method: registrarBatch; nonce: 0x7b8
2026.10.01-20:31:41.962 error [caliper] [ethereum-connector] 	Error: Returned error: Transaction nonce is too distant from current sender nonce
2026.10.01-20:31:41.987 error [caliper] [ethereum-connector] 	Failed tx on registroDeBatches; calling method: registrarBatch; nonce: 0x7b9
2026.10.01-20:31:41.987 error [caliper] [ethereum-connector] 	Error: Returned error: Transaction nonce is too distant from current sender nonce
2026.10.01-20:31:42.014 error [caliper] [ethereum-connector] 	Failed tx on registroDeBatches; calling method: registrarBatch; nonce: 0x7ba
2026.10.01-20:31:42.014 error [caliper] [ethereum-connector] 	Error: Returned error: Transaction nonce is too distant from current sender nonce
2026.10.01-20:31:42.037 error [caliper] [ethereum-connector] 	Failed tx on registroDeBatches; calling method: registrarBatch; nonce: 0x7bb
2026.10.01-20:31:42.037 error [caliper] [ethereum-connector] 	Error: Returned error: Transaction nonce is too distant from current sender nonce
2026.10.01-20:31:42.062 error [caliper] [ethereum-connector] 	Failed tx on registroDeBatches; calling method: registrarBatch; nonce: 0x7bc
2026.10.01-20:31:42.062 error [caliper] [ethereum-connector] 	Error: Returned error: Transaction nonce is too distant from current sender nonce
2026.10.01-20:31:42.087 error [caliper] [ethereum-connector] 	Failed tx on registroDeBatches; calling method: registrarBatch; nonce: 0x7bd
2026.10.01-20:31:42.087 error [caliper] [ethereum-connector] 	Error: Returned error: Transaction nonce is too distant from current sender nonce
2026.10.01-20:31:42.112 error [caliper] [ethereum-connector] 	Failed tx on registroDeBatches; calling method: registrarBatch; nonce: 0x7be
2026.10.01-20:31:42.112 error [caliper] [ethereum-connector] 	Error: Returned error: Transaction nonce is too distant from current sender nonce
2026.10.01-20:31:42.136 error [caliper] [ethereum-connector] 	Failed tx on registroDeBatches; calling method: registrarBatch; nonce: 0x7bf
2026.10.01-20:31:42.136 error [caliper] [ethereum-connector] 	Error: Returned error: Transaction nonce is too distant from current sender nonce
2026.10.01-20:31:42.161 error [caliper] [ethereum-connector] 	Failed tx on registroDeBatches; calling method: registrarBatch; nonce: 0x7c0
2026.10.01-20:31:42.161 error [caliper] [ethereum-connector] 	Error: Returned error: Transaction nonce is too distant from current sender nonce
2026.10.01-20:31:42.187 error [caliper] [ethereum-connector] 	Failed tx on registroDeBatches; calling method: registrarBatch; nonce: 0x7c1
2026.10.01-20:31:42.187 error [caliper] [ethereum-connector] 	Error: Returned error: Transaction nonce is too distant from current sender nonce
2026.10.01-20:31:42.212 error [caliper] [ethereum-connector] 	Failed tx on registroDeBatches; calling method: registrarBatch; nonce: 0x7c2
2026.10.01-20:31:42.212 error [caliper] [ethereum-connector] 	Error: Returned error: Transaction nonce is too distant from current sender nonce
2026.10.01-20:31:42.236 error [caliper] [ethereum-connector] 	Failed tx on registroDeBatches; calling method: registrarBatch; nonce: 0x7c3
2026.10.01-20:31:42.236 error [caliper] [ethereum-connector] 	Error: Returned error: Transaction nonce is too distant from current sender nonce
2026.10.01-20:31:42.261 error [caliper] [ethereum-connector] 	Failed tx on registroDeBatches; calling method: registrarBatch; nonce: 0x7c4
2026.10.01-20:31:42.261 error [caliper] [ethereum-connector] 	Error: Returned error: Transaction nonce is too distant from current sender nonce
2026.10.01-20:31:42.287 error [caliper] [ethereum-connector] 	Failed tx on registroDeBatches; calling method: registrarBatch; nonce: 0x7c5
2026.10.01-20:31:42.287 error [caliper] [ethereum-connector] 	Error: Returned error: Transaction nonce is too distant from current sender nonce
2026.10.01-20:31:42.312 error [caliper] [ethereum-connector] 	Failed tx on registroDeBatches; calling method: registrarBatch; nonce: 0x7c6
2026.10.01-20:31:42.312 error [caliper] [ethereum-connector] 	Error: Returned error: Transaction nonce is too distant from current sender nonce
2026.10.01-20:31:42.337 error [caliper] [ethereum-connector] 	Failed tx on registroDeBatches; calling method: registrarBatch; nonce: 0x7c7
2026.10.01-20:31:42.337 error [caliper] [ethereum-connector] 	Error: Returned error: Transaction nonce is too distant from current sender nonce
2026.10.01-20:31:42.362 error [caliper] [ethereum-connector] 	Failed tx on registroDeBatches; calling method: registrarBatch; nonce: 0x7c8
2026.10.01-20:31:42.362 error [caliper] [ethereum-connector] 	Error: Returned error: Transaction nonce is too distant from current sender nonce
2026.10.01-20:31:42.387 error [caliper] [ethereum-connector] 	Failed tx on registroDeBatches; calling method: registrarBatch; nonce: 0x7c9
2026.10.01-20:31:42.387 error [caliper] [ethereum-connector] 	Error: Returned error: Transaction nonce is too distant from current sender nonce
2026.10.01-20:31:42.412 error [caliper] [ethereum-connector] 	Failed tx on registroDeBatches; calling method: registrarBatch; nonce: 0x7ca
2026.10.01-20:31:42.412 error [caliper] [ethereum-connector] 	Error: Returned error: Transaction nonce is too distant from current sender nonce
2026.10.01-20:31:42.436 error [caliper] [ethereum-connector] 	Failed tx on registroDeBatches; calling method: registrarBatch; nonce: 0x7cb
2026.10.01-20:31:42.436 error [caliper] [ethereum-connector] 	Error: Returned error: Transaction nonce is too distant from current sender nonce
2026.10.01-20:31:42.461 error [caliper] [ethereum-connector] 	Failed tx on registroDeBatches; calling method: registrarBatch; nonce: 0x7cc
2026.10.01-20:31:42.461 error [caliper] [ethereum-connector] 	Error: Returned error: Transaction nonce is too distant from current sender nonce
2026.10.01-20:31:42.486 error [caliper] [ethereum-connector] 	Failed tx on registroDeBatches; calling method: registrarBatch; nonce: 0x7cd
2026.10.01-20:31:42.486 error [caliper] [ethereum-connector] 	Error: Returned error: Transaction nonce is too distant from current sender nonce
2026.10.01-20:31:42.511 error [caliper] [ethereum-connector] 	Failed tx on registroDeBatches; calling method: registrarBatch; nonce: 0x7ce
2026.10.01-20:31:42.511 error [caliper] [ethereum-connector] 	Error: Returned error: Transaction nonce is too distant from current sender nonce
2026.10.01-20:31:42.537 error [caliper] [ethereum-connector] 	Failed tx on registroDeBatches; calling method: registrarBatch; nonce: 0x7cf
2026.10.01-20:31:42.537 error [caliper] [ethereum-connector] 	Error: Returned error: Transaction nonce is too distant from current sender nonce
2026.10.01-20:31:42.562 error [caliper] [ethereum-connector] 	Failed tx on registroDeBatches; calling method: registrarBatch; nonce: 0x7d0
2026.10.01-20:31:42.562 error [caliper] [ethereum-connector] 	Error: Returned error: Transaction nonce is too distant from current sender nonce
2026.10.01-20:31:42.587 error [caliper] [ethereum-connector] 	Failed tx on registroDeBatches; calling method: registrarBatch; nonce: 0x7d1
2026.10.01-20:31:42.587 error [caliper] [ethereum-connector] 	Error: Returned error: Transaction nonce is too distant from current sender nonce
2026.10.01-20:31:42.612 error [caliper] [ethereum-connector] 	Failed tx on registroDeBatches; calling method: registrarBatch; nonce: 0x7d2
2026.10.01-20:31:42.612 error [caliper] [ethereum-connector] 	Error: Returned error: Transaction nonce is too distant from current sender nonce
2026.10.01-20:31:42.637 error [caliper] [ethereum-connector] 	Failed tx on registroDeBatches; calling method: registrarBatch; nonce: 0x7d3
2026.10.01-20:31:42.637 error [caliper] [ethereum-connector] 	Error: Returned error: Transaction nonce is too distant from current sender nonce
2026.10.01-20:31:42.661 error [caliper] [ethereum-connector] 	Failed tx on registroDeBatches; calling method: registrarBatch; nonce: 0x7d4
2026.10.01-20:31:42.661 error [caliper] [ethereum-connector] 	Error: Returned error: Transaction nonce is too distant from current sender nonce
2026.10.01-20:31:42.687 error [caliper] [ethereum-connector] 	Failed tx on registroDeBatches; calling method: registrarBatch; nonce: 0x7d5
2026.10.01-20:31:42.687 error [caliper] [ethereum-connector] 	Error: Returned error: Transaction nonce is too distant from current sender nonce
2026.10.01-20:31:42.712 error [caliper] [ethereum-connector] 	Failed tx on registroDeBatches; calling method: registrarBatch; nonce: 0x7d6
2026.10.01-20:31:42.712 error [caliper] [ethereum-connector] 	Error: Returned error: Transaction nonce is too distant from current sender nonce
2026.10.01-20:31:42.737 error [caliper] [ethereum-connector] 	Failed tx on registroDeBatches; calling method: registrarBatch; nonce: 0x7d7
2026.10.01-20:31:42.737 error [caliper] [ethereum-connector] 	Error: Returned error: Transaction nonce is too distant from current sender nonce
2026.10.01-20:31:42.762 error [caliper] [ethereum-connector] 	Failed tx on registroDeBatches; calling method: registrarBatch; nonce: 0x7d8
2026.10.01-20:31:42.762 error [caliper] [ethereum-connector] 	Error: Returned error: Transaction nonce is too distant from current sender nonce
2026.10.01-20:31:42.786 error [caliper] [ethereum-connector] 	Failed tx on registroDeBatches; calling method: registrarBatch; nonce: 0x7d9
2026.10.01-20:31:42.786 error [caliper] [ethereum-connector] 	Error: Returned error: Transaction nonce is too distant from current sender nonce
2026.10.01-20:31:42.811 error [caliper] [ethereum-connector] 	Failed tx on registroDeBatches; calling method: registrarBatch; nonce: 0x7da
2026.10.01-20:31:42.811 error [caliper] [ethereum-connector] 	Error: Returned error: Transaction nonce is too distant from current sender nonce
2026.10.01-20:31:42.837 error [caliper] [ethereum-connector] 	Failed tx on registroDeBatches; calling method: registrarBatch; nonce: 0x7db
2026.10.01-20:31:42.837 error [caliper] [ethereum-connector] 	Error: Returned error: Transaction nonce is too distant from current sender nonce
2026.10.01-20:31:42.861 error [caliper] [ethereum-connector] 	Failed tx on registroDeBatches; calling method: registrarBatch; nonce: 0x7dc
2026.10.01-20:31:42.861 error [caliper] [ethereum-connector] 	Error: Returned error: Transaction nonce is too distant from current sender nonce
2026.10.01-20:31:42.890 error [caliper] [ethereum-connector] 	Failed tx on registroDeBatches; calling method: registrarBatch; nonce: 0x7dd
2026.10.01-20:31:42.890 error [caliper] [ethereum-connector] 	Error: Returned error: Transaction nonce is too distant from current sender nonce
2026.10.01-20:31:42.911 error [caliper] [ethereum-connector] 	Failed tx on registroDeBatches; calling method: registrarBatch; nonce: 0x7de
2026.10.01-20:31:42.911 error [caliper] [ethereum-connector] 	Error: Returned error: Transaction nonce is too distant from current sender nonce
2026.10.01-20:31:42.937 error [caliper] [ethereum-connector] 	Failed tx on registroDeBatches; calling method: registrarBatch; nonce: 0x7df
2026.10.01-20:31:42.937 error [caliper] [ethereum-connector] 	Error: Returned error: Transaction nonce is too distant from current sender nonce
2026.10.01-20:31:42.963 error [caliper] [ethereum-connector] 	Failed tx on registroDeBatches; calling method: registrarBatch; nonce: 0x7e0
2026.10.01-20:31:42.963 error [caliper] [ethereum-connector] 	Error: Returned error: Transaction nonce is too distant from current sender nonce
2026.10.01-20:31:42.987 error [caliper] [ethereum-connector] 	Failed tx on registroDeBatches; calling method: registrarBatch; nonce: 0x7e1
2026.10.01-20:31:42.987 error [caliper] [ethereum-connector] 	Error: Returned error: Transaction nonce is too distant from current sender nonce
2026.10.01-20:31:43.012 error [caliper] [ethereum-connector] 	Failed tx on registroDeBatches; calling method: registrarBatch; nonce: 0x7e2
2026.10.01-20:31:43.012 error [caliper] [ethereum-connector] 	Error: Returned error: Transaction nonce is too distant from current sender nonce
2026.10.01-20:31:43.037 error [caliper] [ethereum-connector] 	Failed tx on registroDeBatches; calling method: registrarBatch; nonce: 0x7e3
2026.10.01-20:31:43.037 error [caliper] [ethereum-connector] 	Error: Returned error: Transaction nonce is too distant from current sender nonce
2026.10.01-20:31:43.062 error [caliper] [ethereum-connector] 	Failed tx on registroDeBatches; calling method: registrarBatch; nonce: 0x7e4
2026.10.01-20:31:43.062 error [caliper] [ethereum-connector] 	Error: Returned error: Transaction nonce is too distant from current sender nonce
2026.10.01-20:31:43.087 error [caliper] [ethereum-connector] 	Failed tx on registroDeBatches; calling method: registrarBatch; nonce: 0x7e5
2026.10.01-20:31:43.087 error [caliper] [ethereum-connector] 	Error: Returned error: Transaction nonce is too distant from current sender nonce
2026.10.01-20:31:43.112 error [caliper] [ethereum-connector] 	Failed tx on registroDeBatches; calling method: registrarBatch; nonce: 0x7e6
2026.10.01-20:31:43.112 error [caliper] [ethereum-connector] 	Error: Returned error: Transaction nonce is too distant from current sender nonce
2026.10.01-20:31:43.137 error [caliper] [ethereum-connector] 	Failed tx on registroDeBatches; calling method: registrarBatch; nonce: 0x7e7
2026.10.01-20:31:43.137 error [caliper] [ethereum-connector] 	Error: Returned error: Transaction nonce is too distant from current sender nonce
2026.10.01-20:31:43.161 error [caliper] [ethereum-connector] 	Failed tx on registroDeBatches; calling method: registrarBatch; nonce: 0x7e8
2026.10.01-20:31:43.161 error [caliper] [ethereum-connector] 	Error: Returned error: Transaction nonce is too distant from current sender nonce
2026.10.01-20:31:43.187 error [caliper] [ethereum-connector] 	Failed tx on registroDeBatches; calling method: registrarBatch; nonce: 0x7e9
2026.10.01-20:31:43.187 error [caliper] [ethereum-connector] 	Error: Returned error: Transaction nonce is too distant from current sender nonce
2026.10.01-20:31:43.211 error [caliper] [ethereum-connector] 	Failed tx on registroDeBatches; calling method: registrarBatch; nonce: 0x7ea
2026.10.01-20:31:43.211 error [caliper] [ethereum-connector] 	Error: Returned error: Transaction nonce is too distant from current sender nonce
2026.10.01-20:31:43.237 error [caliper] [ethereum-connector] 	Failed tx on registroDeBatches; calling method: registrarBatch; nonce: 0x7eb
2026.10.01-20:31:43.237 error [caliper] [ethereum-connector] 	Error: Returned error: Transaction nonce is too distant from current sender nonce
2026.10.01-20:31:43.261 error [caliper] [ethereum-connector] 	Failed tx on registroDeBatches; calling method: registrarBatch; nonce: 0x7ec
2026.10.01-20:31:43.261 error [caliper] [ethereum-connector] 	Error: Returned error: Transaction nonce is too distant from current sender nonce
2026.10.01-20:31:43.287 error [caliper] [ethereum-connector] 	Failed tx on registroDeBatches; calling method: registrarBatch; nonce: 0x7ed
2026.10.01-20:31:43.287 error [caliper] [ethereum-connector] 	Error: Returned error: Transaction nonce is too distant from current sender nonce
2026.10.01-20:31:43.313 error [caliper] [ethereum-connector] 	Failed tx on registroDeBatches; calling method: registrarBatch; nonce: 0x7ee
2026.10.01-20:31:43.313 error [caliper] [ethereum-connector] 	Error: Returned error: Transaction nonce is too distant from current sender nonce
2026.10.01-20:31:43.338 error [caliper] [ethereum-connector] 	Failed tx on registroDeBatches; calling method: registrarBatch; nonce: 0x7ef
2026.10.01-20:31:43.338 error [caliper] [ethereum-connector] 	Error: Returned error: Transaction nonce is too distant from current sender nonce
2026.10.01-20:31:43.363 error [caliper] [ethereum-connector] 	Failed tx on registroDeBatches; calling method: registrarBatch; nonce: 0x7f0
2026.10.01-20:31:43.363 error [caliper] [ethereum-connector] 	Error: Returned error: Transaction nonce is too distant from current sender nonce
2026.10.01-20:31:43.387 error [caliper] [ethereum-connector] 	Failed tx on registroDeBatches; calling method: registrarBatch; nonce: 0x7f1
2026.10.01-20:31:43.387 error [caliper] [ethereum-connector] 	Error: Returned error: Transaction nonce is too distant from current sender nonce
2026.10.01-20:31:43.412 error [caliper] [ethereum-connector] 	Failed tx on registroDeBatches; calling method: registrarBatch; nonce: 0x7f2
2026.10.01-20:31:43.412 error [caliper] [ethereum-connector] 	Error: Returned error: Transaction nonce is too distant from current sender nonce
2026.10.01-20:31:43.436 error [caliper] [ethereum-connector] 	Failed tx on registroDeBatches; calling method: registrarBatch; nonce: 0x7f3
2026.10.01-20:31:43.436 error [caliper] [ethereum-connector] 	Error: Returned error: Transaction nonce is too distant from current sender nonce
2026.10.01-20:31:43.461 error [caliper] [ethereum-connector] 	Failed tx on registroDeBatches; calling method: registrarBatch; nonce: 0x7f4
2026.10.01-20:31:43.461 error [caliper] [ethereum-connector] 	Error: Returned error: Transaction nonce is too distant from current sender nonce
2026.10.01-20:31:43.487 error [caliper] [ethereum-connector] 	Failed tx on registroDeBatches; calling method: registrarBatch; nonce: 0x7f5
2026.10.01-20:31:43.487 error [caliper] [ethereum-connector] 	Error: Returned error: Transaction nonce is too distant from current sender nonce
2026.10.01-20:31:43.513 error [caliper] [ethereum-connector] 	Failed tx on registroDeBatches; calling method: registrarBatch; nonce: 0x7f6
2026.10.01-20:31:43.513 error [caliper] [ethereum-connector] 	Error: Returned error: Transaction nonce is too distant from current sender nonce
2026.10.01-20:31:43.537 error [caliper] [ethereum-connector] 	Failed tx on registroDeBatches; calling method: registrarBatch; nonce: 0x7f7
2026.10.01-20:31:43.537 error [caliper] [ethereum-connector] 	Error: Returned error: Transaction nonce is too distant from current sender nonce
2026.10.01-20:31:43.561 error [caliper] [ethereum-connector] 	Failed tx on registroDeBatches; calling method: registrarBatch; nonce: 0x7f8
2026.10.01-20:31:43.561 error [caliper] [ethereum-connector] 	Error: Returned error: Transaction nonce is too distant from current sender nonce
2026.10.01-20:31:43.587 error [caliper] [ethereum-connector] 	Failed tx on registroDeBatches; calling method: registrarBatch; nonce: 0x7f9
2026.10.01-20:31:43.587 error [caliper] [ethereum-connector] 	Error: Returned error: Transaction nonce is too distant from current sender nonce
2026.10.01-20:31:43.612 error [caliper] [ethereum-connector] 	Failed tx on registroDeBatches; calling method: registrarBatch; nonce: 0x7fa
2026.10.01-20:31:43.612 error [caliper] [ethereum-connector] 	Error: Returned error: Transaction nonce is too distant from current sender nonce
2026.10.01-20:31:43.636 error [caliper] [ethereum-connector] 	Failed tx on registroDeBatches; calling method: registrarBatch; nonce: 0x7fb
2026.10.01-20:31:43.636 error [caliper] [ethereum-connector] 	Error: Returned error: Transaction nonce is too distant from current sender nonce
2026.10.01-20:31:43.663 error [caliper] [ethereum-connector] 	Failed tx on registroDeBatches; calling method: registrarBatch; nonce: 0x7fc
2026.10.01-20:31:43.663 error [caliper] [ethereum-connector] 	Error: Returned error: Transaction nonce is too distant from current sender nonce
2026.10.01-20:31:43.686 error [caliper] [ethereum-connector] 	Failed tx on registroDeBatches; calling method: registrarBatch; nonce: 0x7fd
2026.10.01-20:31:43.686 error [caliper] [ethereum-connector] 	Error: Returned error: Transaction nonce is too distant from current sender nonce
2026.10.01-20:31:43.710 error [caliper] [ethereum-connector] 	Failed tx on registroDeBatches; calling method: registrarBatch; nonce: 0x7fe
2026.10.01-20:31:43.710 error [caliper] [ethereum-connector] 	Error: Returned error: Transaction nonce is too distant from current sender nonce
2026.10.01-20:31:43.737 error [caliper] [ethereum-connector] 	Failed tx on registroDeBatches; calling method: registrarBatch; nonce: 0x7ff
2026.10.01-20:31:43.737 error [caliper] [ethereum-connector] 	Error: Returned error: Transaction nonce is too distant from current sender nonce
2026.10.01-20:31:43.762 error [caliper] [ethereum-connector] 	Failed tx on registroDeBatches; calling method: registrarBatch; nonce: 0x800
2026.10.01-20:31:43.762 error [caliper] [ethereum-connector] 	Error: Returned error: Transaction nonce is too distant from current sender nonce
2026.10.01-20:31:43.788 error [caliper] [ethereum-connector] 	Failed tx on registroDeBatches; calling method: registrarBatch; nonce: 0x801
2026.10.01-20:31:43.788 error [caliper] [ethereum-connector] 	Error: Returned error: Transaction nonce is too distant from current sender nonce
2026.10.01-20:31:43.812 error [caliper] [ethereum-connector] 	Failed tx on registroDeBatches; calling method: registrarBatch; nonce: 0x802
2026.10.01-20:31:43.812 error [caliper] [ethereum-connector] 	Error: Returned error: Transaction nonce is too distant from current sender nonce
2026.10.01-20:31:43.836 error [caliper] [ethereum-connector] 	Failed tx on registroDeBatches; calling method: registrarBatch; nonce: 0x803
2026.10.01-20:31:43.836 error [caliper] [ethereum-connector] 	Error: Returned error: Transaction nonce is too distant from current sender nonce
2026.10.01-20:31:43.861 error [caliper] [ethereum-connector] 	Failed tx on registroDeBatches; calling method: registrarBatch; nonce: 0x804
2026.10.01-20:31:43.861 error [caliper] [ethereum-connector] 	Error: Returned error: Transaction nonce is too distant from current sender nonce
2026.10.01-20:31:43.887 error [caliper] [ethereum-connector] 	Failed tx on registroDeBatches; calling method: registrarBatch; nonce: 0x805
2026.10.01-20:31:43.887 error [caliper] [ethereum-connector] 	Error: Returned error: Transaction nonce is too distant from current sender nonce
2026.10.01-20:31:43.911 error [caliper] [ethereum-connector] 	Failed tx on registroDeBatches; calling method: registrarBatch; nonce: 0x806
2026.10.01-20:31:43.911 error [caliper] [ethereum-connector] 	Error: Returned error: Transaction nonce is too distant from current sender nonce
2026.10.01-20:31:43.938 error [caliper] [ethereum-connector] 	Failed tx on registroDeBatches; calling method: registrarBatch; nonce: 0x807
2026.10.01-20:31:43.938 error [caliper] [ethereum-connector] 	Error: Returned error: Transaction nonce is too distant from current sender nonce
2026.10.01-20:31:43.961 error [caliper] [ethereum-connector] 	Failed tx on registroDeBatches; calling method: registrarBatch; nonce: 0x808
2026.10.01-20:31:43.961 error [caliper] [ethereum-connector] 	Error: Returned error: Transaction nonce is too distant from current sender nonce
2026.10.01-20:31:43.985 error [caliper] [ethereum-connector] 	Failed tx on registroDeBatches; calling method: registrarBatch; nonce: 0x809
2026.10.01-20:31:43.985 error [caliper] [ethereum-connector] 	Error: Returned error: Transaction nonce is too distant from current sender nonce
2026.10.01-20:31:44.010 error [caliper] [ethereum-connector] 	Failed tx on registroDeBatches; calling method: registrarBatch; nonce: 0x80a
2026.10.01-20:31:44.010 error [caliper] [ethereum-connector] 	Error: Returned error: Transaction nonce is too distant from current sender nonce
2026.10.01-20:31:44.037 error [caliper] [ethereum-connector] 	Failed tx on registroDeBatches; calling method: registrarBatch; nonce: 0x80b
2026.10.01-20:31:44.037 error [caliper] [ethereum-connector] 	Error: Returned error: Transaction nonce is too distant from current sender nonce
2026.10.01-20:31:44.061 error [caliper] [ethereum-connector] 	Failed tx on registroDeBatches; calling method: registrarBatch; nonce: 0x80c
2026.10.01-20:31:44.061 error [caliper] [ethereum-connector] 	Error: Returned error: Transaction nonce is too distant from current sender nonce
2026.10.01-20:31:44.086 error [caliper] [ethereum-connector] 	Failed tx on registroDeBatches; calling method: registrarBatch; nonce: 0x80d
2026.10.01-20:31:44.086 error [caliper] [ethereum-connector] 	Error: Returned error: Transaction nonce is too distant from current sender nonce
2026.10.01-20:31:44.112 error [caliper] [ethereum-connector] 	Failed tx on registroDeBatches; calling method: registrarBatch; nonce: 0x80e
2026.10.01-20:31:44.112 error [caliper] [ethereum-connector] 	Error: Returned error: Transaction nonce is too distant from current sender nonce
2026.10.01-20:31:44.137 error [caliper] [ethereum-connector] 	Failed tx on registroDeBatches; calling method: registrarBatch; nonce: 0x80f
2026.10.01-20:31:44.137 error [caliper] [ethereum-connector] 	Error: Returned error: Transaction nonce is too distant from current sender nonce
2026.10.01-20:31:44.161 error [caliper] [ethereum-connector] 	Failed tx on registroDeBatches; calling method: registrarBatch; nonce: 0x810
2026.10.01-20:31:44.161 error [caliper] [ethereum-connector] 	Error: Returned error: Transaction nonce is too distant from current sender nonce
2026.10.01-20:31:44.186 error [caliper] [ethereum-connector] 	Failed tx on registroDeBatches; calling method: registrarBatch; nonce: 0x811
2026.10.01-20:31:44.186 error [caliper] [ethereum-connector] 	Error: Returned error: Transaction nonce is too distant from current sender nonce
2026.10.01-20:31:44.211 error [caliper] [ethereum-connector] 	Failed tx on registroDeBatches; calling method: registrarBatch; nonce: 0x812
2026.10.01-20:31:44.211 error [caliper] [ethereum-connector] 	Error: Returned error: Transaction nonce is too distant from current sender nonce
2026.10.01-20:31:44.235 error [caliper] [ethereum-connector] 	Failed tx on registroDeBatches; calling method: registrarBatch; nonce: 0x813
2026.10.01-20:31:44.235 error [caliper] [ethereum-connector] 	Error: Returned error: Transaction nonce is too distant from current sender nonce
2026.10.01-20:31:44.263 error [caliper] [ethereum-connector] 	Failed tx on registroDeBatches; calling method: registrarBatch; nonce: 0x814
2026.10.01-20:31:44.263 error [caliper] [ethereum-connector] 	Error: Returned error: Transaction nonce is too distant from current sender nonce
2026.10.01-20:31:44.287 error [caliper] [ethereum-connector] 	Failed tx on registroDeBatches; calling method: registrarBatch; nonce: 0x815
2026.10.01-20:31:44.287 error [caliper] [ethereum-connector] 	Error: Returned error: Transaction nonce is too distant from current sender nonce
2026.10.01-20:31:44.312 error [caliper] [ethereum-connector] 	Failed tx on registroDeBatches; calling method: registrarBatch; nonce: 0x816
2026.10.01-20:31:44.312 error [caliper] [ethereum-connector] 	Error: Returned error: Transaction nonce is too distant from current sender nonce
2026.10.01-20:31:44.336 error [caliper] [ethereum-connector] 	Failed tx on registroDeBatches; calling method: registrarBatch; nonce: 0x817
2026.10.01-20:31:44.336 error [caliper] [ethereum-connector] 	Error: Returned error: Transaction nonce is too distant from current sender nonce
2026.10.01-20:31:44.361 error [caliper] [ethereum-connector] 	Failed tx on registroDeBatches; calling method: registrarBatch; nonce: 0x818
2026.10.01-20:31:44.361 error [caliper] [ethereum-connector] 	Error: Returned error: Transaction nonce is too distant from current sender nonce
2026.10.01-20:31:44.386 error [caliper] [ethereum-connector] 	Failed tx on registroDeBatches; calling method: registrarBatch; nonce: 0x819
2026.10.01-20:31:44.386 error [caliper] [ethereum-connector] 	Error: Returned error: Transaction nonce is too distant from current sender nonce
2026.10.01-20:31:44.413 error [caliper] [ethereum-connector] 	Failed tx on registroDeBatches; calling method: registrarBatch; nonce: 0x81a
2026.10.01-20:31:44.413 error [caliper] [ethereum-connector] 	Error: Returned error: Transaction nonce is too distant from current sender nonce
2026.10.01-20:31:44.438 error [caliper] [ethereum-connector] 	Failed tx on registroDeBatches; calling method: registrarBatch; nonce: 0x81b
2026.10.01-20:31:44.438 error [caliper] [ethereum-connector] 	Error: Returned error: Transaction nonce is too distant from current sender nonce
2026.10.01-20:31:44.462 error [caliper] [ethereum-connector] 	Failed tx on registroDeBatches; calling method: registrarBatch; nonce: 0x81c
2026.10.01-20:31:44.462 error [caliper] [ethereum-connector] 	Error: Returned error: Transaction nonce is too distant from current sender nonce
2026.10.01-20:31:44.487 error [caliper] [ethereum-connector] 	Failed tx on registroDeBatches; calling method: registrarBatch; nonce: 0x81d
2026.10.01-20:31:44.487 error [caliper] [ethereum-connector] 	Error: Returned error: Transaction nonce is too distant from current sender nonce
2026.10.01-20:31:44.511 error [caliper] [ethereum-connector] 	Failed tx on registroDeBatches; calling method: registrarBatch; nonce: 0x81e
2026.10.01-20:31:44.511 error [caliper] [ethereum-connector] 	Error: Returned error: Transaction nonce is too distant from current sender nonce
2026.10.01-20:31:44.537 error [caliper] [ethereum-connector] 	Failed tx on registroDeBatches; calling method: registrarBatch; nonce: 0x81f
2026.10.01-20:31:44.537 error [caliper] [ethereum-connector] 	Error: Returned error: Transaction nonce is too distant from current sender nonce
2026.10.01-20:31:44.562 error [caliper] [ethereum-connector] 	Failed tx on registroDeBatches; calling method: registrarBatch; nonce: 0x820
2026.10.01-20:31:44.562 error [caliper] [ethereum-connector] 	Error: Returned error: Transaction nonce is too distant from current sender nonce
2026.10.01-20:31:44.586 error [caliper] [ethereum-connector] 	Failed tx on registroDeBatches; calling method: registrarBatch; nonce: 0x821
2026.10.01-20:31:44.586 error [caliper] [ethereum-connector] 	Error: Returned error: Transaction nonce is too distant from current sender nonce
2026.10.01-20:31:44.611 error [caliper] [ethereum-connector] 	Failed tx on registroDeBatches; calling method: registrarBatch; nonce: 0x822
2026.10.01-20:31:44.611 error [caliper] [ethereum-connector] 	Error: Returned error: Transaction nonce is too distant from current sender nonce
2026.10.01-20:31:44.636 error [caliper] [ethereum-connector] 	Failed tx on registroDeBatches; calling method: registrarBatch; nonce: 0x823
2026.10.01-20:31:44.636 error [caliper] [ethereum-connector] 	Error: Returned error: Transaction nonce is too distant from current sender nonce
2026.10.01-20:31:44.663 error [caliper] [ethereum-connector] 	Failed tx on registroDeBatches; calling method: registrarBatch; nonce: 0x824
2026.10.01-20:31:44.663 error [caliper] [ethereum-connector] 	Error: Returned error: Transaction nonce is too distant from current sender nonce
2026.10.01-20:31:44.687 error [caliper] [ethereum-connector] 	Failed tx on registroDeBatches; calling method: registrarBatch; nonce: 0x825
2026.10.01-20:31:44.687 error [caliper] [ethereum-connector] 	Error: Returned error: Transaction nonce is too distant from current sender nonce
2026.10.01-20:31:44.712 error [caliper] [ethereum-connector] 	Failed tx on registroDeBatches; calling method: registrarBatch; nonce: 0x826
2026.10.01-20:31:44.712 error [caliper] [ethereum-connector] 	Error: Returned error: Transaction nonce is too distant from current sender nonce
2026.10.01-20:31:44.738 error [caliper] [ethereum-connector] 	Failed tx on registroDeBatches; calling method: registrarBatch; nonce: 0x827
2026.10.01-20:31:44.738 error [caliper] [ethereum-connector] 	Error: Returned error: Transaction nonce is too distant from current sender nonce
2026.10.01-20:31:44.762 error [caliper] [ethereum-connector] 	Failed tx on registroDeBatches; calling method: registrarBatch; nonce: 0x828
2026.10.01-20:31:44.762 error [caliper] [ethereum-connector] 	Error: Returned error: Transaction nonce is too distant from current sender nonce
2026.10.01-20:31:44.787 error [caliper] [ethereum-connector] 	Failed tx on registroDeBatches; calling method: registrarBatch; nonce: 0x829
2026.10.01-20:31:44.787 error [caliper] [ethereum-connector] 	Error: Returned error: Transaction nonce is too distant from current sender nonce
2026.10.01-20:31:44.812 error [caliper] [ethereum-connector] 	Failed tx on registroDeBatches; calling method: registrarBatch; nonce: 0x82a
2026.10.01-20:31:44.812 error [caliper] [ethereum-connector] 	Error: Returned error: Transaction nonce is too distant from current sender nonce
2026.10.01-20:31:44.837 error [caliper] [ethereum-connector] 	Failed tx on registroDeBatches; calling method: registrarBatch; nonce: 0x82b
2026.10.01-20:31:44.837 error [caliper] [ethereum-connector] 	Error: Returned error: Transaction nonce is too distant from current sender nonce
2026.10.01-20:31:44.862 error [caliper] [ethereum-connector] 	Failed tx on registroDeBatches; calling method: registrarBatch; nonce: 0x82c
2026.10.01-20:31:44.862 error [caliper] [ethereum-connector] 	Error: Returned error: Transaction nonce is too distant from current sender nonce
2026.10.01-20:31:44.886 error [caliper] [ethereum-connector] 	Failed tx on registroDeBatches; calling method: registrarBatch; nonce: 0x82d
2026.10.01-20:31:44.886 error [caliper] [ethereum-connector] 	Error: Returned error: Transaction nonce is too distant from current sender nonce
2026.10.01-20:31:44.912 error [caliper] [ethereum-connector] 	Failed tx on registroDeBatches; calling method: registrarBatch; nonce: 0x82e
2026.10.01-20:31:44.912 error [caliper] [ethereum-connector] 	Error: Returned error: Transaction nonce is too distant from current sender nonce
2026.10.01-20:31:44.939 error [caliper] [ethereum-connector] 	Failed tx on registroDeBatches; calling method: registrarBatch; nonce: 0x82f
2026.10.01-20:31:44.940 error [caliper] [ethereum-connector] 	Error: Returned error: Transaction nonce is too distant from current sender nonce
2026.10.01-20:31:44.962 error [caliper] [ethereum-connector] 	Failed tx on registroDeBatches; calling method: registrarBatch; nonce: 0x830
2026.10.01-20:31:44.962 error [caliper] [ethereum-connector] 	Error: Returned error: Transaction nonce is too distant from current sender nonce
2026.10.01-20:31:44.987 error [caliper] [ethereum-connector] 	Failed tx on registroDeBatches; calling method: registrarBatch; nonce: 0x831
2026.10.01-20:31:44.987 error [caliper] [ethereum-connector] 	Error: Returned error: Transaction nonce is too distant from current sender nonce
2026.10.01-20:31:45.009 error [caliper] [ethereum-connector] 	Failed tx on registroDeBatches; calling method: registrarBatch; nonce: 0x832
2026.10.01-20:31:45.009 error [caliper] [ethereum-connector] 	Error: Returned error: Transaction nonce is too distant from current sender nonce
2026.10.01-20:31:45.036 error [caliper] [ethereum-connector] 	Failed tx on registroDeBatches; calling method: registrarBatch; nonce: 0x833
2026.10.01-20:31:45.036 error [caliper] [ethereum-connector] 	Error: Returned error: Transaction nonce is too distant from current sender nonce
2026.10.01-20:31:45.061 error [caliper] [ethereum-connector] 	Failed tx on registroDeBatches; calling method: registrarBatch; nonce: 0x834
2026.10.01-20:31:45.061 error [caliper] [ethereum-connector] 	Error: Returned error: Transaction nonce is too distant from current sender nonce
2026.10.01-20:31:45.086 error [caliper] [ethereum-connector] 	Failed tx on registroDeBatches; calling method: registrarBatch; nonce: 0x835
2026.10.01-20:31:45.086 error [caliper] [ethereum-connector] 	Error: Returned error: Transaction nonce is too distant from current sender nonce
2026.10.01-20:31:45.111 error [caliper] [ethereum-connector] 	Failed tx on registroDeBatches; calling method: registrarBatch; nonce: 0x836
2026.10.01-20:31:45.111 error [caliper] [ethereum-connector] 	Error: Returned error: Transaction nonce is too distant from current sender nonce
2026.10.01-20:31:45.132 info  [caliper] [default-observer] 	[tps-40 Round 2 Transaction Info] - Submitted: 1161 Succ: 328 Fail:833 Unfinished:0
2026.10.01-20:31:45.137 error [caliper] [ethereum-connector] 	Failed tx on registroDeBatches; calling method: registrarBatch; nonce: 0x837
2026.10.01-20:31:45.137 error [caliper] [ethereum-connector] 	Error: Returned error: Transaction nonce is too distant from current sender nonce
2026.10.01-20:31:46.236 info  [caliper] [worker-message-handler] 	Worker#0 finished Round#2
2026.10.01-20:31:51.238 info  [caliper] [default-observer] 	Resetting txCount indicator count
2026.10.01-20:31:51.238 info  [caliper] [report-builder] 	### Test result ###
2026.10.01-20:31:51.238 info  [caliper] [report-builder] 	
+--------+------+------+-----------------+-----------------+-----------------+-----------------+------------------+
| Name   | Succ | Fail | Send Rate (TPS) | Max Latency (s) | Min Latency (s) | Avg Latency (s) | Throughput (TPS) |
|--------|------|------|-----------------|-----------------|-----------------|-----------------|------------------|
| tps-40 | 328  | 873  | 40.0            | 12.93           | 0.83            | 6.24            | 40.0             |
+--------+------+------+-----------------+-----------------+-----------------+-----------------+------------------+

2026.10.01-20:31:51.239 info  [caliper] [round-orchestrator] 	Finished round 3 (tps-40) in 30.102 seconds
2026.10.01-20:31:51.239 info  [caliper] [monitor.js] 	Stopping all monitors
2026.10.01-20:31:51.239 info  [caliper] [report-builder] 	### All test results ###
2026.10.01-20:31:51.239 info  [caliper] [report-builder] 	
+--------+------+------+-----------------+-----------------+-----------------+-----------------+------------------+
| Name   | Succ | Fail | Send Rate (TPS) | Max Latency (s) | Min Latency (s) | Avg Latency (s) | Throughput (TPS) |
|--------|------|------|-----------------|-----------------|-----------------|-----------------|------------------|
| tps-10 | 301  | 0    | 10.0            | 6.38            | 0.17            | 1.99            | 9.5              |
|--------|------|------|-----------------|-----------------|-----------------|-----------------|------------------|
| tps-20 | 601  | 0    | 20.0            | 9.25            | 0.16            | 4.75            | 15.4             |
|--------|------|------|-----------------|-----------------|-----------------|-----------------|------------------|
| tps-40 | 328  | 873  | 40.0            | 12.93           | 0.83            | 6.24            | 40.0             |
+--------+------+------+-----------------+-----------------+-----------------+-----------------+------------------+

2026.10.01-20:31:51.244 info  [caliper] [report-builder] 	Generated report with path /Users/manubjb/Desktop/QBFT-network-docker/caliper-workspace/resultados/A-txpool-padrao/rep3/report.html
2026.10.01-20:31:51.244 info  [caliper] [monitor.js] 	Stopping all monitors
2026.10.01-20:31:51.244 info  [caliper] [worker-orchestrator] 	Sending exit message to connected workers
2026.10.01-20:31:51.244 info  [caliper] [round-orchestrator] 	Benchmark finished in 128.808 seconds. Total rounds: 3. Successful rounds: 3. Failed rounds: 0.
2026.10.01-20:31:51.244 info  [caliper] [caliper-engine] 	Network configuration attribute "caliper.command.end" is not present, skipping end command
2026.10.01-20:31:51.244 info  [caliper] [cli-launch-manager] 	Benchmark successfully finished!
2026.10.01-20:31:51.244 info  [caliper] [worker-message-handler] 	Worker#0 is exiting
