2026.10.01-20:22:53.064 info  [caliper] [cli-launch-manager] 	Set workspace path: /Users/manubjb/Desktop/QBFT-network-docker/caliper-workspace
2026.10.01-20:22:53.065 info  [caliper] [cli-launch-manager] 	Set benchmark configuration path: /Users/manubjb/Desktop/QBFT-network-docker/caliper-workspace/benchmarks/config.yaml
2026.10.01-20:22:53.065 info  [caliper] [cli-launch-manager] 	Set network configuration path: /Users/manubjb/Desktop/QBFT-network-docker/caliper-workspace/networks/besuDocker.json
2026.10.01-20:22:53.065 info  [caliper] [cli-launch-manager] 	Set SUT type: ethereum
2026.10.01-20:22:53.326 info  [caliper] [benchmark-validator] 	No observer specified, will default to `none`
2026.10.01-20:22:53.326 info  [caliper] [caliper-engine] 	Starting benchmark flow
2026.10.01-20:22:53.327 info  [caliper] [caliper-engine] 	Network configuration attribute "caliper.command.start" is not present, skipping start command
2026.10.01-20:22:53.348 info  [caliper] [caliper-engine] 	Executed "init" step in 0.009 seconds
2026.10.01-20:22:53.348 info  [caliper] [ethereum-connector] 	Creating contracts...
2026.10.01-20:22:54.232 info  [caliper] [ethereum-connector] 	Deployed contract undefined at 0x8CdaF0CD259887258Bc13a92C0a6dA92698644C0
2026.10.01-20:22:54.233 info  [caliper] [caliper-engine] 	Executed "install" step in 0.885 seconds
2026.10.01-20:22:54.234 info  [caliper] [monitor.js] 	No resource monitors specified
2026.10.01-20:22:54.235 info  [caliper] [default-observer] 	Observer interval set to 5000 milliseconds
2026.10.01-20:22:54.236 info  [caliper] [round-orchestrator] 	Preparing worker connections
2026.10.01-20:22:54.236 info  [caliper] [worker-orchestrator] 	Launching worker 1 of 1
2026.10.01-20:22:54.238 info  [caliper] [worker-orchestrator] 	Messenger not configured, entering configure phase...
2026.10.01-20:22:54.238 info  [caliper] [worker-orchestrator] 	No existing workers detected, entering worker launch phase...
2026.10.01-20:22:54.238 info  [caliper] [worker-orchestrator] 	Waiting for 1 workers to be connected...
2026.10.01-20:22:54.342 info  [caliper] [cli-launch-worker] 	Set workspace path: /Users/manubjb/Desktop/QBFT-network-docker/caliper-workspace
2026.10.01-20:22:54.343 info  [caliper] [cli-launch-worker] 	Set benchmark configuration path: /Users/manubjb/Desktop/QBFT-network-docker/caliper-workspace/benchmarks/config.yaml
2026.10.01-20:22:54.343 info  [caliper] [cli-launch-worker] 	Set network configuration path: /Users/manubjb/Desktop/QBFT-network-docker/caliper-workspace/networks/besuDocker.json
2026.10.01-20:22:54.343 info  [caliper] [cli-launch-worker] 	Set SUT type: ethereum
2026.10.01-20:22:54.466 info  [caliper] [worker-orchestrator] 	1 workers connected, progressing to worker assignment phase.
2026.10.01-20:22:54.466 info  [caliper] [worker-orchestrator] 	Workers currently unassigned, awaiting index assignment...
2026.10.01-20:22:54.466 info  [caliper] [worker-orchestrator] 	Waiting for 1 workers to be assigned...
2026.10.01-20:22:54.472 info  [caliper] [worker-orchestrator] 	1 workers assigned, progressing to worker initialization phase.
2026.10.01-20:22:54.472 info  [caliper] [worker-orchestrator] 	Waiting for 1 workers to be ready...
2026.10.01-20:22:54.472 info  [caliper] [worker-message-handler] 	Initializing Worker#0...
2026.10.01-20:22:54.478 info  [caliper] [worker-message-handler] 	Worker#0 initialized
2026.10.01-20:22:54.479 info  [caliper] [worker-orchestrator] 	1 workers ready, progressing to test preparation phase.
2026.10.01-20:22:54.479 info  [caliper] [round-orchestrator] 	Started round 1 (tps-10)
2026.10.01-20:22:54.479 info  [caliper] [worker-message-handler] 	Preparing Worker#0 for Round#0
2026.10.01-20:22:54.502 info  [caliper] [caliper-worker] 	Info: worker 0 prepare test phase for round 0 is starting...
2026.10.01-20:22:54.504 info  [caliper] [caliper-worker] 	Info: worker 0 prepare test phase for round 0 is completed
2026.10.01-20:22:54.504 info  [caliper] [worker-message-handler] 	Worker#0 prepared for Round#0
2026.10.01-20:22:54.505 info  [caliper] [worker-orchestrator] 	1 workers prepared, progressing to test phase.
2026.10.01-20:22:54.505 info  [caliper] [round-orchestrator] 	Monitors successfully started
2026.10.01-20:22:54.506 info  [caliper] [worker-message-handler] 	Worker#0 is starting Round#0
2026.10.01-20:22:54.516 info  [caliper] [caliper-worker] 	Worker #0 starting workload loop
2026.10.01-20:22:59.511 info  [caliper] [default-observer] 	[tps-10 Round 0 Transaction Info] - Submitted: 40 Succ: 0 Fail:0 Unfinished:40
2026.10.01-20:23:04.507 info  [caliper] [default-observer] 	[tps-10 Round 0 Transaction Info] - Submitted: 91 Succ: 10 Fail:0 Unfinished:81
2026.10.01-20:23:09.508 info  [caliper] [default-observer] 	[tps-10 Round 0 Transaction Info] - Submitted: 140 Succ: 106 Fail:0 Unfinished:34
2026.10.01-20:23:14.509 info  [caliper] [default-observer] 	[tps-10 Round 0 Transaction Info] - Submitted: 190 Succ: 170 Fail:0 Unfinished:20
2026.10.01-20:23:19.510 info  [caliper] [default-observer] 	[tps-10 Round 0 Transaction Info] - Submitted: 241 Succ: 233 Fail:0 Unfinished:8
2026.10.01-20:23:24.510 info  [caliper] [default-observer] 	[tps-10 Round 0 Transaction Info] - Submitted: 291 Succ: 275 Fail:0 Unfinished:16
2026.10.01-20:23:27.134 info  [caliper] [worker-message-handler] 	Worker#0 finished Round#0
2026.10.01-20:23:32.136 info  [caliper] [default-observer] 	Resetting txCount indicator count
2026.10.01-20:23:32.136 info  [caliper] [report-builder] 	### Test result ###
2026.10.01-20:23:32.138 info  [caliper] [report-builder] 	
+--------+------+------+-----------------+-----------------+-----------------+-----------------+------------------+
| Name   | Succ | Fail | Send Rate (TPS) | Max Latency (s) | Min Latency (s) | Avg Latency (s) | Throughput (TPS) |
|--------|------|------|-----------------|-----------------|-----------------|-----------------|------------------|
| tps-10 | 301  | 0    | 10.0            | 8.81            | 0.24            | 3.39            | 9.5              |
+--------+------+------+-----------------+-----------------+-----------------+-----------------+------------------+

2026.10.01-20:23:32.139 info  [caliper] [round-orchestrator] 	Finished round 1 (tps-10) in 31.617 seconds
2026.10.01-20:23:32.139 info  [caliper] [monitor.js] 	Stopping all monitors
2026.10.01-20:23:32.139 info  [caliper] [round-orchestrator] 	Waiting 5 seconds for the next round...
2026.10.01-20:23:37.140 info  [caliper] [round-orchestrator] 	Started round 2 (tps-20)
2026.10.01-20:23:37.141 info  [caliper] [worker-message-handler] 	Preparing Worker#0 for Round#1
2026.10.01-20:23:37.153 info  [caliper] [caliper-worker] 	Info: worker 0 prepare test phase for round 1 is starting...
2026.10.01-20:23:37.154 info  [caliper] [caliper-worker] 	Info: worker 0 prepare test phase for round 1 is completed
2026.10.01-20:23:37.154 info  [caliper] [worker-message-handler] 	Worker#0 prepared for Round#1
2026.10.01-20:23:37.154 info  [caliper] [worker-orchestrator] 	1 workers prepared, progressing to test phase.
2026.10.01-20:23:37.154 info  [caliper] [round-orchestrator] 	Monitors successfully started
2026.10.01-20:23:37.154 info  [caliper] [worker-message-handler] 	Worker#0 is starting Round#1
2026.10.01-20:23:37.160 info  [caliper] [caliper-worker] 	Worker #0 starting workload loop
2026.10.01-20:23:42.155 info  [caliper] [default-observer] 	[tps-20 Round 1 Transaction Info] - Submitted: 80 Succ: 47 Fail:0 Unfinished:33
2026.10.01-20:23:47.156 info  [caliper] [default-observer] 	[tps-20 Round 1 Transaction Info] - Submitted: 181 Succ: 111 Fail:0 Unfinished:70
2026.10.01-20:23:52.157 info  [caliper] [default-observer] 	[tps-20 Round 1 Transaction Info] - Submitted: 281 Succ: 207 Fail:0 Unfinished:74
2026.10.01-20:23:57.158 info  [caliper] [default-observer] 	[tps-20 Round 1 Transaction Info] - Submitted: 381 Succ: 303 Fail:0 Unfinished:78
2026.10.01-20:24:02.159 info  [caliper] [default-observer] 	[tps-20 Round 1 Transaction Info] - Submitted: 481 Succ: 367 Fail:0 Unfinished:114
2026.10.01-20:24:07.160 info  [caliper] [default-observer] 	[tps-20 Round 1 Transaction Info] - Submitted: 581 Succ: 431 Fail:0 Unfinished:150
2026.10.01-20:24:12.161 info  [caliper] [default-observer] 	[tps-20 Round 1 Transaction Info] - Submitted: 601 Succ: 527 Fail:0 Unfinished:74
2026.10.01-20:24:17.143 info  [caliper] [worker-message-handler] 	Worker#0 finished Round#1
2026.10.01-20:24:22.144 info  [caliper] [default-observer] 	Resetting txCount indicator count
2026.10.01-20:24:22.144 info  [caliper] [report-builder] 	### Test result ###
2026.10.01-20:24:22.145 info  [caliper] [report-builder] 	
+--------+------+------+-----------------+-----------------+-----------------+-----------------+------------------+
| Name   | Succ | Fail | Send Rate (TPS) | Max Latency (s) | Min Latency (s) | Avg Latency (s) | Throughput (TPS) |
|--------|------|------|-----------------|-----------------|-----------------|-----------------|------------------|
| tps-20 | 601  | 0    | 20.0            | 9.36            | 0.23            | 4.85            | 15.4             |
+--------+------+------+-----------------+-----------------+-----------------+-----------------+------------------+

2026.10.01-20:24:22.145 info  [caliper] [round-orchestrator] 	Finished round 2 (tps-20) in 38.982 seconds
2026.10.01-20:24:22.145 info  [caliper] [monitor.js] 	Stopping all monitors
2026.10.01-20:24:22.145 info  [caliper] [round-orchestrator] 	Waiting 5 seconds for the next round...
2026.10.01-20:24:27.146 info  [caliper] [round-orchestrator] 	Started round 3 (tps-40)
2026.10.01-20:24:27.148 info  [caliper] [worker-message-handler] 	Preparing Worker#0 for Round#2
2026.10.01-20:24:27.163 info  [caliper] [caliper-worker] 	Info: worker 0 prepare test phase for round 2 is starting...
2026.10.01-20:24:27.164 info  [caliper] [caliper-worker] 	Info: worker 0 prepare test phase for round 2 is completed
2026.10.01-20:24:27.164 info  [caliper] [worker-message-handler] 	Worker#0 prepared for Round#2
2026.10.01-20:24:27.165 info  [caliper] [worker-orchestrator] 	1 workers prepared, progressing to test phase.
2026.10.01-20:24:27.165 info  [caliper] [round-orchestrator] 	Monitors successfully started
2026.10.01-20:24:27.165 info  [caliper] [worker-message-handler] 	Worker#0 is starting Round#2
2026.10.01-20:24:27.171 info  [caliper] [caliper-worker] 	Worker #0 starting workload loop
2026.10.01-20:24:32.165 info  [caliper] [default-observer] 	[tps-40 Round 2 Transaction Info] - Submitted: 160 Succ: 64 Fail:0 Unfinished:96
2026.10.01-20:24:35.384 error [caliper] [ethereum-connector] 	Failed tx on registroDeBatches; calling method: registrarBatch; nonce: 0x4cf
2026.10.01-20:24:35.384 error [caliper] [ethereum-connector] 	Error: Returned error: Transaction nonce is too distant from current sender nonce
2026.10.01-20:24:35.402 error [caliper] [ethereum-connector] 	Failed tx on registroDeBatches; calling method: registrarBatch; nonce: 0x4d0
2026.10.01-20:24:35.402 error [caliper] [ethereum-connector] 	Error: Returned error: Transaction nonce is too distant from current sender nonce
2026.10.01-20:24:35.425 error [caliper] [ethereum-connector] 	Failed tx on registroDeBatches; calling method: registrarBatch; nonce: 0x4d1
2026.10.01-20:24:35.425 error [caliper] [ethereum-connector] 	Error: Returned error: Transaction nonce is too distant from current sender nonce
2026.10.01-20:24:35.451 error [caliper] [ethereum-connector] 	Failed tx on registroDeBatches; calling method: registrarBatch; nonce: 0x4d2
2026.10.01-20:24:35.451 error [caliper] [ethereum-connector] 	Error: Returned error: Transaction nonce is too distant from current sender nonce
2026.10.01-20:24:35.474 error [caliper] [ethereum-connector] 	Failed tx on registroDeBatches; calling method: registrarBatch; nonce: 0x4d3
2026.10.01-20:24:35.474 error [caliper] [ethereum-connector] 	Error: Returned error: Transaction nonce is too distant from current sender nonce
2026.10.01-20:24:35.500 error [caliper] [ethereum-connector] 	Failed tx on registroDeBatches; calling method: registrarBatch; nonce: 0x4d4
2026.10.01-20:24:35.500 error [caliper] [ethereum-connector] 	Error: Returned error: Transaction nonce is too distant from current sender nonce
2026.10.01-20:24:35.524 error [caliper] [ethereum-connector] 	Failed tx on registroDeBatches; calling method: registrarBatch; nonce: 0x4d5
2026.10.01-20:24:35.524 error [caliper] [ethereum-connector] 	Error: Returned error: Transaction nonce is too distant from current sender nonce
2026.10.01-20:24:35.550 error [caliper] [ethereum-connector] 	Failed tx on registroDeBatches; calling method: registrarBatch; nonce: 0x4d6
2026.10.01-20:24:35.550 error [caliper] [ethereum-connector] 	Error: Returned error: Transaction nonce is too distant from current sender nonce
2026.10.01-20:24:35.574 error [caliper] [ethereum-connector] 	Failed tx on registroDeBatches; calling method: registrarBatch; nonce: 0x4d7
2026.10.01-20:24:35.574 error [caliper] [ethereum-connector] 	Error: Returned error: Transaction nonce is too distant from current sender nonce
2026.10.01-20:24:35.600 error [caliper] [ethereum-connector] 	Failed tx on registroDeBatches; calling method: registrarBatch; nonce: 0x4d8
2026.10.01-20:24:35.600 error [caliper] [ethereum-connector] 	Error: Returned error: Transaction nonce is too distant from current sender nonce
2026.10.01-20:24:35.625 error [caliper] [ethereum-connector] 	Failed tx on registroDeBatches; calling method: registrarBatch; nonce: 0x4d9
2026.10.01-20:24:35.625 error [caliper] [ethereum-connector] 	Error: Returned error: Transaction nonce is too distant from current sender nonce
2026.10.01-20:24:35.651 error [caliper] [ethereum-connector] 	Failed tx on registroDeBatches; calling method: registrarBatch; nonce: 0x4da
2026.10.01-20:24:35.651 error [caliper] [ethereum-connector] 	Error: Returned error: Transaction nonce is too distant from current sender nonce
2026.10.01-20:24:35.674 error [caliper] [ethereum-connector] 	Failed tx on registroDeBatches; calling method: registrarBatch; nonce: 0x4db
2026.10.01-20:24:35.674 error [caliper] [ethereum-connector] 	Error: Returned error: Transaction nonce is too distant from current sender nonce
2026.10.01-20:24:35.701 error [caliper] [ethereum-connector] 	Failed tx on registroDeBatches; calling method: registrarBatch; nonce: 0x4dc
2026.10.01-20:24:35.701 error [caliper] [ethereum-connector] 	Error: Returned error: Transaction nonce is too distant from current sender nonce
2026.10.01-20:24:35.726 error [caliper] [ethereum-connector] 	Failed tx on registroDeBatches; calling method: registrarBatch; nonce: 0x4dd
2026.10.01-20:24:35.726 error [caliper] [ethereum-connector] 	Error: Returned error: Transaction nonce is too distant from current sender nonce
2026.10.01-20:24:35.750 error [caliper] [ethereum-connector] 	Failed tx on registroDeBatches; calling method: registrarBatch; nonce: 0x4de
2026.10.01-20:24:35.750 error [caliper] [ethereum-connector] 	Error: Returned error: Transaction nonce is too distant from current sender nonce
2026.10.01-20:24:35.775 error [caliper] [ethereum-connector] 	Failed tx on registroDeBatches; calling method: registrarBatch; nonce: 0x4df
2026.10.01-20:24:35.775 error [caliper] [ethereum-connector] 	Error: Returned error: Transaction nonce is too distant from current sender nonce
2026.10.01-20:24:35.799 error [caliper] [ethereum-connector] 	Failed tx on registroDeBatches; calling method: registrarBatch; nonce: 0x4e0
2026.10.01-20:24:35.799 error [caliper] [ethereum-connector] 	Error: Returned error: Transaction nonce is too distant from current sender nonce
2026.10.01-20:24:35.824 error [caliper] [ethereum-connector] 	Failed tx on registroDeBatches; calling method: registrarBatch; nonce: 0x4e1
2026.10.01-20:24:35.824 error [caliper] [ethereum-connector] 	Error: Returned error: Transaction nonce is too distant from current sender nonce
2026.10.01-20:24:35.851 error [caliper] [ethereum-connector] 	Failed tx on registroDeBatches; calling method: registrarBatch; nonce: 0x4e2
2026.10.01-20:24:35.851 error [caliper] [ethereum-connector] 	Error: Returned error: Transaction nonce is too distant from current sender nonce
2026.10.01-20:24:35.874 error [caliper] [ethereum-connector] 	Failed tx on registroDeBatches; calling method: registrarBatch; nonce: 0x4e3
2026.10.01-20:24:35.875 error [caliper] [ethereum-connector] 	Error: Returned error: Transaction nonce is too distant from current sender nonce
2026.10.01-20:24:35.902 error [caliper] [ethereum-connector] 	Failed tx on registroDeBatches; calling method: registrarBatch; nonce: 0x4e4
2026.10.01-20:24:35.902 error [caliper] [ethereum-connector] 	Error: Returned error: Transaction nonce is too distant from current sender nonce
2026.10.01-20:24:35.925 error [caliper] [ethereum-connector] 	Failed tx on registroDeBatches; calling method: registrarBatch; nonce: 0x4e5
2026.10.01-20:24:35.925 error [caliper] [ethereum-connector] 	Error: Returned error: Transaction nonce is too distant from current sender nonce
2026.10.01-20:24:35.951 error [caliper] [ethereum-connector] 	Failed tx on registroDeBatches; calling method: registrarBatch; nonce: 0x4e6
2026.10.01-20:24:35.952 error [caliper] [ethereum-connector] 	Error: Returned error: Transaction nonce is too distant from current sender nonce
2026.10.01-20:24:35.976 error [caliper] [ethereum-connector] 	Failed tx on registroDeBatches; calling method: registrarBatch; nonce: 0x4e7
2026.10.01-20:24:35.976 error [caliper] [ethereum-connector] 	Error: Returned error: Transaction nonce is too distant from current sender nonce
2026.10.01-20:24:36.001 error [caliper] [ethereum-connector] 	Failed tx on registroDeBatches; calling method: registrarBatch; nonce: 0x4e8
2026.10.01-20:24:36.001 error [caliper] [ethereum-connector] 	Error: Returned error: Transaction nonce is too distant from current sender nonce
2026.10.01-20:24:36.031 error [caliper] [ethereum-connector] 	Failed tx on registroDeBatches; calling method: registrarBatch; nonce: 0x4e9
2026.10.01-20:24:36.032 error [caliper] [ethereum-connector] 	Error: Returned error: Transaction nonce is too distant from current sender nonce
2026.10.01-20:24:36.061 error [caliper] [ethereum-connector] 	Failed tx on registroDeBatches; calling method: registrarBatch; nonce: 0x4ea
2026.10.01-20:24:36.061 error [caliper] [ethereum-connector] 	Error: Returned error: Transaction nonce is too distant from current sender nonce
2026.10.01-20:24:36.080 error [caliper] [ethereum-connector] 	Failed tx on registroDeBatches; calling method: registrarBatch; nonce: 0x4eb
2026.10.01-20:24:36.080 error [caliper] [ethereum-connector] 	Error: Returned error: Transaction nonce is too distant from current sender nonce
2026.10.01-20:24:36.103 error [caliper] [ethereum-connector] 	Failed tx on registroDeBatches; calling method: registrarBatch; nonce: 0x4ec
2026.10.01-20:24:36.104 error [caliper] [ethereum-connector] 	Error: Returned error: Transaction nonce is too distant from current sender nonce
2026.10.01-20:24:36.127 error [caliper] [ethereum-connector] 	Failed tx on registroDeBatches; calling method: registrarBatch; nonce: 0x4ed
2026.10.01-20:24:36.127 error [caliper] [ethereum-connector] 	Error: Returned error: Transaction nonce is too distant from current sender nonce
2026.10.01-20:24:36.201 error [caliper] [ethereum-connector] 	Failed tx on registroDeBatches; calling method: registrarBatch; nonce: 0x4ef
2026.10.01-20:24:36.201 error [caliper] [ethereum-connector] 	Error: Returned error: Transaction nonce is too distant from current sender nonce
2026.10.01-20:24:36.201 error [caliper] [ethereum-connector] 	Failed tx on registroDeBatches; calling method: registrarBatch; nonce: 0x4f0
2026.10.01-20:24:36.201 error [caliper] [ethereum-connector] 	Error: Returned error: Transaction nonce is too distant from current sender nonce
2026.10.01-20:24:36.225 error [caliper] [ethereum-connector] 	Failed tx on registroDeBatches; calling method: registrarBatch; nonce: 0x4f1
2026.10.01-20:24:36.226 error [caliper] [ethereum-connector] 	Error: Returned error: Transaction nonce is too distant from current sender nonce
2026.10.01-20:24:36.251 error [caliper] [ethereum-connector] 	Failed tx on registroDeBatches; calling method: registrarBatch; nonce: 0x4f2
2026.10.01-20:24:36.251 error [caliper] [ethereum-connector] 	Error: Returned error: Transaction nonce is too distant from current sender nonce
2026.10.01-20:24:36.274 error [caliper] [ethereum-connector] 	Failed tx on registroDeBatches; calling method: registrarBatch; nonce: 0x4f3
2026.10.01-20:24:36.274 error [caliper] [ethereum-connector] 	Error: Returned error: Transaction nonce is too distant from current sender nonce
2026.10.01-20:24:36.301 error [caliper] [ethereum-connector] 	Failed tx on registroDeBatches; calling method: registrarBatch; nonce: 0x4f4
2026.10.01-20:24:36.301 error [caliper] [ethereum-connector] 	Error: Returned error: Transaction nonce is too distant from current sender nonce
2026.10.01-20:24:36.325 error [caliper] [ethereum-connector] 	Failed tx on registroDeBatches; calling method: registrarBatch; nonce: 0x4f5
2026.10.01-20:24:36.325 error [caliper] [ethereum-connector] 	Error: Returned error: Transaction nonce is too distant from current sender nonce
2026.10.01-20:24:36.350 error [caliper] [ethereum-connector] 	Failed tx on registroDeBatches; calling method: registrarBatch; nonce: 0x4f6
2026.10.01-20:24:36.350 error [caliper] [ethereum-connector] 	Error: Returned error: Transaction nonce is too distant from current sender nonce
2026.10.01-20:24:36.375 error [caliper] [ethereum-connector] 	Failed tx on registroDeBatches; calling method: registrarBatch; nonce: 0x4f7
2026.10.01-20:24:36.375 error [caliper] [ethereum-connector] 	Error: Returned error: Transaction nonce is too distant from current sender nonce
2026.10.01-20:24:36.401 error [caliper] [ethereum-connector] 	Failed tx on registroDeBatches; calling method: registrarBatch; nonce: 0x4f8
2026.10.01-20:24:36.401 error [caliper] [ethereum-connector] 	Error: Returned error: Transaction nonce is too distant from current sender nonce
2026.10.01-20:24:36.424 error [caliper] [ethereum-connector] 	Failed tx on registroDeBatches; calling method: registrarBatch; nonce: 0x4f9
2026.10.01-20:24:36.424 error [caliper] [ethereum-connector] 	Error: Returned error: Transaction nonce is too distant from current sender nonce
2026.10.01-20:24:36.449 error [caliper] [ethereum-connector] 	Failed tx on registroDeBatches; calling method: registrarBatch; nonce: 0x4fa
2026.10.01-20:24:36.449 error [caliper] [ethereum-connector] 	Error: Returned error: Transaction nonce is too distant from current sender nonce
2026.10.01-20:24:36.475 error [caliper] [ethereum-connector] 	Failed tx on registroDeBatches; calling method: registrarBatch; nonce: 0x4fb
2026.10.01-20:24:36.475 error [caliper] [ethereum-connector] 	Error: Returned error: Transaction nonce is too distant from current sender nonce
2026.10.01-20:24:36.501 error [caliper] [ethereum-connector] 	Failed tx on registroDeBatches; calling method: registrarBatch; nonce: 0x4fc
2026.10.01-20:24:36.501 error [caliper] [ethereum-connector] 	Error: Returned error: Transaction nonce is too distant from current sender nonce
2026.10.01-20:24:36.525 error [caliper] [ethereum-connector] 	Failed tx on registroDeBatches; calling method: registrarBatch; nonce: 0x4fd
2026.10.01-20:24:36.526 error [caliper] [ethereum-connector] 	Error: Returned error: Transaction nonce is too distant from current sender nonce
2026.10.01-20:24:36.551 error [caliper] [ethereum-connector] 	Failed tx on registroDeBatches; calling method: registrarBatch; nonce: 0x4fe
2026.10.01-20:24:36.551 error [caliper] [ethereum-connector] 	Error: Returned error: Transaction nonce is too distant from current sender nonce
2026.10.01-20:24:36.575 error [caliper] [ethereum-connector] 	Failed tx on registroDeBatches; calling method: registrarBatch; nonce: 0x4ff
2026.10.01-20:24:36.575 error [caliper] [ethereum-connector] 	Error: Returned error: Transaction nonce is too distant from current sender nonce
2026.10.01-20:24:36.601 error [caliper] [ethereum-connector] 	Failed tx on registroDeBatches; calling method: registrarBatch; nonce: 0x500
2026.10.01-20:24:36.601 error [caliper] [ethereum-connector] 	Error: Returned error: Transaction nonce is too distant from current sender nonce
2026.10.01-20:24:36.625 error [caliper] [ethereum-connector] 	Failed tx on registroDeBatches; calling method: registrarBatch; nonce: 0x501
2026.10.01-20:24:36.625 error [caliper] [ethereum-connector] 	Error: Returned error: Transaction nonce is too distant from current sender nonce
2026.10.01-20:24:36.651 error [caliper] [ethereum-connector] 	Failed tx on registroDeBatches; calling method: registrarBatch; nonce: 0x502
2026.10.01-20:24:36.651 error [caliper] [ethereum-connector] 	Error: Returned error: Transaction nonce is too distant from current sender nonce
2026.10.01-20:24:36.676 error [caliper] [ethereum-connector] 	Failed tx on registroDeBatches; calling method: registrarBatch; nonce: 0x503
2026.10.01-20:24:36.676 error [caliper] [ethereum-connector] 	Error: Returned error: Transaction nonce is too distant from current sender nonce
2026.10.01-20:24:36.700 error [caliper] [ethereum-connector] 	Failed tx on registroDeBatches; calling method: registrarBatch; nonce: 0x504
2026.10.01-20:24:36.700 error [caliper] [ethereum-connector] 	Error: Returned error: Transaction nonce is too distant from current sender nonce
2026.10.01-20:24:36.725 error [caliper] [ethereum-connector] 	Failed tx on registroDeBatches; calling method: registrarBatch; nonce: 0x505
2026.10.01-20:24:36.725 error [caliper] [ethereum-connector] 	Error: Returned error: Transaction nonce is too distant from current sender nonce
2026.10.01-20:24:36.752 error [caliper] [ethereum-connector] 	Failed tx on registroDeBatches; calling method: registrarBatch; nonce: 0x506
2026.10.01-20:24:36.752 error [caliper] [ethereum-connector] 	Error: Returned error: Transaction nonce is too distant from current sender nonce
2026.10.01-20:24:36.775 error [caliper] [ethereum-connector] 	Failed tx on registroDeBatches; calling method: registrarBatch; nonce: 0x507
2026.10.01-20:24:36.775 error [caliper] [ethereum-connector] 	Error: Returned error: Transaction nonce is too distant from current sender nonce
2026.10.01-20:24:36.801 error [caliper] [ethereum-connector] 	Failed tx on registroDeBatches; calling method: registrarBatch; nonce: 0x508
2026.10.01-20:24:36.801 error [caliper] [ethereum-connector] 	Error: Returned error: Transaction nonce is too distant from current sender nonce
2026.10.01-20:24:36.825 error [caliper] [ethereum-connector] 	Failed tx on registroDeBatches; calling method: registrarBatch; nonce: 0x509
2026.10.01-20:24:36.825 error [caliper] [ethereum-connector] 	Error: Returned error: Transaction nonce is too distant from current sender nonce
2026.10.01-20:24:36.850 error [caliper] [ethereum-connector] 	Failed tx on registroDeBatches; calling method: registrarBatch; nonce: 0x50a
2026.10.01-20:24:36.850 error [caliper] [ethereum-connector] 	Error: Returned error: Transaction nonce is too distant from current sender nonce
2026.10.01-20:24:36.874 error [caliper] [ethereum-connector] 	Failed tx on registroDeBatches; calling method: registrarBatch; nonce: 0x50b
2026.10.01-20:24:36.874 error [caliper] [ethereum-connector] 	Error: Returned error: Transaction nonce is too distant from current sender nonce
2026.10.01-20:24:36.900 error [caliper] [ethereum-connector] 	Failed tx on registroDeBatches; calling method: registrarBatch; nonce: 0x50c
2026.10.01-20:24:36.900 error [caliper] [ethereum-connector] 	Error: Returned error: Transaction nonce is too distant from current sender nonce
2026.10.01-20:24:36.925 error [caliper] [ethereum-connector] 	Failed tx on registroDeBatches; calling method: registrarBatch; nonce: 0x50d
2026.10.01-20:24:36.925 error [caliper] [ethereum-connector] 	Error: Returned error: Transaction nonce is too distant from current sender nonce
2026.10.01-20:24:36.950 error [caliper] [ethereum-connector] 	Failed tx on registroDeBatches; calling method: registrarBatch; nonce: 0x50e
2026.10.01-20:24:36.950 error [caliper] [ethereum-connector] 	Error: Returned error: Transaction nonce is too distant from current sender nonce
2026.10.01-20:24:36.977 error [caliper] [ethereum-connector] 	Failed tx on registroDeBatches; calling method: registrarBatch; nonce: 0x50f
2026.10.01-20:24:36.977 error [caliper] [ethereum-connector] 	Error: Returned error: Transaction nonce is too distant from current sender nonce
2026.10.01-20:24:37.000 error [caliper] [ethereum-connector] 	Failed tx on registroDeBatches; calling method: registrarBatch; nonce: 0x510
2026.10.01-20:24:37.000 error [caliper] [ethereum-connector] 	Error: Returned error: Transaction nonce is too distant from current sender nonce
2026.10.01-20:24:37.024 error [caliper] [ethereum-connector] 	Failed tx on registroDeBatches; calling method: registrarBatch; nonce: 0x511
2026.10.01-20:24:37.024 error [caliper] [ethereum-connector] 	Error: Returned error: Transaction nonce is too distant from current sender nonce
2026.10.01-20:24:37.053 error [caliper] [ethereum-connector] 	Failed tx on registroDeBatches; calling method: registrarBatch; nonce: 0x512
2026.10.01-20:24:37.053 error [caliper] [ethereum-connector] 	Error: Returned error: Transaction nonce is too distant from current sender nonce
2026.10.01-20:24:37.081 error [caliper] [ethereum-connector] 	Failed tx on registroDeBatches; calling method: registrarBatch; nonce: 0x513
2026.10.01-20:24:37.082 error [caliper] [ethereum-connector] 	Error: Returned error: Transaction nonce is too distant from current sender nonce
2026.10.01-20:24:37.099 error [caliper] [ethereum-connector] 	Failed tx on registroDeBatches; calling method: registrarBatch; nonce: 0x514
2026.10.01-20:24:37.100 error [caliper] [ethereum-connector] 	Error: Returned error: Transaction nonce is too distant from current sender nonce
2026.10.01-20:24:37.124 error [caliper] [ethereum-connector] 	Failed tx on registroDeBatches; calling method: registrarBatch; nonce: 0x515
2026.10.01-20:24:37.124 error [caliper] [ethereum-connector] 	Error: Returned error: Transaction nonce is too distant from current sender nonce
2026.10.01-20:24:37.149 error [caliper] [ethereum-connector] 	Failed tx on registroDeBatches; calling method: registrarBatch; nonce: 0x516
2026.10.01-20:24:37.149 error [caliper] [ethereum-connector] 	Error: Returned error: Transaction nonce is too distant from current sender nonce
2026.10.01-20:24:37.166 info  [caliper] [default-observer] 	[tps-40 Round 2 Transaction Info] - Submitted: 361 Succ: 160 Fail:31 Unfinished:170
2026.10.01-20:24:37.174 error [caliper] [ethereum-connector] 	Failed tx on registroDeBatches; calling method: registrarBatch; nonce: 0x517
2026.10.01-20:24:37.174 error [caliper] [ethereum-connector] 	Error: Returned error: Transaction nonce is too distant from current sender nonce
2026.10.01-20:24:37.199 error [caliper] [ethereum-connector] 	Failed tx on registroDeBatches; calling method: registrarBatch; nonce: 0x518
2026.10.01-20:24:37.199 error [caliper] [ethereum-connector] 	Error: Returned error: Transaction nonce is too distant from current sender nonce
2026.10.01-20:24:37.224 error [caliper] [ethereum-connector] 	Failed tx on registroDeBatches; calling method: registrarBatch; nonce: 0x519
2026.10.01-20:24:37.224 error [caliper] [ethereum-connector] 	Error: Returned error: Transaction nonce is too distant from current sender nonce
2026.10.01-20:24:37.249 error [caliper] [ethereum-connector] 	Failed tx on registroDeBatches; calling method: registrarBatch; nonce: 0x51a
2026.10.01-20:24:37.249 error [caliper] [ethereum-connector] 	Error: Returned error: Transaction nonce is too distant from current sender nonce
2026.10.01-20:24:37.274 error [caliper] [ethereum-connector] 	Failed tx on registroDeBatches; calling method: registrarBatch; nonce: 0x51b
2026.10.01-20:24:37.274 error [caliper] [ethereum-connector] 	Error: Returned error: Transaction nonce is too distant from current sender nonce
2026.10.01-20:24:37.300 error [caliper] [ethereum-connector] 	Failed tx on registroDeBatches; calling method: registrarBatch; nonce: 0x51c
2026.10.01-20:24:37.300 error [caliper] [ethereum-connector] 	Error: Returned error: Transaction nonce is too distant from current sender nonce
2026.10.01-20:24:37.324 error [caliper] [ethereum-connector] 	Failed tx on registroDeBatches; calling method: registrarBatch; nonce: 0x51d
2026.10.01-20:24:37.324 error [caliper] [ethereum-connector] 	Error: Returned error: Transaction nonce is too distant from current sender nonce
2026.10.01-20:24:37.349 error [caliper] [ethereum-connector] 	Failed tx on registroDeBatches; calling method: registrarBatch; nonce: 0x51e
2026.10.01-20:24:37.349 error [caliper] [ethereum-connector] 	Error: Returned error: Transaction nonce is too distant from current sender nonce
2026.10.01-20:24:37.375 error [caliper] [ethereum-connector] 	Failed tx on registroDeBatches; calling method: registrarBatch; nonce: 0x51f
2026.10.01-20:24:37.375 error [caliper] [ethereum-connector] 	Error: Returned error: Transaction nonce is too distant from current sender nonce
2026.10.01-20:24:37.401 error [caliper] [ethereum-connector] 	Failed tx on registroDeBatches; calling method: registrarBatch; nonce: 0x520
2026.10.01-20:24:37.401 error [caliper] [ethereum-connector] 	Error: Returned error: Transaction nonce is too distant from current sender nonce
2026.10.01-20:24:37.426 error [caliper] [ethereum-connector] 	Failed tx on registroDeBatches; calling method: registrarBatch; nonce: 0x521
2026.10.01-20:24:37.426 error [caliper] [ethereum-connector] 	Error: Returned error: Transaction nonce is too distant from current sender nonce
2026.10.01-20:24:37.450 error [caliper] [ethereum-connector] 	Failed tx on registroDeBatches; calling method: registrarBatch; nonce: 0x522
2026.10.01-20:24:37.450 error [caliper] [ethereum-connector] 	Error: Returned error: Transaction nonce is too distant from current sender nonce
2026.10.01-20:24:37.476 error [caliper] [ethereum-connector] 	Failed tx on registroDeBatches; calling method: registrarBatch; nonce: 0x523
2026.10.01-20:24:37.476 error [caliper] [ethereum-connector] 	Error: Returned error: Transaction nonce is too distant from current sender nonce
2026.10.01-20:24:37.501 error [caliper] [ethereum-connector] 	Failed tx on registroDeBatches; calling method: registrarBatch; nonce: 0x524
2026.10.01-20:24:37.501 error [caliper] [ethereum-connector] 	Error: Returned error: Transaction nonce is too distant from current sender nonce
2026.10.01-20:24:37.526 error [caliper] [ethereum-connector] 	Failed tx on registroDeBatches; calling method: registrarBatch; nonce: 0x525
2026.10.01-20:24:37.526 error [caliper] [ethereum-connector] 	Error: Returned error: Transaction nonce is too distant from current sender nonce
2026.10.01-20:24:37.550 error [caliper] [ethereum-connector] 	Failed tx on registroDeBatches; calling method: registrarBatch; nonce: 0x526
2026.10.01-20:24:37.550 error [caliper] [ethereum-connector] 	Error: Returned error: Transaction nonce is too distant from current sender nonce
2026.10.01-20:24:37.577 error [caliper] [ethereum-connector] 	Failed tx on registroDeBatches; calling method: registrarBatch; nonce: 0x527
2026.10.01-20:24:37.577 error [caliper] [ethereum-connector] 	Error: Returned error: Transaction nonce is too distant from current sender nonce
2026.10.01-20:24:37.600 error [caliper] [ethereum-connector] 	Failed tx on registroDeBatches; calling method: registrarBatch; nonce: 0x528
2026.10.01-20:24:37.600 error [caliper] [ethereum-connector] 	Error: Returned error: Transaction nonce is too distant from current sender nonce
2026.10.01-20:24:37.625 error [caliper] [ethereum-connector] 	Failed tx on registroDeBatches; calling method: registrarBatch; nonce: 0x529
2026.10.01-20:24:37.625 error [caliper] [ethereum-connector] 	Error: Returned error: Transaction nonce is too distant from current sender nonce
2026.10.01-20:24:37.651 error [caliper] [ethereum-connector] 	Failed tx on registroDeBatches; calling method: registrarBatch; nonce: 0x52a
2026.10.01-20:24:37.651 error [caliper] [ethereum-connector] 	Error: Returned error: Transaction nonce is too distant from current sender nonce
2026.10.01-20:24:37.675 error [caliper] [ethereum-connector] 	Failed tx on registroDeBatches; calling method: registrarBatch; nonce: 0x52b
2026.10.01-20:24:37.675 error [caliper] [ethereum-connector] 	Error: Returned error: Transaction nonce is too distant from current sender nonce
2026.10.01-20:24:37.701 error [caliper] [ethereum-connector] 	Failed tx on registroDeBatches; calling method: registrarBatch; nonce: 0x52c
2026.10.01-20:24:37.701 error [caliper] [ethereum-connector] 	Error: Returned error: Transaction nonce is too distant from current sender nonce
2026.10.01-20:24:37.726 error [caliper] [ethereum-connector] 	Failed tx on registroDeBatches; calling method: registrarBatch; nonce: 0x52d
2026.10.01-20:24:37.726 error [caliper] [ethereum-connector] 	Error: Returned error: Transaction nonce is too distant from current sender nonce
2026.10.01-20:24:37.751 error [caliper] [ethereum-connector] 	Failed tx on registroDeBatches; calling method: registrarBatch; nonce: 0x52e
2026.10.01-20:24:37.751 error [caliper] [ethereum-connector] 	Error: Returned error: Transaction nonce is too distant from current sender nonce
2026.10.01-20:24:37.776 error [caliper] [ethereum-connector] 	Failed tx on registroDeBatches; calling method: registrarBatch; nonce: 0x52f
2026.10.01-20:24:37.776 error [caliper] [ethereum-connector] 	Error: Returned error: Transaction nonce is too distant from current sender nonce
2026.10.01-20:24:37.800 error [caliper] [ethereum-connector] 	Failed tx on registroDeBatches; calling method: registrarBatch; nonce: 0x530
2026.10.01-20:24:37.800 error [caliper] [ethereum-connector] 	Error: Returned error: Transaction nonce is too distant from current sender nonce
2026.10.01-20:24:37.825 error [caliper] [ethereum-connector] 	Failed tx on registroDeBatches; calling method: registrarBatch; nonce: 0x531
2026.10.01-20:24:37.825 error [caliper] [ethereum-connector] 	Error: Returned error: Transaction nonce is too distant from current sender nonce
2026.10.01-20:24:37.851 error [caliper] [ethereum-connector] 	Failed tx on registroDeBatches; calling method: registrarBatch; nonce: 0x532
2026.10.01-20:24:37.851 error [caliper] [ethereum-connector] 	Error: Returned error: Transaction nonce is too distant from current sender nonce
2026.10.01-20:24:37.876 error [caliper] [ethereum-connector] 	Failed tx on registroDeBatches; calling method: registrarBatch; nonce: 0x533
2026.10.01-20:24:37.876 error [caliper] [ethereum-connector] 	Error: Returned error: Transaction nonce is too distant from current sender nonce
2026.10.01-20:24:37.901 error [caliper] [ethereum-connector] 	Failed tx on registroDeBatches; calling method: registrarBatch; nonce: 0x534
2026.10.01-20:24:37.901 error [caliper] [ethereum-connector] 	Error: Returned error: Transaction nonce is too distant from current sender nonce
2026.10.01-20:24:37.925 error [caliper] [ethereum-connector] 	Failed tx on registroDeBatches; calling method: registrarBatch; nonce: 0x535
2026.10.01-20:24:37.925 error [caliper] [ethereum-connector] 	Error: Returned error: Transaction nonce is too distant from current sender nonce
2026.10.01-20:24:37.951 error [caliper] [ethereum-connector] 	Failed tx on registroDeBatches; calling method: registrarBatch; nonce: 0x536
2026.10.01-20:24:37.951 error [caliper] [ethereum-connector] 	Error: Returned error: Transaction nonce is too distant from current sender nonce
2026.10.01-20:24:37.975 error [caliper] [ethereum-connector] 	Failed tx on registroDeBatches; calling method: registrarBatch; nonce: 0x537
2026.10.01-20:24:37.975 error [caliper] [ethereum-connector] 	Error: Returned error: Transaction nonce is too distant from current sender nonce
2026.10.01-20:24:38.001 error [caliper] [ethereum-connector] 	Failed tx on registroDeBatches; calling method: registrarBatch; nonce: 0x538
2026.10.01-20:24:38.001 error [caliper] [ethereum-connector] 	Error: Returned error: Transaction nonce is too distant from current sender nonce
2026.10.01-20:24:38.029 error [caliper] [ethereum-connector] 	Failed tx on registroDeBatches; calling method: registrarBatch; nonce: 0x539
2026.10.01-20:24:38.029 error [caliper] [ethereum-connector] 	Error: Returned error: Transaction nonce is too distant from current sender nonce
2026.10.01-20:24:38.056 error [caliper] [ethereum-connector] 	Failed tx on registroDeBatches; calling method: registrarBatch; nonce: 0x53a
2026.10.01-20:24:38.056 error [caliper] [ethereum-connector] 	Error: Returned error: Transaction nonce is too distant from current sender nonce
2026.10.01-20:24:38.081 error [caliper] [ethereum-connector] 	Failed tx on registroDeBatches; calling method: registrarBatch; nonce: 0x53b
2026.10.01-20:24:38.081 error [caliper] [ethereum-connector] 	Error: Returned error: Transaction nonce is too distant from current sender nonce
2026.10.01-20:24:38.104 error [caliper] [ethereum-connector] 	Failed tx on registroDeBatches; calling method: registrarBatch; nonce: 0x53c
2026.10.01-20:24:38.104 error [caliper] [ethereum-connector] 	Error: Returned error: Transaction nonce is too distant from current sender nonce
2026.10.01-20:24:38.127 error [caliper] [ethereum-connector] 	Failed tx on registroDeBatches; calling method: registrarBatch; nonce: 0x53d
2026.10.01-20:24:38.127 error [caliper] [ethereum-connector] 	Error: Returned error: Transaction nonce is too distant from current sender nonce
2026.10.01-20:24:38.154 error [caliper] [ethereum-connector] 	Failed tx on registroDeBatches; calling method: registrarBatch; nonce: 0x53e
2026.10.01-20:24:38.154 error [caliper] [ethereum-connector] 	Error: Returned error: Transaction nonce is too distant from current sender nonce
2026.10.01-20:24:38.232 error [caliper] [ethereum-connector] 	Failed tx on registroDeBatches; calling method: registrarBatch; nonce: 0x53f
2026.10.01-20:24:38.232 error [caliper] [ethereum-connector] 	Error: Returned error: Transaction nonce is too distant from current sender nonce
2026.10.01-20:24:38.233 error [caliper] [ethereum-connector] 	Failed tx on registroDeBatches; calling method: registrarBatch; nonce: 0x540
2026.10.01-20:24:38.233 error [caliper] [ethereum-connector] 	Error: Returned error: Transaction nonce is too distant from current sender nonce
2026.10.01-20:24:38.235 error [caliper] [ethereum-connector] 	Failed tx on registroDeBatches; calling method: registrarBatch; nonce: 0x541
2026.10.01-20:24:38.235 error [caliper] [ethereum-connector] 	Error: Returned error: Transaction nonce is too distant from current sender nonce
2026.10.01-20:24:38.251 error [caliper] [ethereum-connector] 	Failed tx on registroDeBatches; calling method: registrarBatch; nonce: 0x542
2026.10.01-20:24:38.251 error [caliper] [ethereum-connector] 	Error: Returned error: Transaction nonce is too distant from current sender nonce
2026.10.01-20:24:38.275 error [caliper] [ethereum-connector] 	Failed tx on registroDeBatches; calling method: registrarBatch; nonce: 0x543
2026.10.01-20:24:38.275 error [caliper] [ethereum-connector] 	Error: Returned error: Transaction nonce is too distant from current sender nonce
2026.10.01-20:24:38.300 error [caliper] [ethereum-connector] 	Failed tx on registroDeBatches; calling method: registrarBatch; nonce: 0x544
2026.10.01-20:24:38.300 error [caliper] [ethereum-connector] 	Error: Returned error: Transaction nonce is too distant from current sender nonce
2026.10.01-20:24:38.324 error [caliper] [ethereum-connector] 	Failed tx on registroDeBatches; calling method: registrarBatch; nonce: 0x545
2026.10.01-20:24:38.324 error [caliper] [ethereum-connector] 	Error: Returned error: Transaction nonce is too distant from current sender nonce
2026.10.01-20:24:38.350 error [caliper] [ethereum-connector] 	Failed tx on registroDeBatches; calling method: registrarBatch; nonce: 0x546
2026.10.01-20:24:38.350 error [caliper] [ethereum-connector] 	Error: Returned error: Transaction nonce is too distant from current sender nonce
2026.10.01-20:24:38.374 error [caliper] [ethereum-connector] 	Failed tx on registroDeBatches; calling method: registrarBatch; nonce: 0x547
2026.10.01-20:24:38.374 error [caliper] [ethereum-connector] 	Error: Returned error: Transaction nonce is too distant from current sender nonce
2026.10.01-20:24:38.399 error [caliper] [ethereum-connector] 	Failed tx on registroDeBatches; calling method: registrarBatch; nonce: 0x548
2026.10.01-20:24:38.399 error [caliper] [ethereum-connector] 	Error: Returned error: Transaction nonce is too distant from current sender nonce
2026.10.01-20:24:38.424 error [caliper] [ethereum-connector] 	Failed tx on registroDeBatches; calling method: registrarBatch; nonce: 0x549
2026.10.01-20:24:38.424 error [caliper] [ethereum-connector] 	Error: Returned error: Transaction nonce is too distant from current sender nonce
2026.10.01-20:24:38.449 error [caliper] [ethereum-connector] 	Failed tx on registroDeBatches; calling method: registrarBatch; nonce: 0x54a
2026.10.01-20:24:38.449 error [caliper] [ethereum-connector] 	Error: Returned error: Transaction nonce is too distant from current sender nonce
2026.10.01-20:24:38.474 error [caliper] [ethereum-connector] 	Failed tx on registroDeBatches; calling method: registrarBatch; nonce: 0x54b
2026.10.01-20:24:38.474 error [caliper] [ethereum-connector] 	Error: Returned error: Transaction nonce is too distant from current sender nonce
2026.10.01-20:24:38.499 error [caliper] [ethereum-connector] 	Failed tx on registroDeBatches; calling method: registrarBatch; nonce: 0x54c
2026.10.01-20:24:38.499 error [caliper] [ethereum-connector] 	Error: Returned error: Transaction nonce is too distant from current sender nonce
2026.10.01-20:24:38.525 error [caliper] [ethereum-connector] 	Failed tx on registroDeBatches; calling method: registrarBatch; nonce: 0x54d
2026.10.01-20:24:38.525 error [caliper] [ethereum-connector] 	Error: Returned error: Transaction nonce is too distant from current sender nonce
2026.10.01-20:24:38.551 error [caliper] [ethereum-connector] 	Failed tx on registroDeBatches; calling method: registrarBatch; nonce: 0x54e
2026.10.01-20:24:38.551 error [caliper] [ethereum-connector] 	Error: Returned error: Transaction nonce is too distant from current sender nonce
2026.10.01-20:24:38.580 error [caliper] [ethereum-connector] 	Failed tx on registroDeBatches; calling method: registrarBatch; nonce: 0x54f
2026.10.01-20:24:38.580 error [caliper] [ethereum-connector] 	Error: Returned error: Transaction nonce is too distant from current sender nonce
2026.10.01-20:24:38.601 error [caliper] [ethereum-connector] 	Failed tx on registroDeBatches; calling method: registrarBatch; nonce: 0x550
2026.10.01-20:24:38.601 error [caliper] [ethereum-connector] 	Error: Returned error: Transaction nonce is too distant from current sender nonce
2026.10.01-20:24:38.624 error [caliper] [ethereum-connector] 	Failed tx on registroDeBatches; calling method: registrarBatch; nonce: 0x551
2026.10.01-20:24:38.624 error [caliper] [ethereum-connector] 	Error: Returned error: Transaction nonce is too distant from current sender nonce
2026.10.01-20:24:38.650 error [caliper] [ethereum-connector] 	Failed tx on registroDeBatches; calling method: registrarBatch; nonce: 0x552
2026.10.01-20:24:38.650 error [caliper] [ethereum-connector] 	Error: Returned error: Transaction nonce is too distant from current sender nonce
2026.10.01-20:24:38.673 error [caliper] [ethereum-connector] 	Failed tx on registroDeBatches; calling method: registrarBatch; nonce: 0x553
2026.10.01-20:24:38.673 error [caliper] [ethereum-connector] 	Error: Returned error: Transaction nonce is too distant from current sender nonce
2026.10.01-20:24:38.699 error [caliper] [ethereum-connector] 	Failed tx on registroDeBatches; calling method: registrarBatch; nonce: 0x554
2026.10.01-20:24:38.699 error [caliper] [ethereum-connector] 	Error: Returned error: Transaction nonce is too distant from current sender nonce
2026.10.01-20:24:38.725 error [caliper] [ethereum-connector] 	Failed tx on registroDeBatches; calling method: registrarBatch; nonce: 0x555
2026.10.01-20:24:38.725 error [caliper] [ethereum-connector] 	Error: Returned error: Transaction nonce is too distant from current sender nonce
2026.10.01-20:24:38.750 error [caliper] [ethereum-connector] 	Failed tx on registroDeBatches; calling method: registrarBatch; nonce: 0x556
2026.10.01-20:24:38.750 error [caliper] [ethereum-connector] 	Error: Returned error: Transaction nonce is too distant from current sender nonce
2026.10.01-20:24:38.776 error [caliper] [ethereum-connector] 	Failed tx on registroDeBatches; calling method: registrarBatch; nonce: 0x557
2026.10.01-20:24:38.776 error [caliper] [ethereum-connector] 	Error: Returned error: Transaction nonce is too distant from current sender nonce
2026.10.01-20:24:38.800 error [caliper] [ethereum-connector] 	Failed tx on registroDeBatches; calling method: registrarBatch; nonce: 0x558
2026.10.01-20:24:38.800 error [caliper] [ethereum-connector] 	Error: Returned error: Transaction nonce is too distant from current sender nonce
2026.10.01-20:24:38.825 error [caliper] [ethereum-connector] 	Failed tx on registroDeBatches; calling method: registrarBatch; nonce: 0x559
2026.10.01-20:24:38.825 error [caliper] [ethereum-connector] 	Error: Returned error: Transaction nonce is too distant from current sender nonce
2026.10.01-20:24:38.850 error [caliper] [ethereum-connector] 	Failed tx on registroDeBatches; calling method: registrarBatch; nonce: 0x55a
2026.10.01-20:24:38.850 error [caliper] [ethereum-connector] 	Error: Returned error: Transaction nonce is too distant from current sender nonce
2026.10.01-20:24:38.876 error [caliper] [ethereum-connector] 	Failed tx on registroDeBatches; calling method: registrarBatch; nonce: 0x55b
2026.10.01-20:24:38.876 error [caliper] [ethereum-connector] 	Error: Returned error: Transaction nonce is too distant from current sender nonce
2026.10.01-20:24:38.900 error [caliper] [ethereum-connector] 	Failed tx on registroDeBatches; calling method: registrarBatch; nonce: 0x55c
2026.10.01-20:24:38.900 error [caliper] [ethereum-connector] 	Error: Returned error: Transaction nonce is too distant from current sender nonce
2026.10.01-20:24:38.926 error [caliper] [ethereum-connector] 	Failed tx on registroDeBatches; calling method: registrarBatch; nonce: 0x55d
2026.10.01-20:24:38.926 error [caliper] [ethereum-connector] 	Error: Returned error: Transaction nonce is too distant from current sender nonce
2026.10.01-20:24:38.950 error [caliper] [ethereum-connector] 	Failed tx on registroDeBatches; calling method: registrarBatch; nonce: 0x55e
2026.10.01-20:24:38.950 error [caliper] [ethereum-connector] 	Error: Returned error: Transaction nonce is too distant from current sender nonce
2026.10.01-20:24:38.976 error [caliper] [ethereum-connector] 	Failed tx on registroDeBatches; calling method: registrarBatch; nonce: 0x55f
2026.10.01-20:24:38.976 error [caliper] [ethereum-connector] 	Error: Returned error: Transaction nonce is too distant from current sender nonce
2026.10.01-20:24:39.000 error [caliper] [ethereum-connector] 	Failed tx on registroDeBatches; calling method: registrarBatch; nonce: 0x560
2026.10.01-20:24:39.000 error [caliper] [ethereum-connector] 	Error: Returned error: Transaction nonce is too distant from current sender nonce
2026.10.01-20:24:39.025 error [caliper] [ethereum-connector] 	Failed tx on registroDeBatches; calling method: registrarBatch; nonce: 0x561
2026.10.01-20:24:39.025 error [caliper] [ethereum-connector] 	Error: Returned error: Transaction nonce is too distant from current sender nonce
2026.10.01-20:24:39.050 error [caliper] [ethereum-connector] 	Failed tx on registroDeBatches; calling method: registrarBatch; nonce: 0x562
2026.10.01-20:24:39.050 error [caliper] [ethereum-connector] 	Error: Returned error: Transaction nonce is too distant from current sender nonce
2026.10.01-20:24:39.075 error [caliper] [ethereum-connector] 	Failed tx on registroDeBatches; calling method: registrarBatch; nonce: 0x563
2026.10.01-20:24:39.075 error [caliper] [ethereum-connector] 	Error: Returned error: Transaction nonce is too distant from current sender nonce
2026.10.01-20:24:39.100 error [caliper] [ethereum-connector] 	Failed tx on registroDeBatches; calling method: registrarBatch; nonce: 0x564
2026.10.01-20:24:39.100 error [caliper] [ethereum-connector] 	Error: Returned error: Transaction nonce is too distant from current sender nonce
2026.10.01-20:24:39.126 error [caliper] [ethereum-connector] 	Failed tx on registroDeBatches; calling method: registrarBatch; nonce: 0x565
2026.10.01-20:24:39.126 error [caliper] [ethereum-connector] 	Error: Returned error: Transaction nonce is too distant from current sender nonce
2026.10.01-20:24:39.151 error [caliper] [ethereum-connector] 	Failed tx on registroDeBatches; calling method: registrarBatch; nonce: 0x566
2026.10.01-20:24:39.151 error [caliper] [ethereum-connector] 	Error: Returned error: Transaction nonce is too distant from current sender nonce
2026.10.01-20:24:39.176 error [caliper] [ethereum-connector] 	Failed tx on registroDeBatches; calling method: registrarBatch; nonce: 0x567
2026.10.01-20:24:39.176 error [caliper] [ethereum-connector] 	Error: Returned error: Transaction nonce is too distant from current sender nonce
2026.10.01-20:24:39.200 error [caliper] [ethereum-connector] 	Failed tx on registroDeBatches; calling method: registrarBatch; nonce: 0x568
2026.10.01-20:24:39.200 error [caliper] [ethereum-connector] 	Error: Returned error: Transaction nonce is too distant from current sender nonce
2026.10.01-20:24:39.225 error [caliper] [ethereum-connector] 	Failed tx on registroDeBatches; calling method: registrarBatch; nonce: 0x569
2026.10.01-20:24:39.225 error [caliper] [ethereum-connector] 	Error: Returned error: Transaction nonce is too distant from current sender nonce
2026.10.01-20:24:39.251 error [caliper] [ethereum-connector] 	Failed tx on registroDeBatches; calling method: registrarBatch; nonce: 0x56a
2026.10.01-20:24:39.251 error [caliper] [ethereum-connector] 	Error: Returned error: Transaction nonce is too distant from current sender nonce
2026.10.01-20:24:39.275 error [caliper] [ethereum-connector] 	Failed tx on registroDeBatches; calling method: registrarBatch; nonce: 0x56b
2026.10.01-20:24:39.275 error [caliper] [ethereum-connector] 	Error: Returned error: Transaction nonce is too distant from current sender nonce
2026.10.01-20:24:39.301 error [caliper] [ethereum-connector] 	Failed tx on registroDeBatches; calling method: registrarBatch; nonce: 0x56c
2026.10.01-20:24:39.301 error [caliper] [ethereum-connector] 	Error: Returned error: Transaction nonce is too distant from current sender nonce
2026.10.01-20:24:39.325 error [caliper] [ethereum-connector] 	Failed tx on registroDeBatches; calling method: registrarBatch; nonce: 0x56d
2026.10.01-20:24:39.325 error [caliper] [ethereum-connector] 	Error: Returned error: Transaction nonce is too distant from current sender nonce
2026.10.01-20:24:39.351 error [caliper] [ethereum-connector] 	Failed tx on registroDeBatches; calling method: registrarBatch; nonce: 0x56e
2026.10.01-20:24:39.351 error [caliper] [ethereum-connector] 	Error: Returned error: Transaction nonce is too distant from current sender nonce
2026.10.01-20:24:39.375 error [caliper] [ethereum-connector] 	Failed tx on registroDeBatches; calling method: registrarBatch; nonce: 0x56f
2026.10.01-20:24:39.375 error [caliper] [ethereum-connector] 	Error: Returned error: Transaction nonce is too distant from current sender nonce
2026.10.01-20:24:39.401 error [caliper] [ethereum-connector] 	Failed tx on registroDeBatches; calling method: registrarBatch; nonce: 0x570
2026.10.01-20:24:39.401 error [caliper] [ethereum-connector] 	Error: Returned error: Transaction nonce is too distant from current sender nonce
2026.10.01-20:24:39.424 error [caliper] [ethereum-connector] 	Failed tx on registroDeBatches; calling method: registrarBatch; nonce: 0x571
2026.10.01-20:24:39.424 error [caliper] [ethereum-connector] 	Error: Returned error: Transaction nonce is too distant from current sender nonce
2026.10.01-20:24:39.451 error [caliper] [ethereum-connector] 	Failed tx on registroDeBatches; calling method: registrarBatch; nonce: 0x572
2026.10.01-20:24:39.451 error [caliper] [ethereum-connector] 	Error: Returned error: Transaction nonce is too distant from current sender nonce
2026.10.01-20:24:39.475 error [caliper] [ethereum-connector] 	Failed tx on registroDeBatches; calling method: registrarBatch; nonce: 0x573
2026.10.01-20:24:39.475 error [caliper] [ethereum-connector] 	Error: Returned error: Transaction nonce is too distant from current sender nonce
2026.10.01-20:24:39.500 error [caliper] [ethereum-connector] 	Failed tx on registroDeBatches; calling method: registrarBatch; nonce: 0x574
2026.10.01-20:24:39.500 error [caliper] [ethereum-connector] 	Error: Returned error: Transaction nonce is too distant from current sender nonce
2026.10.01-20:24:39.526 error [caliper] [ethereum-connector] 	Failed tx on registroDeBatches; calling method: registrarBatch; nonce: 0x575
2026.10.01-20:24:39.526 error [caliper] [ethereum-connector] 	Error: Returned error: Transaction nonce is too distant from current sender nonce
2026.10.01-20:24:39.551 error [caliper] [ethereum-connector] 	Failed tx on registroDeBatches; calling method: registrarBatch; nonce: 0x576
2026.10.01-20:24:39.551 error [caliper] [ethereum-connector] 	Error: Returned error: Transaction nonce is too distant from current sender nonce
2026.10.01-20:24:39.575 error [caliper] [ethereum-connector] 	Failed tx on registroDeBatches; calling method: registrarBatch; nonce: 0x577
2026.10.01-20:24:39.575 error [caliper] [ethereum-connector] 	Error: Returned error: Transaction nonce is too distant from current sender nonce
2026.10.01-20:24:39.601 error [caliper] [ethereum-connector] 	Failed tx on registroDeBatches; calling method: registrarBatch; nonce: 0x578
2026.10.01-20:24:39.601 error [caliper] [ethereum-connector] 	Error: Returned error: Transaction nonce is too distant from current sender nonce
2026.10.01-20:24:39.625 error [caliper] [ethereum-connector] 	Failed tx on registroDeBatches; calling method: registrarBatch; nonce: 0x579
2026.10.01-20:24:39.625 error [caliper] [ethereum-connector] 	Error: Returned error: Transaction nonce is too distant from current sender nonce
2026.10.01-20:24:39.652 error [caliper] [ethereum-connector] 	Failed tx on registroDeBatches; calling method: registrarBatch; nonce: 0x57a
2026.10.01-20:24:39.652 error [caliper] [ethereum-connector] 	Error: Returned error: Transaction nonce is too distant from current sender nonce
2026.10.01-20:24:39.676 error [caliper] [ethereum-connector] 	Failed tx on registroDeBatches; calling method: registrarBatch; nonce: 0x57b
2026.10.01-20:24:39.676 error [caliper] [ethereum-connector] 	Error: Returned error: Transaction nonce is too distant from current sender nonce
2026.10.01-20:24:39.701 error [caliper] [ethereum-connector] 	Failed tx on registroDeBatches; calling method: registrarBatch; nonce: 0x57c
2026.10.01-20:24:39.701 error [caliper] [ethereum-connector] 	Error: Returned error: Transaction nonce is too distant from current sender nonce
2026.10.01-20:24:39.725 error [caliper] [ethereum-connector] 	Failed tx on registroDeBatches; calling method: registrarBatch; nonce: 0x57d
2026.10.01-20:24:39.725 error [caliper] [ethereum-connector] 	Error: Returned error: Transaction nonce is too distant from current sender nonce
2026.10.01-20:24:39.751 error [caliper] [ethereum-connector] 	Failed tx on registroDeBatches; calling method: registrarBatch; nonce: 0x57e
2026.10.01-20:24:39.751 error [caliper] [ethereum-connector] 	Error: Returned error: Transaction nonce is too distant from current sender nonce
2026.10.01-20:24:39.775 error [caliper] [ethereum-connector] 	Failed tx on registroDeBatches; calling method: registrarBatch; nonce: 0x57f
2026.10.01-20:24:39.775 error [caliper] [ethereum-connector] 	Error: Returned error: Transaction nonce is too distant from current sender nonce
2026.10.01-20:24:39.801 error [caliper] [ethereum-connector] 	Failed tx on registroDeBatches; calling method: registrarBatch; nonce: 0x580
2026.10.01-20:24:39.801 error [caliper] [ethereum-connector] 	Error: Returned error: Transaction nonce is too distant from current sender nonce
2026.10.01-20:24:39.826 error [caliper] [ethereum-connector] 	Failed tx on registroDeBatches; calling method: registrarBatch; nonce: 0x581
2026.10.01-20:24:39.826 error [caliper] [ethereum-connector] 	Error: Returned error: Transaction nonce is too distant from current sender nonce
2026.10.01-20:24:39.851 error [caliper] [ethereum-connector] 	Failed tx on registroDeBatches; calling method: registrarBatch; nonce: 0x582
2026.10.01-20:24:39.851 error [caliper] [ethereum-connector] 	Error: Returned error: Transaction nonce is too distant from current sender nonce
2026.10.01-20:24:39.875 error [caliper] [ethereum-connector] 	Failed tx on registroDeBatches; calling method: registrarBatch; nonce: 0x583
2026.10.01-20:24:39.875 error [caliper] [ethereum-connector] 	Error: Returned error: Transaction nonce is too distant from current sender nonce
2026.10.01-20:24:39.902 error [caliper] [ethereum-connector] 	Failed tx on registroDeBatches; calling method: registrarBatch; nonce: 0x584
2026.10.01-20:24:39.902 error [caliper] [ethereum-connector] 	Error: Returned error: Transaction nonce is too distant from current sender nonce
2026.10.01-20:24:39.924 error [caliper] [ethereum-connector] 	Failed tx on registroDeBatches; calling method: registrarBatch; nonce: 0x585
2026.10.01-20:24:39.924 error [caliper] [ethereum-connector] 	Error: Returned error: Transaction nonce is too distant from current sender nonce
2026.10.01-20:24:39.951 error [caliper] [ethereum-connector] 	Failed tx on registroDeBatches; calling method: registrarBatch; nonce: 0x586
2026.10.01-20:24:39.951 error [caliper] [ethereum-connector] 	Error: Returned error: Transaction nonce is too distant from current sender nonce
2026.10.01-20:24:39.975 error [caliper] [ethereum-connector] 	Failed tx on registroDeBatches; calling method: registrarBatch; nonce: 0x587
2026.10.01-20:24:39.975 error [caliper] [ethereum-connector] 	Error: Returned error: Transaction nonce is too distant from current sender nonce
2026.10.01-20:24:40.001 error [caliper] [ethereum-connector] 	Failed tx on registroDeBatches; calling method: registrarBatch; nonce: 0x588
2026.10.01-20:24:40.001 error [caliper] [ethereum-connector] 	Error: Returned error: Transaction nonce is too distant from current sender nonce
2026.10.01-20:24:40.029 error [caliper] [ethereum-connector] 	Failed tx on registroDeBatches; calling method: registrarBatch; nonce: 0x589
2026.10.01-20:24:40.030 error [caliper] [ethereum-connector] 	Error: Returned error: Transaction nonce is too distant from current sender nonce
2026.10.01-20:24:40.053 error [caliper] [ethereum-connector] 	Failed tx on registroDeBatches; calling method: registrarBatch; nonce: 0x58a
2026.10.01-20:24:40.053 error [caliper] [ethereum-connector] 	Error: Returned error: Transaction nonce is too distant from current sender nonce
2026.10.01-20:24:40.077 error [caliper] [ethereum-connector] 	Failed tx on registroDeBatches; calling method: registrarBatch; nonce: 0x58b
2026.10.01-20:24:40.078 error [caliper] [ethereum-connector] 	Error: Returned error: Transaction nonce is too distant from current sender nonce
2026.10.01-20:24:40.103 error [caliper] [ethereum-connector] 	Failed tx on registroDeBatches; calling method: registrarBatch; nonce: 0x58c
2026.10.01-20:24:40.103 error [caliper] [ethereum-connector] 	Error: Returned error: Transaction nonce is too distant from current sender nonce
2026.10.01-20:24:40.127 error [caliper] [ethereum-connector] 	Failed tx on registroDeBatches; calling method: registrarBatch; nonce: 0x58d
2026.10.01-20:24:40.127 error [caliper] [ethereum-connector] 	Error: Returned error: Transaction nonce is too distant from current sender nonce
2026.10.01-20:24:40.160 error [caliper] [ethereum-connector] 	Failed tx on registroDeBatches; calling method: registrarBatch; nonce: 0x58e
2026.10.01-20:24:40.160 error [caliper] [ethereum-connector] 	Error: Returned error: Transaction nonce is too distant from current sender nonce
2026.10.01-20:24:40.174 error [caliper] [ethereum-connector] 	Failed tx on registroDeBatches; calling method: registrarBatch; nonce: 0x58f
2026.10.01-20:24:40.174 error [caliper] [ethereum-connector] 	Error: Returned error: Transaction nonce is too distant from current sender nonce
2026.10.01-20:24:40.200 error [caliper] [ethereum-connector] 	Failed tx on registroDeBatches; calling method: registrarBatch; nonce: 0x590
2026.10.01-20:24:40.200 error [caliper] [ethereum-connector] 	Error: Returned error: Transaction nonce is too distant from current sender nonce
2026.10.01-20:24:40.225 error [caliper] [ethereum-connector] 	Failed tx on registroDeBatches; calling method: registrarBatch; nonce: 0x591
2026.10.01-20:24:40.225 error [caliper] [ethereum-connector] 	Error: Returned error: Transaction nonce is too distant from current sender nonce
2026.10.01-20:24:40.251 error [caliper] [ethereum-connector] 	Failed tx on registroDeBatches; calling method: registrarBatch; nonce: 0x592
2026.10.01-20:24:40.251 error [caliper] [ethereum-connector] 	Error: Returned error: Transaction nonce is too distant from current sender nonce
2026.10.01-20:24:40.275 error [caliper] [ethereum-connector] 	Failed tx on registroDeBatches; calling method: registrarBatch; nonce: 0x593
2026.10.01-20:24:40.275 error [caliper] [ethereum-connector] 	Error: Returned error: Transaction nonce is too distant from current sender nonce
2026.10.01-20:24:40.299 error [caliper] [ethereum-connector] 	Failed tx on registroDeBatches; calling method: registrarBatch; nonce: 0x594
2026.10.01-20:24:40.299 error [caliper] [ethereum-connector] 	Error: Returned error: Transaction nonce is too distant from current sender nonce
2026.10.01-20:24:40.324 error [caliper] [ethereum-connector] 	Failed tx on registroDeBatches; calling method: registrarBatch; nonce: 0x595
2026.10.01-20:24:40.324 error [caliper] [ethereum-connector] 	Error: Returned error: Transaction nonce is too distant from current sender nonce
2026.10.01-20:24:40.349 error [caliper] [ethereum-connector] 	Failed tx on registroDeBatches; calling method: registrarBatch; nonce: 0x596
2026.10.01-20:24:40.349 error [caliper] [ethereum-connector] 	Error: Returned error: Transaction nonce is too distant from current sender nonce
2026.10.01-20:24:40.374 error [caliper] [ethereum-connector] 	Failed tx on registroDeBatches; calling method: registrarBatch; nonce: 0x597
2026.10.01-20:24:40.374 error [caliper] [ethereum-connector] 	Error: Returned error: Transaction nonce is too distant from current sender nonce
2026.10.01-20:24:40.399 error [caliper] [ethereum-connector] 	Failed tx on registroDeBatches; calling method: registrarBatch; nonce: 0x598
2026.10.01-20:24:40.399 error [caliper] [ethereum-connector] 	Error: Returned error: Transaction nonce is too distant from current sender nonce
2026.10.01-20:24:40.424 error [caliper] [ethereum-connector] 	Failed tx on registroDeBatches; calling method: registrarBatch; nonce: 0x599
2026.10.01-20:24:40.424 error [caliper] [ethereum-connector] 	Error: Returned error: Transaction nonce is too distant from current sender nonce
2026.10.01-20:24:40.450 error [caliper] [ethereum-connector] 	Failed tx on registroDeBatches; calling method: registrarBatch; nonce: 0x59a
2026.10.01-20:24:40.450 error [caliper] [ethereum-connector] 	Error: Returned error: Transaction nonce is too distant from current sender nonce
2026.10.01-20:24:40.475 error [caliper] [ethereum-connector] 	Failed tx on registroDeBatches; calling method: registrarBatch; nonce: 0x59b
2026.10.01-20:24:40.475 error [caliper] [ethereum-connector] 	Error: Returned error: Transaction nonce is too distant from current sender nonce
2026.10.01-20:24:40.501 error [caliper] [ethereum-connector] 	Failed tx on registroDeBatches; calling method: registrarBatch; nonce: 0x59c
2026.10.01-20:24:40.501 error [caliper] [ethereum-connector] 	Error: Returned error: Transaction nonce is too distant from current sender nonce
2026.10.01-20:24:40.525 error [caliper] [ethereum-connector] 	Failed tx on registroDeBatches; calling method: registrarBatch; nonce: 0x59d
2026.10.01-20:24:40.525 error [caliper] [ethereum-connector] 	Error: Returned error: Transaction nonce is too distant from current sender nonce
2026.10.01-20:24:40.550 error [caliper] [ethereum-connector] 	Failed tx on registroDeBatches; calling method: registrarBatch; nonce: 0x59e
2026.10.01-20:24:40.550 error [caliper] [ethereum-connector] 	Error: Returned error: Transaction nonce is too distant from current sender nonce
2026.10.01-20:24:40.575 error [caliper] [ethereum-connector] 	Failed tx on registroDeBatches; calling method: registrarBatch; nonce: 0x59f
2026.10.01-20:24:40.575 error [caliper] [ethereum-connector] 	Error: Returned error: Transaction nonce is too distant from current sender nonce
2026.10.01-20:24:40.600 error [caliper] [ethereum-connector] 	Failed tx on registroDeBatches; calling method: registrarBatch; nonce: 0x5a0
2026.10.01-20:24:40.600 error [caliper] [ethereum-connector] 	Error: Returned error: Transaction nonce is too distant from current sender nonce
2026.10.01-20:24:40.625 error [caliper] [ethereum-connector] 	Failed tx on registroDeBatches; calling method: registrarBatch; nonce: 0x5a1
2026.10.01-20:24:40.625 error [caliper] [ethereum-connector] 	Error: Returned error: Transaction nonce is too distant from current sender nonce
2026.10.01-20:24:40.650 error [caliper] [ethereum-connector] 	Failed tx on registroDeBatches; calling method: registrarBatch; nonce: 0x5a2
2026.10.01-20:24:40.650 error [caliper] [ethereum-connector] 	Error: Returned error: Transaction nonce is too distant from current sender nonce
2026.10.01-20:24:40.675 error [caliper] [ethereum-connector] 	Failed tx on registroDeBatches; calling method: registrarBatch; nonce: 0x5a3
2026.10.01-20:24:40.675 error [caliper] [ethereum-connector] 	Error: Returned error: Transaction nonce is too distant from current sender nonce
2026.10.01-20:24:40.701 error [caliper] [ethereum-connector] 	Failed tx on registroDeBatches; calling method: registrarBatch; nonce: 0x5a4
2026.10.01-20:24:40.701 error [caliper] [ethereum-connector] 	Error: Returned error: Transaction nonce is too distant from current sender nonce
2026.10.01-20:24:40.725 error [caliper] [ethereum-connector] 	Failed tx on registroDeBatches; calling method: registrarBatch; nonce: 0x5a5
2026.10.01-20:24:40.725 error [caliper] [ethereum-connector] 	Error: Returned error: Transaction nonce is too distant from current sender nonce
2026.10.01-20:24:40.750 error [caliper] [ethereum-connector] 	Failed tx on registroDeBatches; calling method: registrarBatch; nonce: 0x5a6
2026.10.01-20:24:40.750 error [caliper] [ethereum-connector] 	Error: Returned error: Transaction nonce is too distant from current sender nonce
2026.10.01-20:24:40.775 error [caliper] [ethereum-connector] 	Failed tx on registroDeBatches; calling method: registrarBatch; nonce: 0x5a7
2026.10.01-20:24:40.775 error [caliper] [ethereum-connector] 	Error: Returned error: Transaction nonce is too distant from current sender nonce
2026.10.01-20:24:40.801 error [caliper] [ethereum-connector] 	Failed tx on registroDeBatches; calling method: registrarBatch; nonce: 0x5a8
2026.10.01-20:24:40.801 error [caliper] [ethereum-connector] 	Error: Returned error: Transaction nonce is too distant from current sender nonce
2026.10.01-20:24:40.824 error [caliper] [ethereum-connector] 	Failed tx on registroDeBatches; calling method: registrarBatch; nonce: 0x5a9
2026.10.01-20:24:40.824 error [caliper] [ethereum-connector] 	Error: Returned error: Transaction nonce is too distant from current sender nonce
2026.10.01-20:24:40.850 error [caliper] [ethereum-connector] 	Failed tx on registroDeBatches; calling method: registrarBatch; nonce: 0x5aa
2026.10.01-20:24:40.850 error [caliper] [ethereum-connector] 	Error: Returned error: Transaction nonce is too distant from current sender nonce
2026.10.01-20:24:40.874 error [caliper] [ethereum-connector] 	Failed tx on registroDeBatches; calling method: registrarBatch; nonce: 0x5ab
2026.10.01-20:24:40.874 error [caliper] [ethereum-connector] 	Error: Returned error: Transaction nonce is too distant from current sender nonce
2026.10.01-20:24:40.899 error [caliper] [ethereum-connector] 	Failed tx on registroDeBatches; calling method: registrarBatch; nonce: 0x5ac
2026.10.01-20:24:40.899 error [caliper] [ethereum-connector] 	Error: Returned error: Transaction nonce is too distant from current sender nonce
2026.10.01-20:24:40.923 error [caliper] [ethereum-connector] 	Failed tx on registroDeBatches; calling method: registrarBatch; nonce: 0x5ad
2026.10.01-20:24:40.923 error [caliper] [ethereum-connector] 	Error: Returned error: Transaction nonce is too distant from current sender nonce
2026.10.01-20:24:40.949 error [caliper] [ethereum-connector] 	Failed tx on registroDeBatches; calling method: registrarBatch; nonce: 0x5ae
2026.10.01-20:24:40.949 error [caliper] [ethereum-connector] 	Error: Returned error: Transaction nonce is too distant from current sender nonce
2026.10.01-20:24:40.974 error [caliper] [ethereum-connector] 	Failed tx on registroDeBatches; calling method: registrarBatch; nonce: 0x5af
2026.10.01-20:24:40.974 error [caliper] [ethereum-connector] 	Error: Returned error: Transaction nonce is too distant from current sender nonce
2026.10.01-20:24:40.999 error [caliper] [ethereum-connector] 	Failed tx on registroDeBatches; calling method: registrarBatch; nonce: 0x5b0
2026.10.01-20:24:40.999 error [caliper] [ethereum-connector] 	Error: Returned error: Transaction nonce is too distant from current sender nonce
2026.10.01-20:24:41.026 error [caliper] [ethereum-connector] 	Failed tx on registroDeBatches; calling method: registrarBatch; nonce: 0x5b1
2026.10.01-20:24:41.026 error [caliper] [ethereum-connector] 	Error: Returned error: Transaction nonce is too distant from current sender nonce
2026.10.01-20:24:41.050 error [caliper] [ethereum-connector] 	Failed tx on registroDeBatches; calling method: registrarBatch; nonce: 0x5b2
2026.10.01-20:24:41.050 error [caliper] [ethereum-connector] 	Error: Returned error: Transaction nonce is too distant from current sender nonce
2026.10.01-20:24:41.075 error [caliper] [ethereum-connector] 	Failed tx on registroDeBatches; calling method: registrarBatch; nonce: 0x5b3
2026.10.01-20:24:41.075 error [caliper] [ethereum-connector] 	Error: Returned error: Transaction nonce is too distant from current sender nonce
2026.10.01-20:24:41.100 error [caliper] [ethereum-connector] 	Failed tx on registroDeBatches; calling method: registrarBatch; nonce: 0x5b4
2026.10.01-20:24:41.100 error [caliper] [ethereum-connector] 	Error: Returned error: Transaction nonce is too distant from current sender nonce
2026.10.01-20:24:41.127 error [caliper] [ethereum-connector] 	Failed tx on registroDeBatches; calling method: registrarBatch; nonce: 0x5b5
2026.10.01-20:24:41.127 error [caliper] [ethereum-connector] 	Error: Returned error: Transaction nonce is too distant from current sender nonce
2026.10.01-20:24:41.149 error [caliper] [ethereum-connector] 	Failed tx on registroDeBatches; calling method: registrarBatch; nonce: 0x5b6
2026.10.01-20:24:41.149 error [caliper] [ethereum-connector] 	Error: Returned error: Transaction nonce is too distant from current sender nonce
2026.10.01-20:24:41.191 error [caliper] [ethereum-connector] 	Failed tx on registroDeBatches; calling method: registrarBatch; nonce: 0x5b7
2026.10.01-20:24:41.191 error [caliper] [ethereum-connector] 	Error: Returned error: Transaction nonce is too distant from current sender nonce
2026.10.01-20:24:41.204 error [caliper] [ethereum-connector] 	Failed tx on registroDeBatches; calling method: registrarBatch; nonce: 0x5b8
2026.10.01-20:24:41.204 error [caliper] [ethereum-connector] 	Error: Returned error: Transaction nonce is too distant from current sender nonce
2026.10.01-20:24:41.224 error [caliper] [ethereum-connector] 	Failed tx on registroDeBatches; calling method: registrarBatch; nonce: 0x5b9
2026.10.01-20:24:41.225 error [caliper] [ethereum-connector] 	Error: Returned error: Transaction nonce is too distant from current sender nonce
2026.10.01-20:24:41.250 error [caliper] [ethereum-connector] 	Failed tx on registroDeBatches; calling method: registrarBatch; nonce: 0x5ba
2026.10.01-20:24:41.251 error [caliper] [ethereum-connector] 	Error: Returned error: Transaction nonce is too distant from current sender nonce
2026.10.01-20:24:41.274 error [caliper] [ethereum-connector] 	Failed tx on registroDeBatches; calling method: registrarBatch; nonce: 0x5bb
2026.10.01-20:24:41.274 error [caliper] [ethereum-connector] 	Error: Returned error: Transaction nonce is too distant from current sender nonce
2026.10.01-20:24:41.301 error [caliper] [ethereum-connector] 	Failed tx on registroDeBatches; calling method: registrarBatch; nonce: 0x5bc
2026.10.01-20:24:41.301 error [caliper] [ethereum-connector] 	Error: Returned error: Transaction nonce is too distant from current sender nonce
2026.10.01-20:24:41.326 error [caliper] [ethereum-connector] 	Failed tx on registroDeBatches; calling method: registrarBatch; nonce: 0x5bd
2026.10.01-20:24:41.326 error [caliper] [ethereum-connector] 	Error: Returned error: Transaction nonce is too distant from current sender nonce
2026.10.01-20:24:41.351 error [caliper] [ethereum-connector] 	Failed tx on registroDeBatches; calling method: registrarBatch; nonce: 0x5be
2026.10.01-20:24:41.351 error [caliper] [ethereum-connector] 	Error: Returned error: Transaction nonce is too distant from current sender nonce
2026.10.01-20:24:41.374 error [caliper] [ethereum-connector] 	Failed tx on registroDeBatches; calling method: registrarBatch; nonce: 0x5bf
2026.10.01-20:24:41.374 error [caliper] [ethereum-connector] 	Error: Returned error: Transaction nonce is too distant from current sender nonce
2026.10.01-20:24:41.399 error [caliper] [ethereum-connector] 	Failed tx on registroDeBatches; calling method: registrarBatch; nonce: 0x5c0
2026.10.01-20:24:41.399 error [caliper] [ethereum-connector] 	Error: Returned error: Transaction nonce is too distant from current sender nonce
2026.10.01-20:24:41.424 error [caliper] [ethereum-connector] 	Failed tx on registroDeBatches; calling method: registrarBatch; nonce: 0x5c1
2026.10.01-20:24:41.424 error [caliper] [ethereum-connector] 	Error: Returned error: Transaction nonce is too distant from current sender nonce
2026.10.01-20:24:41.449 error [caliper] [ethereum-connector] 	Failed tx on registroDeBatches; calling method: registrarBatch; nonce: 0x5c2
2026.10.01-20:24:41.449 error [caliper] [ethereum-connector] 	Error: Returned error: Transaction nonce is too distant from current sender nonce
2026.10.01-20:24:41.474 error [caliper] [ethereum-connector] 	Failed tx on registroDeBatches; calling method: registrarBatch; nonce: 0x5c3
2026.10.01-20:24:41.474 error [caliper] [ethereum-connector] 	Error: Returned error: Transaction nonce is too distant from current sender nonce
2026.10.01-20:24:41.501 error [caliper] [ethereum-connector] 	Failed tx on registroDeBatches; calling method: registrarBatch; nonce: 0x5c4
2026.10.01-20:24:41.501 error [caliper] [ethereum-connector] 	Error: Returned error: Transaction nonce is too distant from current sender nonce
2026.10.01-20:24:41.525 error [caliper] [ethereum-connector] 	Failed tx on registroDeBatches; calling method: registrarBatch; nonce: 0x5c5
2026.10.01-20:24:41.526 error [caliper] [ethereum-connector] 	Error: Returned error: Transaction nonce is too distant from current sender nonce
2026.10.01-20:24:41.551 error [caliper] [ethereum-connector] 	Failed tx on registroDeBatches; calling method: registrarBatch; nonce: 0x5c6
2026.10.01-20:24:41.551 error [caliper] [ethereum-connector] 	Error: Returned error: Transaction nonce is too distant from current sender nonce
2026.10.01-20:24:41.575 error [caliper] [ethereum-connector] 	Failed tx on registroDeBatches; calling method: registrarBatch; nonce: 0x5c7
2026.10.01-20:24:41.575 error [caliper] [ethereum-connector] 	Error: Returned error: Transaction nonce is too distant from current sender nonce
2026.10.01-20:24:41.601 error [caliper] [ethereum-connector] 	Failed tx on registroDeBatches; calling method: registrarBatch; nonce: 0x5c8
2026.10.01-20:24:41.601 error [caliper] [ethereum-connector] 	Error: Returned error: Transaction nonce is too distant from current sender nonce
2026.10.01-20:24:41.625 error [caliper] [ethereum-connector] 	Failed tx on registroDeBatches; calling method: registrarBatch; nonce: 0x5c9
2026.10.01-20:24:41.625 error [caliper] [ethereum-connector] 	Error: Returned error: Transaction nonce is too distant from current sender nonce
2026.10.01-20:24:41.651 error [caliper] [ethereum-connector] 	Failed tx on registroDeBatches; calling method: registrarBatch; nonce: 0x5ca
2026.10.01-20:24:41.651 error [caliper] [ethereum-connector] 	Error: Returned error: Transaction nonce is too distant from current sender nonce
2026.10.01-20:24:41.675 error [caliper] [ethereum-connector] 	Failed tx on registroDeBatches; calling method: registrarBatch; nonce: 0x5cb
2026.10.01-20:24:41.675 error [caliper] [ethereum-connector] 	Error: Returned error: Transaction nonce is too distant from current sender nonce
2026.10.01-20:24:41.700 error [caliper] [ethereum-connector] 	Failed tx on registroDeBatches; calling method: registrarBatch; nonce: 0x5cc
2026.10.01-20:24:41.701 error [caliper] [ethereum-connector] 	Error: Returned error: Transaction nonce is too distant from current sender nonce
2026.10.01-20:24:41.725 error [caliper] [ethereum-connector] 	Failed tx on registroDeBatches; calling method: registrarBatch; nonce: 0x5cd
2026.10.01-20:24:41.725 error [caliper] [ethereum-connector] 	Error: Returned error: Transaction nonce is too distant from current sender nonce
2026.10.01-20:24:41.751 error [caliper] [ethereum-connector] 	Failed tx on registroDeBatches; calling method: registrarBatch; nonce: 0x5ce
2026.10.01-20:24:41.751 error [caliper] [ethereum-connector] 	Error: Returned error: Transaction nonce is too distant from current sender nonce
2026.10.01-20:24:41.775 error [caliper] [ethereum-connector] 	Failed tx on registroDeBatches; calling method: registrarBatch; nonce: 0x5cf
2026.10.01-20:24:41.775 error [caliper] [ethereum-connector] 	Error: Returned error: Transaction nonce is too distant from current sender nonce
2026.10.01-20:24:41.802 error [caliper] [ethereum-connector] 	Failed tx on registroDeBatches; calling method: registrarBatch; nonce: 0x5d0
2026.10.01-20:24:41.802 error [caliper] [ethereum-connector] 	Error: Returned error: Transaction nonce is too distant from current sender nonce
2026.10.01-20:24:41.826 error [caliper] [ethereum-connector] 	Failed tx on registroDeBatches; calling method: registrarBatch; nonce: 0x5d1
2026.10.01-20:24:41.826 error [caliper] [ethereum-connector] 	Error: Returned error: Transaction nonce is too distant from current sender nonce
2026.10.01-20:24:41.850 error [caliper] [ethereum-connector] 	Failed tx on registroDeBatches; calling method: registrarBatch; nonce: 0x5d2
2026.10.01-20:24:41.851 error [caliper] [ethereum-connector] 	Error: Returned error: Transaction nonce is too distant from current sender nonce
2026.10.01-20:24:41.875 error [caliper] [ethereum-connector] 	Failed tx on registroDeBatches; calling method: registrarBatch; nonce: 0x5d3
2026.10.01-20:24:41.875 error [caliper] [ethereum-connector] 	Error: Returned error: Transaction nonce is too distant from current sender nonce
2026.10.01-20:24:41.901 error [caliper] [ethereum-connector] 	Failed tx on registroDeBatches; calling method: registrarBatch; nonce: 0x5d4
2026.10.01-20:24:41.901 error [caliper] [ethereum-connector] 	Error: Returned error: Transaction nonce is too distant from current sender nonce
2026.10.01-20:24:41.925 error [caliper] [ethereum-connector] 	Failed tx on registroDeBatches; calling method: registrarBatch; nonce: 0x5d5
2026.10.01-20:24:41.925 error [caliper] [ethereum-connector] 	Error: Returned error: Transaction nonce is too distant from current sender nonce
2026.10.01-20:24:41.951 error [caliper] [ethereum-connector] 	Failed tx on registroDeBatches; calling method: registrarBatch; nonce: 0x5d6
2026.10.01-20:24:41.951 error [caliper] [ethereum-connector] 	Error: Returned error: Transaction nonce is too distant from current sender nonce
2026.10.01-20:24:41.975 error [caliper] [ethereum-connector] 	Failed tx on registroDeBatches; calling method: registrarBatch; nonce: 0x5d7
2026.10.01-20:24:41.975 error [caliper] [ethereum-connector] 	Error: Returned error: Transaction nonce is too distant from current sender nonce
2026.10.01-20:24:42.000 error [caliper] [ethereum-connector] 	Failed tx on registroDeBatches; calling method: registrarBatch; nonce: 0x5d8
2026.10.01-20:24:42.000 error [caliper] [ethereum-connector] 	Error: Returned error: Transaction nonce is too distant from current sender nonce
2026.10.01-20:24:42.026 error [caliper] [ethereum-connector] 	Failed tx on registroDeBatches; calling method: registrarBatch; nonce: 0x5d9
2026.10.01-20:24:42.026 error [caliper] [ethereum-connector] 	Error: Returned error: Transaction nonce is too distant from current sender nonce
2026.10.01-20:24:42.052 error [caliper] [ethereum-connector] 	Failed tx on registroDeBatches; calling method: registrarBatch; nonce: 0x5da
2026.10.01-20:24:42.052 error [caliper] [ethereum-connector] 	Error: Returned error: Transaction nonce is too distant from current sender nonce
2026.10.01-20:24:42.080 error [caliper] [ethereum-connector] 	Failed tx on registroDeBatches; calling method: registrarBatch; nonce: 0x5db
2026.10.01-20:24:42.080 error [caliper] [ethereum-connector] 	Error: Returned error: Transaction nonce is too distant from current sender nonce
2026.10.01-20:24:42.122 error [caliper] [ethereum-connector] 	Failed tx on registroDeBatches; calling method: registrarBatch; nonce: 0x5dc
2026.10.01-20:24:42.123 error [caliper] [ethereum-connector] 	Error: Returned error: Transaction nonce is too distant from current sender nonce
2026.10.01-20:24:42.128 error [caliper] [ethereum-connector] 	Failed tx on registroDeBatches; calling method: registrarBatch; nonce: 0x5dd
2026.10.01-20:24:42.128 error [caliper] [ethereum-connector] 	Error: Returned error: Transaction nonce is too distant from current sender nonce
2026.10.01-20:24:42.154 error [caliper] [ethereum-connector] 	Failed tx on registroDeBatches; calling method: registrarBatch; nonce: 0x5de
2026.10.01-20:24:42.155 error [caliper] [ethereum-connector] 	Error: Returned error: Transaction nonce is too distant from current sender nonce
2026.10.01-20:24:42.167 info  [caliper] [default-observer] 	[tps-40 Round 2 Transaction Info] - Submitted: 561 Succ: 224 Fail:231 Unfinished:106
2026.10.01-20:24:42.177 error [caliper] [ethereum-connector] 	Failed tx on registroDeBatches; calling method: registrarBatch; nonce: 0x5df
2026.10.01-20:24:42.177 error [caliper] [ethereum-connector] 	Error: Returned error: Transaction nonce is too distant from current sender nonce
2026.10.01-20:24:42.200 error [caliper] [ethereum-connector] 	Failed tx on registroDeBatches; calling method: registrarBatch; nonce: 0x5e0
2026.10.01-20:24:42.200 error [caliper] [ethereum-connector] 	Error: Returned error: Transaction nonce is too distant from current sender nonce
2026.10.01-20:24:42.226 error [caliper] [ethereum-connector] 	Failed tx on registroDeBatches; calling method: registrarBatch; nonce: 0x5e1
2026.10.01-20:24:42.226 error [caliper] [ethereum-connector] 	Error: Returned error: Transaction nonce is too distant from current sender nonce
2026.10.01-20:24:42.250 error [caliper] [ethereum-connector] 	Failed tx on registroDeBatches; calling method: registrarBatch; nonce: 0x5e2
2026.10.01-20:24:42.250 error [caliper] [ethereum-connector] 	Error: Returned error: Transaction nonce is too distant from current sender nonce
2026.10.01-20:24:42.275 error [caliper] [ethereum-connector] 	Failed tx on registroDeBatches; calling method: registrarBatch; nonce: 0x5e3
2026.10.01-20:24:42.275 error [caliper] [ethereum-connector] 	Error: Returned error: Transaction nonce is too distant from current sender nonce
2026.10.01-20:24:42.300 error [caliper] [ethereum-connector] 	Failed tx on registroDeBatches; calling method: registrarBatch; nonce: 0x5e4
2026.10.01-20:24:42.300 error [caliper] [ethereum-connector] 	Error: Returned error: Transaction nonce is too distant from current sender nonce
2026.10.01-20:24:42.324 error [caliper] [ethereum-connector] 	Failed tx on registroDeBatches; calling method: registrarBatch; nonce: 0x5e5
2026.10.01-20:24:42.324 error [caliper] [ethereum-connector] 	Error: Returned error: Transaction nonce is too distant from current sender nonce
2026.10.01-20:24:42.350 error [caliper] [ethereum-connector] 	Failed tx on registroDeBatches; calling method: registrarBatch; nonce: 0x5e6
2026.10.01-20:24:42.350 error [caliper] [ethereum-connector] 	Error: Returned error: Transaction nonce is too distant from current sender nonce
2026.10.01-20:24:42.374 error [caliper] [ethereum-connector] 	Failed tx on registroDeBatches; calling method: registrarBatch; nonce: 0x5e7
2026.10.01-20:24:42.374 error [caliper] [ethereum-connector] 	Error: Returned error: Transaction nonce is too distant from current sender nonce
2026.10.01-20:24:42.400 error [caliper] [ethereum-connector] 	Failed tx on registroDeBatches; calling method: registrarBatch; nonce: 0x5e8
2026.10.01-20:24:42.400 error [caliper] [ethereum-connector] 	Error: Returned error: Transaction nonce is too distant from current sender nonce
2026.10.01-20:24:42.425 error [caliper] [ethereum-connector] 	Failed tx on registroDeBatches; calling method: registrarBatch; nonce: 0x5e9
2026.10.01-20:24:42.425 error [caliper] [ethereum-connector] 	Error: Returned error: Transaction nonce is too distant from current sender nonce
2026.10.01-20:24:42.450 error [caliper] [ethereum-connector] 	Failed tx on registroDeBatches; calling method: registrarBatch; nonce: 0x5ea
2026.10.01-20:24:42.450 error [caliper] [ethereum-connector] 	Error: Returned error: Transaction nonce is too distant from current sender nonce
2026.10.01-20:24:42.474 error [caliper] [ethereum-connector] 	Failed tx on registroDeBatches; calling method: registrarBatch; nonce: 0x5eb
2026.10.01-20:24:42.474 error [caliper] [ethereum-connector] 	Error: Returned error: Transaction nonce is too distant from current sender nonce
2026.10.01-20:24:42.500 error [caliper] [ethereum-connector] 	Failed tx on registroDeBatches; calling method: registrarBatch; nonce: 0x5ec
2026.10.01-20:24:42.501 error [caliper] [ethereum-connector] 	Error: Returned error: Transaction nonce is too distant from current sender nonce
2026.10.01-20:24:42.525 error [caliper] [ethereum-connector] 	Failed tx on registroDeBatches; calling method: registrarBatch; nonce: 0x5ed
2026.10.01-20:24:42.525 error [caliper] [ethereum-connector] 	Error: Returned error: Transaction nonce is too distant from current sender nonce
2026.10.01-20:24:42.550 error [caliper] [ethereum-connector] 	Failed tx on registroDeBatches; calling method: registrarBatch; nonce: 0x5ee
2026.10.01-20:24:42.550 error [caliper] [ethereum-connector] 	Error: Returned error: Transaction nonce is too distant from current sender nonce
2026.10.01-20:24:42.575 error [caliper] [ethereum-connector] 	Failed tx on registroDeBatches; calling method: registrarBatch; nonce: 0x5ef
2026.10.01-20:24:42.575 error [caliper] [ethereum-connector] 	Error: Returned error: Transaction nonce is too distant from current sender nonce
2026.10.01-20:24:42.599 error [caliper] [ethereum-connector] 	Failed tx on registroDeBatches; calling method: registrarBatch; nonce: 0x5f0
2026.10.01-20:24:42.599 error [caliper] [ethereum-connector] 	Error: Returned error: Transaction nonce is too distant from current sender nonce
2026.10.01-20:24:42.625 error [caliper] [ethereum-connector] 	Failed tx on registroDeBatches; calling method: registrarBatch; nonce: 0x5f1
2026.10.01-20:24:42.625 error [caliper] [ethereum-connector] 	Error: Returned error: Transaction nonce is too distant from current sender nonce
2026.10.01-20:24:42.651 error [caliper] [ethereum-connector] 	Failed tx on registroDeBatches; calling method: registrarBatch; nonce: 0x5f2
2026.10.01-20:24:42.651 error [caliper] [ethereum-connector] 	Error: Returned error: Transaction nonce is too distant from current sender nonce
2026.10.01-20:24:42.675 error [caliper] [ethereum-connector] 	Failed tx on registroDeBatches; calling method: registrarBatch; nonce: 0x5f3
2026.10.01-20:24:42.675 error [caliper] [ethereum-connector] 	Error: Returned error: Transaction nonce is too distant from current sender nonce
2026.10.01-20:24:42.700 error [caliper] [ethereum-connector] 	Failed tx on registroDeBatches; calling method: registrarBatch; nonce: 0x5f4
2026.10.01-20:24:42.700 error [caliper] [ethereum-connector] 	Error: Returned error: Transaction nonce is too distant from current sender nonce
2026.10.01-20:24:42.725 error [caliper] [ethereum-connector] 	Failed tx on registroDeBatches; calling method: registrarBatch; nonce: 0x5f5
2026.10.01-20:24:42.725 error [caliper] [ethereum-connector] 	Error: Returned error: Transaction nonce is too distant from current sender nonce
2026.10.01-20:24:42.752 error [caliper] [ethereum-connector] 	Failed tx on registroDeBatches; calling method: registrarBatch; nonce: 0x5f6
2026.10.01-20:24:42.752 error [caliper] [ethereum-connector] 	Error: Returned error: Transaction nonce is too distant from current sender nonce
2026.10.01-20:24:42.774 error [caliper] [ethereum-connector] 	Failed tx on registroDeBatches; calling method: registrarBatch; nonce: 0x5f7
2026.10.01-20:24:42.774 error [caliper] [ethereum-connector] 	Error: Returned error: Transaction nonce is too distant from current sender nonce
2026.10.01-20:24:42.800 error [caliper] [ethereum-connector] 	Failed tx on registroDeBatches; calling method: registrarBatch; nonce: 0x5f8
2026.10.01-20:24:42.800 error [caliper] [ethereum-connector] 	Error: Returned error: Transaction nonce is too distant from current sender nonce
2026.10.01-20:24:42.825 error [caliper] [ethereum-connector] 	Failed tx on registroDeBatches; calling method: registrarBatch; nonce: 0x5f9
2026.10.01-20:24:42.825 error [caliper] [ethereum-connector] 	Error: Returned error: Transaction nonce is too distant from current sender nonce
2026.10.01-20:24:42.849 error [caliper] [ethereum-connector] 	Failed tx on registroDeBatches; calling method: registrarBatch; nonce: 0x5fa
2026.10.01-20:24:42.849 error [caliper] [ethereum-connector] 	Error: Returned error: Transaction nonce is too distant from current sender nonce
2026.10.01-20:24:42.874 error [caliper] [ethereum-connector] 	Failed tx on registroDeBatches; calling method: registrarBatch; nonce: 0x5fb
2026.10.01-20:24:42.874 error [caliper] [ethereum-connector] 	Error: Returned error: Transaction nonce is too distant from current sender nonce
2026.10.01-20:24:42.900 error [caliper] [ethereum-connector] 	Failed tx on registroDeBatches; calling method: registrarBatch; nonce: 0x5fc
2026.10.01-20:24:42.900 error [caliper] [ethereum-connector] 	Error: Returned error: Transaction nonce is too distant from current sender nonce
2026.10.01-20:24:42.925 error [caliper] [ethereum-connector] 	Failed tx on registroDeBatches; calling method: registrarBatch; nonce: 0x5fd
2026.10.01-20:24:42.925 error [caliper] [ethereum-connector] 	Error: Returned error: Transaction nonce is too distant from current sender nonce
2026.10.01-20:24:42.950 error [caliper] [ethereum-connector] 	Failed tx on registroDeBatches; calling method: registrarBatch; nonce: 0x5fe
2026.10.01-20:24:42.950 error [caliper] [ethereum-connector] 	Error: Returned error: Transaction nonce is too distant from current sender nonce
2026.10.01-20:24:42.975 error [caliper] [ethereum-connector] 	Failed tx on registroDeBatches; calling method: registrarBatch; nonce: 0x5ff
2026.10.01-20:24:42.975 error [caliper] [ethereum-connector] 	Error: Returned error: Transaction nonce is too distant from current sender nonce
2026.10.01-20:24:43.001 error [caliper] [ethereum-connector] 	Failed tx on registroDeBatches; calling method: registrarBatch; nonce: 0x600
2026.10.01-20:24:43.001 error [caliper] [ethereum-connector] 	Error: Returned error: Transaction nonce is too distant from current sender nonce
2026.10.01-20:24:43.025 error [caliper] [ethereum-connector] 	Failed tx on registroDeBatches; calling method: registrarBatch; nonce: 0x601
2026.10.01-20:24:43.025 error [caliper] [ethereum-connector] 	Error: Returned error: Transaction nonce is too distant from current sender nonce
2026.10.01-20:24:43.050 error [caliper] [ethereum-connector] 	Failed tx on registroDeBatches; calling method: registrarBatch; nonce: 0x602
2026.10.01-20:24:43.050 error [caliper] [ethereum-connector] 	Error: Returned error: Transaction nonce is too distant from current sender nonce
2026.10.01-20:24:43.076 error [caliper] [ethereum-connector] 	Failed tx on registroDeBatches; calling method: registrarBatch; nonce: 0x603
2026.10.01-20:24:43.076 error [caliper] [ethereum-connector] 	Error: Returned error: Transaction nonce is too distant from current sender nonce
2026.10.01-20:24:43.101 error [caliper] [ethereum-connector] 	Failed tx on registroDeBatches; calling method: registrarBatch; nonce: 0x604
2026.10.01-20:24:43.101 error [caliper] [ethereum-connector] 	Error: Returned error: Transaction nonce is too distant from current sender nonce
2026.10.01-20:24:43.125 error [caliper] [ethereum-connector] 	Failed tx on registroDeBatches; calling method: registrarBatch; nonce: 0x605
2026.10.01-20:24:43.126 error [caliper] [ethereum-connector] 	Error: Returned error: Transaction nonce is too distant from current sender nonce
2026.10.01-20:24:43.150 error [caliper] [ethereum-connector] 	Failed tx on registroDeBatches; calling method: registrarBatch; nonce: 0x606
2026.10.01-20:24:43.150 error [caliper] [ethereum-connector] 	Error: Returned error: Transaction nonce is too distant from current sender nonce
2026.10.01-20:24:43.174 error [caliper] [ethereum-connector] 	Failed tx on registroDeBatches; calling method: registrarBatch; nonce: 0x607
2026.10.01-20:24:43.175 error [caliper] [ethereum-connector] 	Error: Returned error: Transaction nonce is too distant from current sender nonce
2026.10.01-20:24:43.200 error [caliper] [ethereum-connector] 	Failed tx on registroDeBatches; calling method: registrarBatch; nonce: 0x608
2026.10.01-20:24:43.200 error [caliper] [ethereum-connector] 	Error: Returned error: Transaction nonce is too distant from current sender nonce
2026.10.01-20:24:43.225 error [caliper] [ethereum-connector] 	Failed tx on registroDeBatches; calling method: registrarBatch; nonce: 0x609
2026.10.01-20:24:43.225 error [caliper] [ethereum-connector] 	Error: Returned error: Transaction nonce is too distant from current sender nonce
2026.10.01-20:24:43.251 error [caliper] [ethereum-connector] 	Failed tx on registroDeBatches; calling method: registrarBatch; nonce: 0x60a
2026.10.01-20:24:43.251 error [caliper] [ethereum-connector] 	Error: Returned error: Transaction nonce is too distant from current sender nonce
2026.10.01-20:24:43.275 error [caliper] [ethereum-connector] 	Failed tx on registroDeBatches; calling method: registrarBatch; nonce: 0x60b
2026.10.01-20:24:43.275 error [caliper] [ethereum-connector] 	Error: Returned error: Transaction nonce is too distant from current sender nonce
2026.10.01-20:24:43.301 error [caliper] [ethereum-connector] 	Failed tx on registroDeBatches; calling method: registrarBatch; nonce: 0x60c
2026.10.01-20:24:43.301 error [caliper] [ethereum-connector] 	Error: Returned error: Transaction nonce is too distant from current sender nonce
2026.10.01-20:24:43.325 error [caliper] [ethereum-connector] 	Failed tx on registroDeBatches; calling method: registrarBatch; nonce: 0x60d
2026.10.01-20:24:43.325 error [caliper] [ethereum-connector] 	Error: Returned error: Transaction nonce is too distant from current sender nonce
2026.10.01-20:24:43.351 error [caliper] [ethereum-connector] 	Failed tx on registroDeBatches; calling method: registrarBatch; nonce: 0x60e
2026.10.01-20:24:43.351 error [caliper] [ethereum-connector] 	Error: Returned error: Transaction nonce is too distant from current sender nonce
2026.10.01-20:24:43.375 error [caliper] [ethereum-connector] 	Failed tx on registroDeBatches; calling method: registrarBatch; nonce: 0x60f
2026.10.01-20:24:43.376 error [caliper] [ethereum-connector] 	Error: Returned error: Transaction nonce is too distant from current sender nonce
2026.10.01-20:24:43.401 error [caliper] [ethereum-connector] 	Failed tx on registroDeBatches; calling method: registrarBatch; nonce: 0x610
2026.10.01-20:24:43.401 error [caliper] [ethereum-connector] 	Error: Returned error: Transaction nonce is too distant from current sender nonce
2026.10.01-20:24:43.425 error [caliper] [ethereum-connector] 	Failed tx on registroDeBatches; calling method: registrarBatch; nonce: 0x611
2026.10.01-20:24:43.425 error [caliper] [ethereum-connector] 	Error: Returned error: Transaction nonce is too distant from current sender nonce
2026.10.01-20:24:43.451 error [caliper] [ethereum-connector] 	Failed tx on registroDeBatches; calling method: registrarBatch; nonce: 0x612
2026.10.01-20:24:43.451 error [caliper] [ethereum-connector] 	Error: Returned error: Transaction nonce is too distant from current sender nonce
2026.10.01-20:24:43.475 error [caliper] [ethereum-connector] 	Failed tx on registroDeBatches; calling method: registrarBatch; nonce: 0x613
2026.10.01-20:24:43.475 error [caliper] [ethereum-connector] 	Error: Returned error: Transaction nonce is too distant from current sender nonce
2026.10.01-20:24:43.500 error [caliper] [ethereum-connector] 	Failed tx on registroDeBatches; calling method: registrarBatch; nonce: 0x614
2026.10.01-20:24:43.500 error [caliper] [ethereum-connector] 	Error: Returned error: Transaction nonce is too distant from current sender nonce
2026.10.01-20:24:43.525 error [caliper] [ethereum-connector] 	Failed tx on registroDeBatches; calling method: registrarBatch; nonce: 0x615
2026.10.01-20:24:43.525 error [caliper] [ethereum-connector] 	Error: Returned error: Transaction nonce is too distant from current sender nonce
2026.10.01-20:24:43.551 error [caliper] [ethereum-connector] 	Failed tx on registroDeBatches; calling method: registrarBatch; nonce: 0x616
2026.10.01-20:24:43.551 error [caliper] [ethereum-connector] 	Error: Returned error: Transaction nonce is too distant from current sender nonce
2026.10.01-20:24:43.578 error [caliper] [ethereum-connector] 	Failed tx on registroDeBatches; calling method: registrarBatch; nonce: 0x617
2026.10.01-20:24:43.578 error [caliper] [ethereum-connector] 	Error: Returned error: Transaction nonce is too distant from current sender nonce
2026.10.01-20:24:43.601 error [caliper] [ethereum-connector] 	Failed tx on registroDeBatches; calling method: registrarBatch; nonce: 0x618
2026.10.01-20:24:43.602 error [caliper] [ethereum-connector] 	Error: Returned error: Transaction nonce is too distant from current sender nonce
2026.10.01-20:24:43.625 error [caliper] [ethereum-connector] 	Failed tx on registroDeBatches; calling method: registrarBatch; nonce: 0x619
2026.10.01-20:24:43.625 error [caliper] [ethereum-connector] 	Error: Returned error: Transaction nonce is too distant from current sender nonce
2026.10.01-20:24:43.650 error [caliper] [ethereum-connector] 	Failed tx on registroDeBatches; calling method: registrarBatch; nonce: 0x61a
2026.10.01-20:24:43.650 error [caliper] [ethereum-connector] 	Error: Returned error: Transaction nonce is too distant from current sender nonce
2026.10.01-20:24:43.675 error [caliper] [ethereum-connector] 	Failed tx on registroDeBatches; calling method: registrarBatch; nonce: 0x61b
2026.10.01-20:24:43.675 error [caliper] [ethereum-connector] 	Error: Returned error: Transaction nonce is too distant from current sender nonce
2026.10.01-20:24:43.700 error [caliper] [ethereum-connector] 	Failed tx on registroDeBatches; calling method: registrarBatch; nonce: 0x61c
2026.10.01-20:24:43.701 error [caliper] [ethereum-connector] 	Error: Returned error: Transaction nonce is too distant from current sender nonce
2026.10.01-20:24:43.724 error [caliper] [ethereum-connector] 	Failed tx on registroDeBatches; calling method: registrarBatch; nonce: 0x61d
2026.10.01-20:24:43.724 error [caliper] [ethereum-connector] 	Error: Returned error: Transaction nonce is too distant from current sender nonce
2026.10.01-20:24:43.752 error [caliper] [ethereum-connector] 	Failed tx on registroDeBatches; calling method: registrarBatch; nonce: 0x61e
2026.10.01-20:24:43.752 error [caliper] [ethereum-connector] 	Error: Returned error: Transaction nonce is too distant from current sender nonce
2026.10.01-20:24:43.781 error [caliper] [ethereum-connector] 	Failed tx on registroDeBatches; calling method: registrarBatch; nonce: 0x61f
2026.10.01-20:24:43.782 error [caliper] [ethereum-connector] 	Error: Returned error: Transaction nonce is too distant from current sender nonce
2026.10.01-20:24:43.800 error [caliper] [ethereum-connector] 	Failed tx on registroDeBatches; calling method: registrarBatch; nonce: 0x620
2026.10.01-20:24:43.800 error [caliper] [ethereum-connector] 	Error: Returned error: Transaction nonce is too distant from current sender nonce
2026.10.01-20:24:43.825 error [caliper] [ethereum-connector] 	Failed tx on registroDeBatches; calling method: registrarBatch; nonce: 0x621
2026.10.01-20:24:43.826 error [caliper] [ethereum-connector] 	Error: Returned error: Transaction nonce is too distant from current sender nonce
2026.10.01-20:24:43.850 error [caliper] [ethereum-connector] 	Failed tx on registroDeBatches; calling method: registrarBatch; nonce: 0x622
2026.10.01-20:24:43.850 error [caliper] [ethereum-connector] 	Error: Returned error: Transaction nonce is too distant from current sender nonce
2026.10.01-20:24:43.875 error [caliper] [ethereum-connector] 	Failed tx on registroDeBatches; calling method: registrarBatch; nonce: 0x623
2026.10.01-20:24:43.875 error [caliper] [ethereum-connector] 	Error: Returned error: Transaction nonce is too distant from current sender nonce
2026.10.01-20:24:43.901 error [caliper] [ethereum-connector] 	Failed tx on registroDeBatches; calling method: registrarBatch; nonce: 0x624
2026.10.01-20:24:43.901 error [caliper] [ethereum-connector] 	Error: Returned error: Transaction nonce is too distant from current sender nonce
2026.10.01-20:24:43.925 error [caliper] [ethereum-connector] 	Failed tx on registroDeBatches; calling method: registrarBatch; nonce: 0x625
2026.10.01-20:24:43.925 error [caliper] [ethereum-connector] 	Error: Returned error: Transaction nonce is too distant from current sender nonce
2026.10.01-20:24:43.952 error [caliper] [ethereum-connector] 	Failed tx on registroDeBatches; calling method: registrarBatch; nonce: 0x626
2026.10.01-20:24:43.952 error [caliper] [ethereum-connector] 	Error: Returned error: Transaction nonce is too distant from current sender nonce
2026.10.01-20:24:43.975 error [caliper] [ethereum-connector] 	Failed tx on registroDeBatches; calling method: registrarBatch; nonce: 0x627
2026.10.01-20:24:43.975 error [caliper] [ethereum-connector] 	Error: Returned error: Transaction nonce is too distant from current sender nonce
2026.10.01-20:24:44.001 error [caliper] [ethereum-connector] 	Failed tx on registroDeBatches; calling method: registrarBatch; nonce: 0x628
2026.10.01-20:24:44.001 error [caliper] [ethereum-connector] 	Error: Returned error: Transaction nonce is too distant from current sender nonce
2026.10.01-20:24:44.028 error [caliper] [ethereum-connector] 	Failed tx on registroDeBatches; calling method: registrarBatch; nonce: 0x629
2026.10.01-20:24:44.028 error [caliper] [ethereum-connector] 	Error: Returned error: Transaction nonce is too distant from current sender nonce
2026.10.01-20:24:44.053 error [caliper] [ethereum-connector] 	Failed tx on registroDeBatches; calling method: registrarBatch; nonce: 0x62a
2026.10.01-20:24:44.053 error [caliper] [ethereum-connector] 	Error: Returned error: Transaction nonce is too distant from current sender nonce
2026.10.01-20:24:44.078 error [caliper] [ethereum-connector] 	Failed tx on registroDeBatches; calling method: registrarBatch; nonce: 0x62b
2026.10.01-20:24:44.078 error [caliper] [ethereum-connector] 	Error: Returned error: Transaction nonce is too distant from current sender nonce
2026.10.01-20:24:44.102 error [caliper] [ethereum-connector] 	Failed tx on registroDeBatches; calling method: registrarBatch; nonce: 0x62c
2026.10.01-20:24:44.102 error [caliper] [ethereum-connector] 	Error: Returned error: Transaction nonce is too distant from current sender nonce
2026.10.01-20:24:44.127 error [caliper] [ethereum-connector] 	Failed tx on registroDeBatches; calling method: registrarBatch; nonce: 0x62d
2026.10.01-20:24:44.127 error [caliper] [ethereum-connector] 	Error: Returned error: Transaction nonce is too distant from current sender nonce
2026.10.01-20:24:44.154 error [caliper] [ethereum-connector] 	Failed tx on registroDeBatches; calling method: registrarBatch; nonce: 0x62e
2026.10.01-20:24:44.154 error [caliper] [ethereum-connector] 	Error: Returned error: Transaction nonce is too distant from current sender nonce
2026.10.01-20:24:44.175 error [caliper] [ethereum-connector] 	Failed tx on registroDeBatches; calling method: registrarBatch; nonce: 0x62f
2026.10.01-20:24:44.175 error [caliper] [ethereum-connector] 	Error: Returned error: Transaction nonce is too distant from current sender nonce
2026.10.01-20:24:44.200 error [caliper] [ethereum-connector] 	Failed tx on registroDeBatches; calling method: registrarBatch; nonce: 0x630
2026.10.01-20:24:44.200 error [caliper] [ethereum-connector] 	Error: Returned error: Transaction nonce is too distant from current sender nonce
2026.10.01-20:24:44.224 error [caliper] [ethereum-connector] 	Failed tx on registroDeBatches; calling method: registrarBatch; nonce: 0x631
2026.10.01-20:24:44.224 error [caliper] [ethereum-connector] 	Error: Returned error: Transaction nonce is too distant from current sender nonce
2026.10.01-20:24:44.250 error [caliper] [ethereum-connector] 	Failed tx on registroDeBatches; calling method: registrarBatch; nonce: 0x632
2026.10.01-20:24:44.250 error [caliper] [ethereum-connector] 	Error: Returned error: Transaction nonce is too distant from current sender nonce
2026.10.01-20:24:44.275 error [caliper] [ethereum-connector] 	Failed tx on registroDeBatches; calling method: registrarBatch; nonce: 0x633
2026.10.01-20:24:44.275 error [caliper] [ethereum-connector] 	Error: Returned error: Transaction nonce is too distant from current sender nonce
2026.10.01-20:24:44.300 error [caliper] [ethereum-connector] 	Failed tx on registroDeBatches; calling method: registrarBatch; nonce: 0x634
2026.10.01-20:24:44.300 error [caliper] [ethereum-connector] 	Error: Returned error: Transaction nonce is too distant from current sender nonce
2026.10.01-20:24:44.324 error [caliper] [ethereum-connector] 	Failed tx on registroDeBatches; calling method: registrarBatch; nonce: 0x635
2026.10.01-20:24:44.324 error [caliper] [ethereum-connector] 	Error: Returned error: Transaction nonce is too distant from current sender nonce
2026.10.01-20:24:44.349 error [caliper] [ethereum-connector] 	Failed tx on registroDeBatches; calling method: registrarBatch; nonce: 0x636
2026.10.01-20:24:44.350 error [caliper] [ethereum-connector] 	Error: Returned error: Transaction nonce is too distant from current sender nonce
2026.10.01-20:24:44.374 error [caliper] [ethereum-connector] 	Failed tx on registroDeBatches; calling method: registrarBatch; nonce: 0x637
2026.10.01-20:24:44.374 error [caliper] [ethereum-connector] 	Error: Returned error: Transaction nonce is too distant from current sender nonce
2026.10.01-20:24:44.401 error [caliper] [ethereum-connector] 	Failed tx on registroDeBatches; calling method: registrarBatch; nonce: 0x638
2026.10.01-20:24:44.401 error [caliper] [ethereum-connector] 	Error: Returned error: Transaction nonce is too distant from current sender nonce
2026.10.01-20:24:44.424 error [caliper] [ethereum-connector] 	Failed tx on registroDeBatches; calling method: registrarBatch; nonce: 0x639
2026.10.01-20:24:44.424 error [caliper] [ethereum-connector] 	Error: Returned error: Transaction nonce is too distant from current sender nonce
2026.10.01-20:24:44.450 error [caliper] [ethereum-connector] 	Failed tx on registroDeBatches; calling method: registrarBatch; nonce: 0x63a
2026.10.01-20:24:44.450 error [caliper] [ethereum-connector] 	Error: Returned error: Transaction nonce is too distant from current sender nonce
2026.10.01-20:24:44.475 error [caliper] [ethereum-connector] 	Failed tx on registroDeBatches; calling method: registrarBatch; nonce: 0x63b
2026.10.01-20:24:44.475 error [caliper] [ethereum-connector] 	Error: Returned error: Transaction nonce is too distant from current sender nonce
2026.10.01-20:24:44.501 error [caliper] [ethereum-connector] 	Failed tx on registroDeBatches; calling method: registrarBatch; nonce: 0x63c
2026.10.01-20:24:44.501 error [caliper] [ethereum-connector] 	Error: Returned error: Transaction nonce is too distant from current sender nonce
2026.10.01-20:24:44.527 error [caliper] [ethereum-connector] 	Failed tx on registroDeBatches; calling method: registrarBatch; nonce: 0x63d
2026.10.01-20:24:44.527 error [caliper] [ethereum-connector] 	Error: Returned error: Transaction nonce is too distant from current sender nonce
2026.10.01-20:24:44.551 error [caliper] [ethereum-connector] 	Failed tx on registroDeBatches; calling method: registrarBatch; nonce: 0x63e
2026.10.01-20:24:44.551 error [caliper] [ethereum-connector] 	Error: Returned error: Transaction nonce is too distant from current sender nonce
2026.10.01-20:24:44.576 error [caliper] [ethereum-connector] 	Failed tx on registroDeBatches; calling method: registrarBatch; nonce: 0x63f
2026.10.01-20:24:44.576 error [caliper] [ethereum-connector] 	Error: Returned error: Transaction nonce is too distant from current sender nonce
2026.10.01-20:24:44.600 error [caliper] [ethereum-connector] 	Failed tx on registroDeBatches; calling method: registrarBatch; nonce: 0x640
2026.10.01-20:24:44.600 error [caliper] [ethereum-connector] 	Error: Returned error: Transaction nonce is too distant from current sender nonce
2026.10.01-20:24:44.623 error [caliper] [ethereum-connector] 	Failed tx on registroDeBatches; calling method: registrarBatch; nonce: 0x641
2026.10.01-20:24:44.623 error [caliper] [ethereum-connector] 	Error: Returned error: Transaction nonce is too distant from current sender nonce
2026.10.01-20:24:44.650 error [caliper] [ethereum-connector] 	Failed tx on registroDeBatches; calling method: registrarBatch; nonce: 0x642
2026.10.01-20:24:44.650 error [caliper] [ethereum-connector] 	Error: Returned error: Transaction nonce is too distant from current sender nonce
2026.10.01-20:24:44.675 error [caliper] [ethereum-connector] 	Failed tx on registroDeBatches; calling method: registrarBatch; nonce: 0x643
2026.10.01-20:24:44.675 error [caliper] [ethereum-connector] 	Error: Returned error: Transaction nonce is too distant from current sender nonce
2026.10.01-20:24:44.701 error [caliper] [ethereum-connector] 	Failed tx on registroDeBatches; calling method: registrarBatch; nonce: 0x644
2026.10.01-20:24:44.701 error [caliper] [ethereum-connector] 	Error: Returned error: Transaction nonce is too distant from current sender nonce
2026.10.01-20:24:44.725 error [caliper] [ethereum-connector] 	Failed tx on registroDeBatches; calling method: registrarBatch; nonce: 0x645
2026.10.01-20:24:44.725 error [caliper] [ethereum-connector] 	Error: Returned error: Transaction nonce is too distant from current sender nonce
2026.10.01-20:24:44.751 error [caliper] [ethereum-connector] 	Failed tx on registroDeBatches; calling method: registrarBatch; nonce: 0x646
2026.10.01-20:24:44.751 error [caliper] [ethereum-connector] 	Error: Returned error: Transaction nonce is too distant from current sender nonce
2026.10.01-20:24:44.775 error [caliper] [ethereum-connector] 	Failed tx on registroDeBatches; calling method: registrarBatch; nonce: 0x647
2026.10.01-20:24:44.775 error [caliper] [ethereum-connector] 	Error: Returned error: Transaction nonce is too distant from current sender nonce
2026.10.01-20:24:44.801 error [caliper] [ethereum-connector] 	Failed tx on registroDeBatches; calling method: registrarBatch; nonce: 0x648
2026.10.01-20:24:44.801 error [caliper] [ethereum-connector] 	Error: Returned error: Transaction nonce is too distant from current sender nonce
2026.10.01-20:24:44.824 error [caliper] [ethereum-connector] 	Failed tx on registroDeBatches; calling method: registrarBatch; nonce: 0x649
2026.10.01-20:24:44.824 error [caliper] [ethereum-connector] 	Error: Returned error: Transaction nonce is too distant from current sender nonce
2026.10.01-20:24:44.851 error [caliper] [ethereum-connector] 	Failed tx on registroDeBatches; calling method: registrarBatch; nonce: 0x64a
2026.10.01-20:24:44.851 error [caliper] [ethereum-connector] 	Error: Returned error: Transaction nonce is too distant from current sender nonce
2026.10.01-20:24:44.875 error [caliper] [ethereum-connector] 	Failed tx on registroDeBatches; calling method: registrarBatch; nonce: 0x64b
2026.10.01-20:24:44.875 error [caliper] [ethereum-connector] 	Error: Returned error: Transaction nonce is too distant from current sender nonce
2026.10.01-20:24:44.901 error [caliper] [ethereum-connector] 	Failed tx on registroDeBatches; calling method: registrarBatch; nonce: 0x64c
2026.10.01-20:24:44.901 error [caliper] [ethereum-connector] 	Error: Returned error: Transaction nonce is too distant from current sender nonce
2026.10.01-20:24:44.925 error [caliper] [ethereum-connector] 	Failed tx on registroDeBatches; calling method: registrarBatch; nonce: 0x64d
2026.10.01-20:24:44.925 error [caliper] [ethereum-connector] 	Error: Returned error: Transaction nonce is too distant from current sender nonce
2026.10.01-20:24:44.951 error [caliper] [ethereum-connector] 	Failed tx on registroDeBatches; calling method: registrarBatch; nonce: 0x64e
2026.10.01-20:24:44.951 error [caliper] [ethereum-connector] 	Error: Returned error: Transaction nonce is too distant from current sender nonce
2026.10.01-20:24:44.976 error [caliper] [ethereum-connector] 	Failed tx on registroDeBatches; calling method: registrarBatch; nonce: 0x64f
2026.10.01-20:24:44.976 error [caliper] [ethereum-connector] 	Error: Returned error: Transaction nonce is too distant from current sender nonce
2026.10.01-20:24:45.001 error [caliper] [ethereum-connector] 	Failed tx on registroDeBatches; calling method: registrarBatch; nonce: 0x650
2026.10.01-20:24:45.001 error [caliper] [ethereum-connector] 	Error: Returned error: Transaction nonce is too distant from current sender nonce
2026.10.01-20:24:45.026 error [caliper] [ethereum-connector] 	Failed tx on registroDeBatches; calling method: registrarBatch; nonce: 0x651
2026.10.01-20:24:45.026 error [caliper] [ethereum-connector] 	Error: Returned error: Transaction nonce is too distant from current sender nonce
2026.10.01-20:24:45.051 error [caliper] [ethereum-connector] 	Failed tx on registroDeBatches; calling method: registrarBatch; nonce: 0x652
2026.10.01-20:24:45.051 error [caliper] [ethereum-connector] 	Error: Returned error: Transaction nonce is too distant from current sender nonce
2026.10.01-20:24:45.074 error [caliper] [ethereum-connector] 	Failed tx on registroDeBatches; calling method: registrarBatch; nonce: 0x653
2026.10.01-20:24:45.074 error [caliper] [ethereum-connector] 	Error: Returned error: Transaction nonce is too distant from current sender nonce
2026.10.01-20:24:45.101 error [caliper] [ethereum-connector] 	Failed tx on registroDeBatches; calling method: registrarBatch; nonce: 0x654
2026.10.01-20:24:45.101 error [caliper] [ethereum-connector] 	Error: Returned error: Transaction nonce is too distant from current sender nonce
2026.10.01-20:24:45.125 error [caliper] [ethereum-connector] 	Failed tx on registroDeBatches; calling method: registrarBatch; nonce: 0x655
2026.10.01-20:24:45.125 error [caliper] [ethereum-connector] 	Error: Returned error: Transaction nonce is too distant from current sender nonce
2026.10.01-20:24:45.150 error [caliper] [ethereum-connector] 	Failed tx on registroDeBatches; calling method: registrarBatch; nonce: 0x656
2026.10.01-20:24:45.150 error [caliper] [ethereum-connector] 	Error: Returned error: Transaction nonce is too distant from current sender nonce
2026.10.01-20:24:45.175 error [caliper] [ethereum-connector] 	Failed tx on registroDeBatches; calling method: registrarBatch; nonce: 0x657
2026.10.01-20:24:45.175 error [caliper] [ethereum-connector] 	Error: Returned error: Transaction nonce is too distant from current sender nonce
2026.10.01-20:24:45.201 error [caliper] [ethereum-connector] 	Failed tx on registroDeBatches; calling method: registrarBatch; nonce: 0x658
2026.10.01-20:24:45.201 error [caliper] [ethereum-connector] 	Error: Returned error: Transaction nonce is too distant from current sender nonce
2026.10.01-20:24:45.226 error [caliper] [ethereum-connector] 	Failed tx on registroDeBatches; calling method: registrarBatch; nonce: 0x659
2026.10.01-20:24:45.226 error [caliper] [ethereum-connector] 	Error: Returned error: Transaction nonce is too distant from current sender nonce
2026.10.01-20:24:45.250 error [caliper] [ethereum-connector] 	Failed tx on registroDeBatches; calling method: registrarBatch; nonce: 0x65a
2026.10.01-20:24:45.250 error [caliper] [ethereum-connector] 	Error: Returned error: Transaction nonce is too distant from current sender nonce
2026.10.01-20:24:45.276 error [caliper] [ethereum-connector] 	Failed tx on registroDeBatches; calling method: registrarBatch; nonce: 0x65b
2026.10.01-20:24:45.276 error [caliper] [ethereum-connector] 	Error: Returned error: Transaction nonce is too distant from current sender nonce
2026.10.01-20:24:45.300 error [caliper] [ethereum-connector] 	Failed tx on registroDeBatches; calling method: registrarBatch; nonce: 0x65c
2026.10.01-20:24:45.301 error [caliper] [ethereum-connector] 	Error: Returned error: Transaction nonce is too distant from current sender nonce
2026.10.01-20:24:45.324 error [caliper] [ethereum-connector] 	Failed tx on registroDeBatches; calling method: registrarBatch; nonce: 0x65d
2026.10.01-20:24:45.325 error [caliper] [ethereum-connector] 	Error: Returned error: Transaction nonce is too distant from current sender nonce
2026.10.01-20:24:45.350 error [caliper] [ethereum-connector] 	Failed tx on registroDeBatches; calling method: registrarBatch; nonce: 0x65e
2026.10.01-20:24:45.350 error [caliper] [ethereum-connector] 	Error: Returned error: Transaction nonce is too distant from current sender nonce
2026.10.01-20:24:45.375 error [caliper] [ethereum-connector] 	Failed tx on registroDeBatches; calling method: registrarBatch; nonce: 0x65f
2026.10.01-20:24:45.375 error [caliper] [ethereum-connector] 	Error: Returned error: Transaction nonce is too distant from current sender nonce
2026.10.01-20:24:45.401 error [caliper] [ethereum-connector] 	Failed tx on registroDeBatches; calling method: registrarBatch; nonce: 0x660
2026.10.01-20:24:45.401 error [caliper] [ethereum-connector] 	Error: Returned error: Transaction nonce is too distant from current sender nonce
2026.10.01-20:24:45.426 error [caliper] [ethereum-connector] 	Failed tx on registroDeBatches; calling method: registrarBatch; nonce: 0x661
2026.10.01-20:24:45.426 error [caliper] [ethereum-connector] 	Error: Returned error: Transaction nonce is too distant from current sender nonce
2026.10.01-20:24:45.451 error [caliper] [ethereum-connector] 	Failed tx on registroDeBatches; calling method: registrarBatch; nonce: 0x662
2026.10.01-20:24:45.451 error [caliper] [ethereum-connector] 	Error: Returned error: Transaction nonce is too distant from current sender nonce
2026.10.01-20:24:45.475 error [caliper] [ethereum-connector] 	Failed tx on registroDeBatches; calling method: registrarBatch; nonce: 0x663
2026.10.01-20:24:45.475 error [caliper] [ethereum-connector] 	Error: Returned error: Transaction nonce is too distant from current sender nonce
2026.10.01-20:24:45.501 error [caliper] [ethereum-connector] 	Failed tx on registroDeBatches; calling method: registrarBatch; nonce: 0x664
2026.10.01-20:24:45.501 error [caliper] [ethereum-connector] 	Error: Returned error: Transaction nonce is too distant from current sender nonce
2026.10.01-20:24:45.525 error [caliper] [ethereum-connector] 	Failed tx on registroDeBatches; calling method: registrarBatch; nonce: 0x665
2026.10.01-20:24:45.525 error [caliper] [ethereum-connector] 	Error: Returned error: Transaction nonce is too distant from current sender nonce
2026.10.01-20:24:45.551 error [caliper] [ethereum-connector] 	Failed tx on registroDeBatches; calling method: registrarBatch; nonce: 0x666
2026.10.01-20:24:45.551 error [caliper] [ethereum-connector] 	Error: Returned error: Transaction nonce is too distant from current sender nonce
2026.10.01-20:24:45.575 error [caliper] [ethereum-connector] 	Failed tx on registroDeBatches; calling method: registrarBatch; nonce: 0x667
2026.10.01-20:24:45.575 error [caliper] [ethereum-connector] 	Error: Returned error: Transaction nonce is too distant from current sender nonce
2026.10.01-20:24:45.601 error [caliper] [ethereum-connector] 	Failed tx on registroDeBatches; calling method: registrarBatch; nonce: 0x668
2026.10.01-20:24:45.601 error [caliper] [ethereum-connector] 	Error: Returned error: Transaction nonce is too distant from current sender nonce
2026.10.01-20:24:45.626 error [caliper] [ethereum-connector] 	Failed tx on registroDeBatches; calling method: registrarBatch; nonce: 0x669
2026.10.01-20:24:45.626 error [caliper] [ethereum-connector] 	Error: Returned error: Transaction nonce is too distant from current sender nonce
2026.10.01-20:24:45.650 error [caliper] [ethereum-connector] 	Failed tx on registroDeBatches; calling method: registrarBatch; nonce: 0x66a
2026.10.01-20:24:45.650 error [caliper] [ethereum-connector] 	Error: Returned error: Transaction nonce is too distant from current sender nonce
2026.10.01-20:24:45.675 error [caliper] [ethereum-connector] 	Failed tx on registroDeBatches; calling method: registrarBatch; nonce: 0x66b
2026.10.01-20:24:45.675 error [caliper] [ethereum-connector] 	Error: Returned error: Transaction nonce is too distant from current sender nonce
2026.10.01-20:24:45.701 error [caliper] [ethereum-connector] 	Failed tx on registroDeBatches; calling method: registrarBatch; nonce: 0x66c
2026.10.01-20:24:45.701 error [caliper] [ethereum-connector] 	Error: Returned error: Transaction nonce is too distant from current sender nonce
2026.10.01-20:24:45.725 error [caliper] [ethereum-connector] 	Failed tx on registroDeBatches; calling method: registrarBatch; nonce: 0x66d
2026.10.01-20:24:45.725 error [caliper] [ethereum-connector] 	Error: Returned error: Transaction nonce is too distant from current sender nonce
2026.10.01-20:24:45.751 error [caliper] [ethereum-connector] 	Failed tx on registroDeBatches; calling method: registrarBatch; nonce: 0x66e
2026.10.01-20:24:45.751 error [caliper] [ethereum-connector] 	Error: Returned error: Transaction nonce is too distant from current sender nonce
2026.10.01-20:24:45.775 error [caliper] [ethereum-connector] 	Failed tx on registroDeBatches; calling method: registrarBatch; nonce: 0x66f
2026.10.01-20:24:45.775 error [caliper] [ethereum-connector] 	Error: Returned error: Transaction nonce is too distant from current sender nonce
2026.10.01-20:24:45.801 error [caliper] [ethereum-connector] 	Failed tx on registroDeBatches; calling method: registrarBatch; nonce: 0x670
2026.10.01-20:24:45.801 error [caliper] [ethereum-connector] 	Error: Returned error: Transaction nonce is too distant from current sender nonce
2026.10.01-20:24:45.825 error [caliper] [ethereum-connector] 	Failed tx on registroDeBatches; calling method: registrarBatch; nonce: 0x671
2026.10.01-20:24:45.825 error [caliper] [ethereum-connector] 	Error: Returned error: Transaction nonce is too distant from current sender nonce
2026.10.01-20:24:45.851 error [caliper] [ethereum-connector] 	Failed tx on registroDeBatches; calling method: registrarBatch; nonce: 0x672
2026.10.01-20:24:45.851 error [caliper] [ethereum-connector] 	Error: Returned error: Transaction nonce is too distant from current sender nonce
2026.10.01-20:24:45.874 error [caliper] [ethereum-connector] 	Failed tx on registroDeBatches; calling method: registrarBatch; nonce: 0x673
2026.10.01-20:24:45.874 error [caliper] [ethereum-connector] 	Error: Returned error: Transaction nonce is too distant from current sender nonce
2026.10.01-20:24:45.900 error [caliper] [ethereum-connector] 	Failed tx on registroDeBatches; calling method: registrarBatch; nonce: 0x674
2026.10.01-20:24:45.900 error [caliper] [ethereum-connector] 	Error: Returned error: Transaction nonce is too distant from current sender nonce
2026.10.01-20:24:45.924 error [caliper] [ethereum-connector] 	Failed tx on registroDeBatches; calling method: registrarBatch; nonce: 0x675
2026.10.01-20:24:45.924 error [caliper] [ethereum-connector] 	Error: Returned error: Transaction nonce is too distant from current sender nonce
2026.10.01-20:24:45.950 error [caliper] [ethereum-connector] 	Failed tx on registroDeBatches; calling method: registrarBatch; nonce: 0x676
2026.10.01-20:24:45.950 error [caliper] [ethereum-connector] 	Error: Returned error: Transaction nonce is too distant from current sender nonce
2026.10.01-20:24:45.975 error [caliper] [ethereum-connector] 	Failed tx on registroDeBatches; calling method: registrarBatch; nonce: 0x677
2026.10.01-20:24:45.975 error [caliper] [ethereum-connector] 	Error: Returned error: Transaction nonce is too distant from current sender nonce
2026.10.01-20:24:46.000 error [caliper] [ethereum-connector] 	Failed tx on registroDeBatches; calling method: registrarBatch; nonce: 0x678
2026.10.01-20:24:46.000 error [caliper] [ethereum-connector] 	Error: Returned error: Transaction nonce is too distant from current sender nonce
2026.10.01-20:24:46.028 error [caliper] [ethereum-connector] 	Failed tx on registroDeBatches; calling method: registrarBatch; nonce: 0x679
2026.10.01-20:24:46.028 error [caliper] [ethereum-connector] 	Error: Returned error: Transaction nonce is too distant from current sender nonce
2026.10.01-20:24:46.053 error [caliper] [ethereum-connector] 	Failed tx on registroDeBatches; calling method: registrarBatch; nonce: 0x67a
2026.10.01-20:24:46.053 error [caliper] [ethereum-connector] 	Error: Returned error: Transaction nonce is too distant from current sender nonce
2026.10.01-20:24:46.090 error [caliper] [ethereum-connector] 	Failed tx on registroDeBatches; calling method: registrarBatch; nonce: 0x67b
2026.10.01-20:24:46.090 error [caliper] [ethereum-connector] 	Error: Returned error: Transaction nonce is too distant from current sender nonce
2026.10.01-20:24:46.103 error [caliper] [ethereum-connector] 	Failed tx on registroDeBatches; calling method: registrarBatch; nonce: 0x67c
2026.10.01-20:24:46.103 error [caliper] [ethereum-connector] 	Error: Returned error: Transaction nonce is too distant from current sender nonce
2026.10.01-20:24:46.131 error [caliper] [ethereum-connector] 	Failed tx on registroDeBatches; calling method: registrarBatch; nonce: 0x67d
2026.10.01-20:24:46.132 error [caliper] [ethereum-connector] 	Error: Returned error: Transaction nonce is too distant from current sender nonce
2026.10.01-20:24:46.149 error [caliper] [ethereum-connector] 	Failed tx on registroDeBatches; calling method: registrarBatch; nonce: 0x67e
2026.10.01-20:24:46.149 error [caliper] [ethereum-connector] 	Error: Returned error: Transaction nonce is too distant from current sender nonce
2026.10.01-20:24:46.174 error [caliper] [ethereum-connector] 	Failed tx on registroDeBatches; calling method: registrarBatch; nonce: 0x67f
2026.10.01-20:24:46.174 error [caliper] [ethereum-connector] 	Error: Returned error: Transaction nonce is too distant from current sender nonce
2026.10.01-20:24:46.199 error [caliper] [ethereum-connector] 	Failed tx on registroDeBatches; calling method: registrarBatch; nonce: 0x680
2026.10.01-20:24:46.199 error [caliper] [ethereum-connector] 	Error: Returned error: Transaction nonce is too distant from current sender nonce
2026.10.01-20:24:46.223 error [caliper] [ethereum-connector] 	Failed tx on registroDeBatches; calling method: registrarBatch; nonce: 0x681
2026.10.01-20:24:46.223 error [caliper] [ethereum-connector] 	Error: Returned error: Transaction nonce is too distant from current sender nonce
2026.10.01-20:24:46.248 error [caliper] [ethereum-connector] 	Failed tx on registroDeBatches; calling method: registrarBatch; nonce: 0x682
2026.10.01-20:24:46.248 error [caliper] [ethereum-connector] 	Error: Returned error: Transaction nonce is too distant from current sender nonce
2026.10.01-20:24:46.274 error [caliper] [ethereum-connector] 	Failed tx on registroDeBatches; calling method: registrarBatch; nonce: 0x683
2026.10.01-20:24:46.274 error [caliper] [ethereum-connector] 	Error: Returned error: Transaction nonce is too distant from current sender nonce
2026.10.01-20:24:46.299 error [caliper] [ethereum-connector] 	Failed tx on registroDeBatches; calling method: registrarBatch; nonce: 0x684
2026.10.01-20:24:46.299 error [caliper] [ethereum-connector] 	Error: Returned error: Transaction nonce is too distant from current sender nonce
2026.10.01-20:24:46.324 error [caliper] [ethereum-connector] 	Failed tx on registroDeBatches; calling method: registrarBatch; nonce: 0x685
2026.10.01-20:24:46.324 error [caliper] [ethereum-connector] 	Error: Returned error: Transaction nonce is too distant from current sender nonce
2026.10.01-20:24:46.349 error [caliper] [ethereum-connector] 	Failed tx on registroDeBatches; calling method: registrarBatch; nonce: 0x686
2026.10.01-20:24:46.349 error [caliper] [ethereum-connector] 	Error: Returned error: Transaction nonce is too distant from current sender nonce
2026.10.01-20:24:46.374 error [caliper] [ethereum-connector] 	Failed tx on registroDeBatches; calling method: registrarBatch; nonce: 0x687
2026.10.01-20:24:46.374 error [caliper] [ethereum-connector] 	Error: Returned error: Transaction nonce is too distant from current sender nonce
2026.10.01-20:24:46.400 error [caliper] [ethereum-connector] 	Failed tx on registroDeBatches; calling method: registrarBatch; nonce: 0x688
2026.10.01-20:24:46.400 error [caliper] [ethereum-connector] 	Error: Returned error: Transaction nonce is too distant from current sender nonce
2026.10.01-20:24:46.425 error [caliper] [ethereum-connector] 	Failed tx on registroDeBatches; calling method: registrarBatch; nonce: 0x689
2026.10.01-20:24:46.425 error [caliper] [ethereum-connector] 	Error: Returned error: Transaction nonce is too distant from current sender nonce
2026.10.01-20:24:46.451 error [caliper] [ethereum-connector] 	Failed tx on registroDeBatches; calling method: registrarBatch; nonce: 0x68a
2026.10.01-20:24:46.451 error [caliper] [ethereum-connector] 	Error: Returned error: Transaction nonce is too distant from current sender nonce
2026.10.01-20:24:46.475 error [caliper] [ethereum-connector] 	Failed tx on registroDeBatches; calling method: registrarBatch; nonce: 0x68b
2026.10.01-20:24:46.475 error [caliper] [ethereum-connector] 	Error: Returned error: Transaction nonce is too distant from current sender nonce
2026.10.01-20:24:46.501 error [caliper] [ethereum-connector] 	Failed tx on registroDeBatches; calling method: registrarBatch; nonce: 0x68c
2026.10.01-20:24:46.501 error [caliper] [ethereum-connector] 	Error: Returned error: Transaction nonce is too distant from current sender nonce
2026.10.01-20:24:46.526 error [caliper] [ethereum-connector] 	Failed tx on registroDeBatches; calling method: registrarBatch; nonce: 0x68d
2026.10.01-20:24:46.526 error [caliper] [ethereum-connector] 	Error: Returned error: Transaction nonce is too distant from current sender nonce
2026.10.01-20:24:46.550 error [caliper] [ethereum-connector] 	Failed tx on registroDeBatches; calling method: registrarBatch; nonce: 0x68e
2026.10.01-20:24:46.550 error [caliper] [ethereum-connector] 	Error: Returned error: Transaction nonce is too distant from current sender nonce
2026.10.01-20:24:46.576 error [caliper] [ethereum-connector] 	Failed tx on registroDeBatches; calling method: registrarBatch; nonce: 0x68f
2026.10.01-20:24:46.576 error [caliper] [ethereum-connector] 	Error: Returned error: Transaction nonce is too distant from current sender nonce
2026.10.01-20:24:46.601 error [caliper] [ethereum-connector] 	Failed tx on registroDeBatches; calling method: registrarBatch; nonce: 0x690
2026.10.01-20:24:46.601 error [caliper] [ethereum-connector] 	Error: Returned error: Transaction nonce is too distant from current sender nonce
2026.10.01-20:24:46.624 error [caliper] [ethereum-connector] 	Failed tx on registroDeBatches; calling method: registrarBatch; nonce: 0x691
2026.10.01-20:24:46.624 error [caliper] [ethereum-connector] 	Error: Returned error: Transaction nonce is too distant from current sender nonce
2026.10.01-20:24:46.651 error [caliper] [ethereum-connector] 	Failed tx on registroDeBatches; calling method: registrarBatch; nonce: 0x692
2026.10.01-20:24:46.651 error [caliper] [ethereum-connector] 	Error: Returned error: Transaction nonce is too distant from current sender nonce
2026.10.01-20:24:46.675 error [caliper] [ethereum-connector] 	Failed tx on registroDeBatches; calling method: registrarBatch; nonce: 0x693
2026.10.01-20:24:46.675 error [caliper] [ethereum-connector] 	Error: Returned error: Transaction nonce is too distant from current sender nonce
2026.10.01-20:24:46.701 error [caliper] [ethereum-connector] 	Failed tx on registroDeBatches; calling method: registrarBatch; nonce: 0x694
2026.10.01-20:24:46.701 error [caliper] [ethereum-connector] 	Error: Returned error: Transaction nonce is too distant from current sender nonce
2026.10.01-20:24:46.724 error [caliper] [ethereum-connector] 	Failed tx on registroDeBatches; calling method: registrarBatch; nonce: 0x695
2026.10.01-20:24:46.725 error [caliper] [ethereum-connector] 	Error: Returned error: Transaction nonce is too distant from current sender nonce
2026.10.01-20:24:46.751 error [caliper] [ethereum-connector] 	Failed tx on registroDeBatches; calling method: registrarBatch; nonce: 0x696
2026.10.01-20:24:46.751 error [caliper] [ethereum-connector] 	Error: Returned error: Transaction nonce is too distant from current sender nonce
2026.10.01-20:24:46.774 error [caliper] [ethereum-connector] 	Failed tx on registroDeBatches; calling method: registrarBatch; nonce: 0x697
2026.10.01-20:24:46.774 error [caliper] [ethereum-connector] 	Error: Returned error: Transaction nonce is too distant from current sender nonce
2026.10.01-20:24:46.800 error [caliper] [ethereum-connector] 	Failed tx on registroDeBatches; calling method: registrarBatch; nonce: 0x698
2026.10.01-20:24:46.800 error [caliper] [ethereum-connector] 	Error: Returned error: Transaction nonce is too distant from current sender nonce
2026.10.01-20:24:46.826 error [caliper] [ethereum-connector] 	Failed tx on registroDeBatches; calling method: registrarBatch; nonce: 0x699
2026.10.01-20:24:46.826 error [caliper] [ethereum-connector] 	Error: Returned error: Transaction nonce is too distant from current sender nonce
2026.10.01-20:24:46.851 error [caliper] [ethereum-connector] 	Failed tx on registroDeBatches; calling method: registrarBatch; nonce: 0x69a
2026.10.01-20:24:46.851 error [caliper] [ethereum-connector] 	Error: Returned error: Transaction nonce is too distant from current sender nonce
2026.10.01-20:24:46.875 error [caliper] [ethereum-connector] 	Failed tx on registroDeBatches; calling method: registrarBatch; nonce: 0x69b
2026.10.01-20:24:46.875 error [caliper] [ethereum-connector] 	Error: Returned error: Transaction nonce is too distant from current sender nonce
2026.10.01-20:24:46.901 error [caliper] [ethereum-connector] 	Failed tx on registroDeBatches; calling method: registrarBatch; nonce: 0x69c
2026.10.01-20:24:46.901 error [caliper] [ethereum-connector] 	Error: Returned error: Transaction nonce is too distant from current sender nonce
2026.10.01-20:24:46.926 error [caliper] [ethereum-connector] 	Failed tx on registroDeBatches; calling method: registrarBatch; nonce: 0x69d
2026.10.01-20:24:46.926 error [caliper] [ethereum-connector] 	Error: Returned error: Transaction nonce is too distant from current sender nonce
2026.10.01-20:24:46.950 error [caliper] [ethereum-connector] 	Failed tx on registroDeBatches; calling method: registrarBatch; nonce: 0x69e
2026.10.01-20:24:46.950 error [caliper] [ethereum-connector] 	Error: Returned error: Transaction nonce is too distant from current sender nonce
2026.10.01-20:24:46.976 error [caliper] [ethereum-connector] 	Failed tx on registroDeBatches; calling method: registrarBatch; nonce: 0x69f
2026.10.01-20:24:46.976 error [caliper] [ethereum-connector] 	Error: Returned error: Transaction nonce is too distant from current sender nonce
2026.10.01-20:24:47.001 error [caliper] [ethereum-connector] 	Failed tx on registroDeBatches; calling method: registrarBatch; nonce: 0x6a0
2026.10.01-20:24:47.001 error [caliper] [ethereum-connector] 	Error: Returned error: Transaction nonce is too distant from current sender nonce
2026.10.01-20:24:47.026 error [caliper] [ethereum-connector] 	Failed tx on registroDeBatches; calling method: registrarBatch; nonce: 0x6a1
2026.10.01-20:24:47.026 error [caliper] [ethereum-connector] 	Error: Returned error: Transaction nonce is too distant from current sender nonce
2026.10.01-20:24:47.051 error [caliper] [ethereum-connector] 	Failed tx on registroDeBatches; calling method: registrarBatch; nonce: 0x6a2
2026.10.01-20:24:47.051 error [caliper] [ethereum-connector] 	Error: Returned error: Transaction nonce is too distant from current sender nonce
2026.10.01-20:24:47.075 error [caliper] [ethereum-connector] 	Failed tx on registroDeBatches; calling method: registrarBatch; nonce: 0x6a3
2026.10.01-20:24:47.075 error [caliper] [ethereum-connector] 	Error: Returned error: Transaction nonce is too distant from current sender nonce
2026.10.01-20:24:47.100 error [caliper] [ethereum-connector] 	Failed tx on registroDeBatches; calling method: registrarBatch; nonce: 0x6a4
2026.10.01-20:24:47.100 error [caliper] [ethereum-connector] 	Error: Returned error: Transaction nonce is too distant from current sender nonce
2026.10.01-20:24:47.125 error [caliper] [ethereum-connector] 	Failed tx on registroDeBatches; calling method: registrarBatch; nonce: 0x6a5
2026.10.01-20:24:47.125 error [caliper] [ethereum-connector] 	Error: Returned error: Transaction nonce is too distant from current sender nonce
2026.10.01-20:24:47.151 error [caliper] [ethereum-connector] 	Failed tx on registroDeBatches; calling method: registrarBatch; nonce: 0x6a6
2026.10.01-20:24:47.151 error [caliper] [ethereum-connector] 	Error: Returned error: Transaction nonce is too distant from current sender nonce
2026.10.01-20:24:47.168 info  [caliper] [default-observer] 	[tps-40 Round 2 Transaction Info] - Submitted: 761 Succ: 320 Fail:432 Unfinished:9
2026.10.01-20:24:47.176 error [caliper] [ethereum-connector] 	Failed tx on registroDeBatches; calling method: registrarBatch; nonce: 0x6a7
2026.10.01-20:24:47.176 error [caliper] [ethereum-connector] 	Error: Returned error: Transaction nonce is too distant from current sender nonce
2026.10.01-20:24:47.200 error [caliper] [ethereum-connector] 	Failed tx on registroDeBatches; calling method: registrarBatch; nonce: 0x6a8
2026.10.01-20:24:47.200 error [caliper] [ethereum-connector] 	Error: Returned error: Transaction nonce is too distant from current sender nonce
2026.10.01-20:24:47.225 error [caliper] [ethereum-connector] 	Failed tx on registroDeBatches; calling method: registrarBatch; nonce: 0x6a9
2026.10.01-20:24:47.225 error [caliper] [ethereum-connector] 	Error: Returned error: Transaction nonce is too distant from current sender nonce
2026.10.01-20:24:47.250 error [caliper] [ethereum-connector] 	Failed tx on registroDeBatches; calling method: registrarBatch; nonce: 0x6aa
2026.10.01-20:24:47.250 error [caliper] [ethereum-connector] 	Error: Returned error: Transaction nonce is too distant from current sender nonce
2026.10.01-20:24:47.275 error [caliper] [ethereum-connector] 	Failed tx on registroDeBatches; calling method: registrarBatch; nonce: 0x6ab
2026.10.01-20:24:47.275 error [caliper] [ethereum-connector] 	Error: Returned error: Transaction nonce is too distant from current sender nonce
2026.10.01-20:24:47.299 error [caliper] [ethereum-connector] 	Failed tx on registroDeBatches; calling method: registrarBatch; nonce: 0x6ac
2026.10.01-20:24:47.299 error [caliper] [ethereum-connector] 	Error: Returned error: Transaction nonce is too distant from current sender nonce
2026.10.01-20:24:47.325 error [caliper] [ethereum-connector] 	Failed tx on registroDeBatches; calling method: registrarBatch; nonce: 0x6ad
2026.10.01-20:24:47.325 error [caliper] [ethereum-connector] 	Error: Returned error: Transaction nonce is too distant from current sender nonce
2026.10.01-20:24:47.350 error [caliper] [ethereum-connector] 	Failed tx on registroDeBatches; calling method: registrarBatch; nonce: 0x6ae
2026.10.01-20:24:47.350 error [caliper] [ethereum-connector] 	Error: Returned error: Transaction nonce is too distant from current sender nonce
2026.10.01-20:24:47.375 error [caliper] [ethereum-connector] 	Failed tx on registroDeBatches; calling method: registrarBatch; nonce: 0x6af
2026.10.01-20:24:47.375 error [caliper] [ethereum-connector] 	Error: Returned error: Transaction nonce is too distant from current sender nonce
2026.10.01-20:24:47.401 error [caliper] [ethereum-connector] 	Failed tx on registroDeBatches; calling method: registrarBatch; nonce: 0x6b0
2026.10.01-20:24:47.401 error [caliper] [ethereum-connector] 	Error: Returned error: Transaction nonce is too distant from current sender nonce
2026.10.01-20:24:47.426 error [caliper] [ethereum-connector] 	Failed tx on registroDeBatches; calling method: registrarBatch; nonce: 0x6b1
2026.10.01-20:24:47.426 error [caliper] [ethereum-connector] 	Error: Returned error: Transaction nonce is too distant from current sender nonce
2026.10.01-20:24:47.451 error [caliper] [ethereum-connector] 	Failed tx on registroDeBatches; calling method: registrarBatch; nonce: 0x6b2
2026.10.01-20:24:47.451 error [caliper] [ethereum-connector] 	Error: Returned error: Transaction nonce is too distant from current sender nonce
2026.10.01-20:24:47.475 error [caliper] [ethereum-connector] 	Failed tx on registroDeBatches; calling method: registrarBatch; nonce: 0x6b3
2026.10.01-20:24:47.475 error [caliper] [ethereum-connector] 	Error: Returned error: Transaction nonce is too distant from current sender nonce
2026.10.01-20:24:47.500 error [caliper] [ethereum-connector] 	Failed tx on registroDeBatches; calling method: registrarBatch; nonce: 0x6b4
2026.10.01-20:24:47.500 error [caliper] [ethereum-connector] 	Error: Returned error: Transaction nonce is too distant from current sender nonce
2026.10.01-20:24:47.525 error [caliper] [ethereum-connector] 	Failed tx on registroDeBatches; calling method: registrarBatch; nonce: 0x6b5
2026.10.01-20:24:47.525 error [caliper] [ethereum-connector] 	Error: Returned error: Transaction nonce is too distant from current sender nonce
2026.10.01-20:24:47.551 error [caliper] [ethereum-connector] 	Failed tx on registroDeBatches; calling method: registrarBatch; nonce: 0x6b6
2026.10.01-20:24:47.551 error [caliper] [ethereum-connector] 	Error: Returned error: Transaction nonce is too distant from current sender nonce
2026.10.01-20:24:47.576 error [caliper] [ethereum-connector] 	Failed tx on registroDeBatches; calling method: registrarBatch; nonce: 0x6b7
2026.10.01-20:24:47.576 error [caliper] [ethereum-connector] 	Error: Returned error: Transaction nonce is too distant from current sender nonce
2026.10.01-20:24:47.601 error [caliper] [ethereum-connector] 	Failed tx on registroDeBatches; calling method: registrarBatch; nonce: 0x6b8
2026.10.01-20:24:47.601 error [caliper] [ethereum-connector] 	Error: Returned error: Transaction nonce is too distant from current sender nonce
2026.10.01-20:24:47.625 error [caliper] [ethereum-connector] 	Failed tx on registroDeBatches; calling method: registrarBatch; nonce: 0x6b9
2026.10.01-20:24:47.625 error [caliper] [ethereum-connector] 	Error: Returned error: Transaction nonce is too distant from current sender nonce
2026.10.01-20:24:47.651 error [caliper] [ethereum-connector] 	Failed tx on registroDeBatches; calling method: registrarBatch; nonce: 0x6ba
2026.10.01-20:24:47.651 error [caliper] [ethereum-connector] 	Error: Returned error: Transaction nonce is too distant from current sender nonce
2026.10.01-20:24:47.675 error [caliper] [ethereum-connector] 	Failed tx on registroDeBatches; calling method: registrarBatch; nonce: 0x6bb
2026.10.01-20:24:47.675 error [caliper] [ethereum-connector] 	Error: Returned error: Transaction nonce is too distant from current sender nonce
2026.10.01-20:24:47.701 error [caliper] [ethereum-connector] 	Failed tx on registroDeBatches; calling method: registrarBatch; nonce: 0x6bc
2026.10.01-20:24:47.701 error [caliper] [ethereum-connector] 	Error: Returned error: Transaction nonce is too distant from current sender nonce
2026.10.01-20:24:47.725 error [caliper] [ethereum-connector] 	Failed tx on registroDeBatches; calling method: registrarBatch; nonce: 0x6bd
2026.10.01-20:24:47.725 error [caliper] [ethereum-connector] 	Error: Returned error: Transaction nonce is too distant from current sender nonce
2026.10.01-20:24:47.751 error [caliper] [ethereum-connector] 	Failed tx on registroDeBatches; calling method: registrarBatch; nonce: 0x6be
2026.10.01-20:24:47.751 error [caliper] [ethereum-connector] 	Error: Returned error: Transaction nonce is too distant from current sender nonce
2026.10.01-20:24:47.775 error [caliper] [ethereum-connector] 	Failed tx on registroDeBatches; calling method: registrarBatch; nonce: 0x6bf
2026.10.01-20:24:47.775 error [caliper] [ethereum-connector] 	Error: Returned error: Transaction nonce is too distant from current sender nonce
2026.10.01-20:24:47.801 error [caliper] [ethereum-connector] 	Failed tx on registroDeBatches; calling method: registrarBatch; nonce: 0x6c0
2026.10.01-20:24:47.801 error [caliper] [ethereum-connector] 	Error: Returned error: Transaction nonce is too distant from current sender nonce
2026.10.01-20:24:47.826 error [caliper] [ethereum-connector] 	Failed tx on registroDeBatches; calling method: registrarBatch; nonce: 0x6c1
2026.10.01-20:24:47.826 error [caliper] [ethereum-connector] 	Error: Returned error: Transaction nonce is too distant from current sender nonce
2026.10.01-20:24:47.851 error [caliper] [ethereum-connector] 	Failed tx on registroDeBatches; calling method: registrarBatch; nonce: 0x6c2
2026.10.01-20:24:47.851 error [caliper] [ethereum-connector] 	Error: Returned error: Transaction nonce is too distant from current sender nonce
2026.10.01-20:24:47.875 error [caliper] [ethereum-connector] 	Failed tx on registroDeBatches; calling method: registrarBatch; nonce: 0x6c3
2026.10.01-20:24:47.875 error [caliper] [ethereum-connector] 	Error: Returned error: Transaction nonce is too distant from current sender nonce
2026.10.01-20:24:47.901 error [caliper] [ethereum-connector] 	Failed tx on registroDeBatches; calling method: registrarBatch; nonce: 0x6c4
2026.10.01-20:24:47.901 error [caliper] [ethereum-connector] 	Error: Returned error: Transaction nonce is too distant from current sender nonce
2026.10.01-20:24:47.925 error [caliper] [ethereum-connector] 	Failed tx on registroDeBatches; calling method: registrarBatch; nonce: 0x6c5
2026.10.01-20:24:47.925 error [caliper] [ethereum-connector] 	Error: Returned error: Transaction nonce is too distant from current sender nonce
2026.10.01-20:24:47.951 error [caliper] [ethereum-connector] 	Failed tx on registroDeBatches; calling method: registrarBatch; nonce: 0x6c6
2026.10.01-20:24:47.951 error [caliper] [ethereum-connector] 	Error: Returned error: Transaction nonce is too distant from current sender nonce
2026.10.01-20:24:47.975 error [caliper] [ethereum-connector] 	Failed tx on registroDeBatches; calling method: registrarBatch; nonce: 0x6c7
2026.10.01-20:24:47.975 error [caliper] [ethereum-connector] 	Error: Returned error: Transaction nonce is too distant from current sender nonce
2026.10.01-20:24:48.000 error [caliper] [ethereum-connector] 	Failed tx on registroDeBatches; calling method: registrarBatch; nonce: 0x6c8
2026.10.01-20:24:48.000 error [caliper] [ethereum-connector] 	Error: Returned error: Transaction nonce is too distant from current sender nonce
2026.10.01-20:24:48.027 error [caliper] [ethereum-connector] 	Failed tx on registroDeBatches; calling method: registrarBatch; nonce: 0x6c9
2026.10.01-20:24:48.028 error [caliper] [ethereum-connector] 	Error: Returned error: Transaction nonce is too distant from current sender nonce
2026.10.01-20:24:48.058 error [caliper] [ethereum-connector] 	Failed tx on registroDeBatches; calling method: registrarBatch; nonce: 0x6ca
2026.10.01-20:24:48.058 error [caliper] [ethereum-connector] 	Error: Returned error: Transaction nonce is too distant from current sender nonce
2026.10.01-20:24:48.083 error [caliper] [ethereum-connector] 	Failed tx on registroDeBatches; calling method: registrarBatch; nonce: 0x6cb
2026.10.01-20:24:48.083 error [caliper] [ethereum-connector] 	Error: Returned error: Transaction nonce is too distant from current sender nonce
2026.10.01-20:24:48.114 error [caliper] [ethereum-connector] 	Failed tx on registroDeBatches; calling method: registrarBatch; nonce: 0x6cc
2026.10.01-20:24:48.114 error [caliper] [ethereum-connector] 	Error: Returned error: Transaction nonce is too distant from current sender nonce
2026.10.01-20:24:48.126 error [caliper] [ethereum-connector] 	Failed tx on registroDeBatches; calling method: registrarBatch; nonce: 0x6cd
2026.10.01-20:24:48.126 error [caliper] [ethereum-connector] 	Error: Returned error: Transaction nonce is too distant from current sender nonce
2026.10.01-20:24:48.150 error [caliper] [ethereum-connector] 	Failed tx on registroDeBatches; calling method: registrarBatch; nonce: 0x6ce
2026.10.01-20:24:48.150 error [caliper] [ethereum-connector] 	Error: Returned error: Transaction nonce is too distant from current sender nonce
2026.10.01-20:24:48.174 error [caliper] [ethereum-connector] 	Failed tx on registroDeBatches; calling method: registrarBatch; nonce: 0x6cf
2026.10.01-20:24:48.174 error [caliper] [ethereum-connector] 	Error: Returned error: Transaction nonce is too distant from current sender nonce
2026.10.01-20:24:48.200 error [caliper] [ethereum-connector] 	Failed tx on registroDeBatches; calling method: registrarBatch; nonce: 0x6d0
2026.10.01-20:24:48.200 error [caliper] [ethereum-connector] 	Error: Returned error: Transaction nonce is too distant from current sender nonce
2026.10.01-20:24:48.225 error [caliper] [ethereum-connector] 	Failed tx on registroDeBatches; calling method: registrarBatch; nonce: 0x6d1
2026.10.01-20:24:48.225 error [caliper] [ethereum-connector] 	Error: Returned error: Transaction nonce is too distant from current sender nonce
2026.10.01-20:24:48.251 error [caliper] [ethereum-connector] 	Failed tx on registroDeBatches; calling method: registrarBatch; nonce: 0x6d2
2026.10.01-20:24:48.251 error [caliper] [ethereum-connector] 	Error: Returned error: Transaction nonce is too distant from current sender nonce
2026.10.01-20:24:48.275 error [caliper] [ethereum-connector] 	Failed tx on registroDeBatches; calling method: registrarBatch; nonce: 0x6d3
2026.10.01-20:24:48.275 error [caliper] [ethereum-connector] 	Error: Returned error: Transaction nonce is too distant from current sender nonce
2026.10.01-20:24:48.301 error [caliper] [ethereum-connector] 	Failed tx on registroDeBatches; calling method: registrarBatch; nonce: 0x6d4
2026.10.01-20:24:48.301 error [caliper] [ethereum-connector] 	Error: Returned error: Transaction nonce is too distant from current sender nonce
2026.10.01-20:24:48.325 error [caliper] [ethereum-connector] 	Failed tx on registroDeBatches; calling method: registrarBatch; nonce: 0x6d5
2026.10.01-20:24:48.325 error [caliper] [ethereum-connector] 	Error: Returned error: Transaction nonce is too distant from current sender nonce
2026.10.01-20:24:48.349 error [caliper] [ethereum-connector] 	Failed tx on registroDeBatches; calling method: registrarBatch; nonce: 0x6d6
2026.10.01-20:24:48.349 error [caliper] [ethereum-connector] 	Error: Returned error: Transaction nonce is too distant from current sender nonce
2026.10.01-20:24:48.375 error [caliper] [ethereum-connector] 	Failed tx on registroDeBatches; calling method: registrarBatch; nonce: 0x6d7
2026.10.01-20:24:48.375 error [caliper] [ethereum-connector] 	Error: Returned error: Transaction nonce is too distant from current sender nonce
2026.10.01-20:24:48.401 error [caliper] [ethereum-connector] 	Failed tx on registroDeBatches; calling method: registrarBatch; nonce: 0x6d8
2026.10.01-20:24:48.401 error [caliper] [ethereum-connector] 	Error: Returned error: Transaction nonce is too distant from current sender nonce
2026.10.01-20:24:48.424 error [caliper] [ethereum-connector] 	Failed tx on registroDeBatches; calling method: registrarBatch; nonce: 0x6d9
2026.10.01-20:24:48.424 error [caliper] [ethereum-connector] 	Error: Returned error: Transaction nonce is too distant from current sender nonce
2026.10.01-20:24:48.450 error [caliper] [ethereum-connector] 	Failed tx on registroDeBatches; calling method: registrarBatch; nonce: 0x6da
2026.10.01-20:24:48.450 error [caliper] [ethereum-connector] 	Error: Returned error: Transaction nonce is too distant from current sender nonce
2026.10.01-20:24:48.475 error [caliper] [ethereum-connector] 	Failed tx on registroDeBatches; calling method: registrarBatch; nonce: 0x6db
2026.10.01-20:24:48.475 error [caliper] [ethereum-connector] 	Error: Returned error: Transaction nonce is too distant from current sender nonce
2026.10.01-20:24:48.501 error [caliper] [ethereum-connector] 	Failed tx on registroDeBatches; calling method: registrarBatch; nonce: 0x6dc
2026.10.01-20:24:48.501 error [caliper] [ethereum-connector] 	Error: Returned error: Transaction nonce is too distant from current sender nonce
2026.10.01-20:24:48.524 error [caliper] [ethereum-connector] 	Failed tx on registroDeBatches; calling method: registrarBatch; nonce: 0x6dd
2026.10.01-20:24:48.525 error [caliper] [ethereum-connector] 	Error: Returned error: Transaction nonce is too distant from current sender nonce
2026.10.01-20:24:48.550 error [caliper] [ethereum-connector] 	Failed tx on registroDeBatches; calling method: registrarBatch; nonce: 0x6de
2026.10.01-20:24:48.550 error [caliper] [ethereum-connector] 	Error: Returned error: Transaction nonce is too distant from current sender nonce
2026.10.01-20:24:48.574 error [caliper] [ethereum-connector] 	Failed tx on registroDeBatches; calling method: registrarBatch; nonce: 0x6df
2026.10.01-20:24:48.574 error [caliper] [ethereum-connector] 	Error: Returned error: Transaction nonce is too distant from current sender nonce
2026.10.01-20:24:48.601 error [caliper] [ethereum-connector] 	Failed tx on registroDeBatches; calling method: registrarBatch; nonce: 0x6e0
2026.10.01-20:24:48.601 error [caliper] [ethereum-connector] 	Error: Returned error: Transaction nonce is too distant from current sender nonce
2026.10.01-20:24:48.626 error [caliper] [ethereum-connector] 	Failed tx on registroDeBatches; calling method: registrarBatch; nonce: 0x6e1
2026.10.01-20:24:48.626 error [caliper] [ethereum-connector] 	Error: Returned error: Transaction nonce is too distant from current sender nonce
2026.10.01-20:24:48.650 error [caliper] [ethereum-connector] 	Failed tx on registroDeBatches; calling method: registrarBatch; nonce: 0x6e2
2026.10.01-20:24:48.650 error [caliper] [ethereum-connector] 	Error: Returned error: Transaction nonce is too distant from current sender nonce
2026.10.01-20:24:48.674 error [caliper] [ethereum-connector] 	Failed tx on registroDeBatches; calling method: registrarBatch; nonce: 0x6e3
2026.10.01-20:24:48.674 error [caliper] [ethereum-connector] 	Error: Returned error: Transaction nonce is too distant from current sender nonce
2026.10.01-20:24:48.701 error [caliper] [ethereum-connector] 	Failed tx on registroDeBatches; calling method: registrarBatch; nonce: 0x6e4
2026.10.01-20:24:48.701 error [caliper] [ethereum-connector] 	Error: Returned error: Transaction nonce is too distant from current sender nonce
2026.10.01-20:24:48.725 error [caliper] [ethereum-connector] 	Failed tx on registroDeBatches; calling method: registrarBatch; nonce: 0x6e5
2026.10.01-20:24:48.726 error [caliper] [ethereum-connector] 	Error: Returned error: Transaction nonce is too distant from current sender nonce
2026.10.01-20:24:48.750 error [caliper] [ethereum-connector] 	Failed tx on registroDeBatches; calling method: registrarBatch; nonce: 0x6e6
2026.10.01-20:24:48.750 error [caliper] [ethereum-connector] 	Error: Returned error: Transaction nonce is too distant from current sender nonce
2026.10.01-20:24:48.775 error [caliper] [ethereum-connector] 	Failed tx on registroDeBatches; calling method: registrarBatch; nonce: 0x6e7
2026.10.01-20:24:48.775 error [caliper] [ethereum-connector] 	Error: Returned error: Transaction nonce is too distant from current sender nonce
2026.10.01-20:24:48.800 error [caliper] [ethereum-connector] 	Failed tx on registroDeBatches; calling method: registrarBatch; nonce: 0x6e8
2026.10.01-20:24:48.801 error [caliper] [ethereum-connector] 	Error: Returned error: Transaction nonce is too distant from current sender nonce
2026.10.01-20:24:48.825 error [caliper] [ethereum-connector] 	Failed tx on registroDeBatches; calling method: registrarBatch; nonce: 0x6e9
2026.10.01-20:24:48.825 error [caliper] [ethereum-connector] 	Error: Returned error: Transaction nonce is too distant from current sender nonce
2026.10.01-20:24:48.851 error [caliper] [ethereum-connector] 	Failed tx on registroDeBatches; calling method: registrarBatch; nonce: 0x6ea
2026.10.01-20:24:48.851 error [caliper] [ethereum-connector] 	Error: Returned error: Transaction nonce is too distant from current sender nonce
2026.10.01-20:24:48.876 error [caliper] [ethereum-connector] 	Failed tx on registroDeBatches; calling method: registrarBatch; nonce: 0x6eb
2026.10.01-20:24:48.876 error [caliper] [ethereum-connector] 	Error: Returned error: Transaction nonce is too distant from current sender nonce
2026.10.01-20:24:48.900 error [caliper] [ethereum-connector] 	Failed tx on registroDeBatches; calling method: registrarBatch; nonce: 0x6ec
2026.10.01-20:24:48.900 error [caliper] [ethereum-connector] 	Error: Returned error: Transaction nonce is too distant from current sender nonce
2026.10.01-20:24:48.926 error [caliper] [ethereum-connector] 	Failed tx on registroDeBatches; calling method: registrarBatch; nonce: 0x6ed
2026.10.01-20:24:48.926 error [caliper] [ethereum-connector] 	Error: Returned error: Transaction nonce is too distant from current sender nonce
2026.10.01-20:24:48.950 error [caliper] [ethereum-connector] 	Failed tx on registroDeBatches; calling method: registrarBatch; nonce: 0x6ee
2026.10.01-20:24:48.950 error [caliper] [ethereum-connector] 	Error: Returned error: Transaction nonce is too distant from current sender nonce
2026.10.01-20:24:48.976 error [caliper] [ethereum-connector] 	Failed tx on registroDeBatches; calling method: registrarBatch; nonce: 0x6ef
2026.10.01-20:24:48.976 error [caliper] [ethereum-connector] 	Error: Returned error: Transaction nonce is too distant from current sender nonce
2026.10.01-20:24:49.000 error [caliper] [ethereum-connector] 	Failed tx on registroDeBatches; calling method: registrarBatch; nonce: 0x6f0
2026.10.01-20:24:49.000 error [caliper] [ethereum-connector] 	Error: Returned error: Transaction nonce is too distant from current sender nonce
2026.10.01-20:24:49.025 error [caliper] [ethereum-connector] 	Failed tx on registroDeBatches; calling method: registrarBatch; nonce: 0x6f1
2026.10.01-20:24:49.025 error [caliper] [ethereum-connector] 	Error: Returned error: Transaction nonce is too distant from current sender nonce
2026.10.01-20:24:49.050 error [caliper] [ethereum-connector] 	Failed tx on registroDeBatches; calling method: registrarBatch; nonce: 0x6f2
2026.10.01-20:24:49.050 error [caliper] [ethereum-connector] 	Error: Returned error: Transaction nonce is too distant from current sender nonce
2026.10.01-20:24:49.076 error [caliper] [ethereum-connector] 	Failed tx on registroDeBatches; calling method: registrarBatch; nonce: 0x6f3
2026.10.01-20:24:49.076 error [caliper] [ethereum-connector] 	Error: Returned error: Transaction nonce is too distant from current sender nonce
2026.10.01-20:24:49.100 error [caliper] [ethereum-connector] 	Failed tx on registroDeBatches; calling method: registrarBatch; nonce: 0x6f4
2026.10.01-20:24:49.100 error [caliper] [ethereum-connector] 	Error: Returned error: Transaction nonce is too distant from current sender nonce
2026.10.01-20:24:49.126 error [caliper] [ethereum-connector] 	Failed tx on registroDeBatches; calling method: registrarBatch; nonce: 0x6f5
2026.10.01-20:24:49.126 error [caliper] [ethereum-connector] 	Error: Returned error: Transaction nonce is too distant from current sender nonce
2026.10.01-20:24:49.152 error [caliper] [ethereum-connector] 	Failed tx on registroDeBatches; calling method: registrarBatch; nonce: 0x6f6
2026.10.01-20:24:49.152 error [caliper] [ethereum-connector] 	Error: Returned error: Transaction nonce is too distant from current sender nonce
2026.10.01-20:24:49.176 error [caliper] [ethereum-connector] 	Failed tx on registroDeBatches; calling method: registrarBatch; nonce: 0x6f7
2026.10.01-20:24:49.176 error [caliper] [ethereum-connector] 	Error: Returned error: Transaction nonce is too distant from current sender nonce
2026.10.01-20:24:49.200 error [caliper] [ethereum-connector] 	Failed tx on registroDeBatches; calling method: registrarBatch; nonce: 0x6f8
2026.10.01-20:24:49.200 error [caliper] [ethereum-connector] 	Error: Returned error: Transaction nonce is too distant from current sender nonce
2026.10.01-20:24:49.225 error [caliper] [ethereum-connector] 	Failed tx on registroDeBatches; calling method: registrarBatch; nonce: 0x6f9
2026.10.01-20:24:49.225 error [caliper] [ethereum-connector] 	Error: Returned error: Transaction nonce is too distant from current sender nonce
2026.10.01-20:24:49.250 error [caliper] [ethereum-connector] 	Failed tx on registroDeBatches; calling method: registrarBatch; nonce: 0x6fa
2026.10.01-20:24:49.250 error [caliper] [ethereum-connector] 	Error: Returned error: Transaction nonce is too distant from current sender nonce
2026.10.01-20:24:49.275 error [caliper] [ethereum-connector] 	Failed tx on registroDeBatches; calling method: registrarBatch; nonce: 0x6fb
2026.10.01-20:24:49.275 error [caliper] [ethereum-connector] 	Error: Returned error: Transaction nonce is too distant from current sender nonce
2026.10.01-20:24:49.299 error [caliper] [ethereum-connector] 	Failed tx on registroDeBatches; calling method: registrarBatch; nonce: 0x6fc
2026.10.01-20:24:49.299 error [caliper] [ethereum-connector] 	Error: Returned error: Transaction nonce is too distant from current sender nonce
2026.10.01-20:24:49.323 error [caliper] [ethereum-connector] 	Failed tx on registroDeBatches; calling method: registrarBatch; nonce: 0x6fd
2026.10.01-20:24:49.323 error [caliper] [ethereum-connector] 	Error: Returned error: Transaction nonce is too distant from current sender nonce
2026.10.01-20:24:49.350 error [caliper] [ethereum-connector] 	Failed tx on registroDeBatches; calling method: registrarBatch; nonce: 0x6fe
2026.10.01-20:24:49.350 error [caliper] [ethereum-connector] 	Error: Returned error: Transaction nonce is too distant from current sender nonce
2026.10.01-20:24:49.375 error [caliper] [ethereum-connector] 	Failed tx on registroDeBatches; calling method: registrarBatch; nonce: 0x6ff
2026.10.01-20:24:49.375 error [caliper] [ethereum-connector] 	Error: Returned error: Transaction nonce is too distant from current sender nonce
2026.10.01-20:24:49.400 error [caliper] [ethereum-connector] 	Failed tx on registroDeBatches; calling method: registrarBatch; nonce: 0x700
2026.10.01-20:24:49.400 error [caliper] [ethereum-connector] 	Error: Returned error: Transaction nonce is too distant from current sender nonce
2026.10.01-20:24:49.425 error [caliper] [ethereum-connector] 	Failed tx on registroDeBatches; calling method: registrarBatch; nonce: 0x701
2026.10.01-20:24:49.425 error [caliper] [ethereum-connector] 	Error: Returned error: Transaction nonce is too distant from current sender nonce
2026.10.01-20:24:49.450 error [caliper] [ethereum-connector] 	Failed tx on registroDeBatches; calling method: registrarBatch; nonce: 0x702
2026.10.01-20:24:49.450 error [caliper] [ethereum-connector] 	Error: Returned error: Transaction nonce is too distant from current sender nonce
2026.10.01-20:24:49.475 error [caliper] [ethereum-connector] 	Failed tx on registroDeBatches; calling method: registrarBatch; nonce: 0x703
2026.10.01-20:24:49.475 error [caliper] [ethereum-connector] 	Error: Returned error: Transaction nonce is too distant from current sender nonce
2026.10.01-20:24:49.500 error [caliper] [ethereum-connector] 	Failed tx on registroDeBatches; calling method: registrarBatch; nonce: 0x704
2026.10.01-20:24:49.500 error [caliper] [ethereum-connector] 	Error: Returned error: Transaction nonce is too distant from current sender nonce
2026.10.01-20:24:49.525 error [caliper] [ethereum-connector] 	Failed tx on registroDeBatches; calling method: registrarBatch; nonce: 0x705
2026.10.01-20:24:49.525 error [caliper] [ethereum-connector] 	Error: Returned error: Transaction nonce is too distant from current sender nonce
2026.10.01-20:24:49.551 error [caliper] [ethereum-connector] 	Failed tx on registroDeBatches; calling method: registrarBatch; nonce: 0x706
2026.10.01-20:24:49.551 error [caliper] [ethereum-connector] 	Error: Returned error: Transaction nonce is too distant from current sender nonce
2026.10.01-20:24:49.575 error [caliper] [ethereum-connector] 	Failed tx on registroDeBatches; calling method: registrarBatch; nonce: 0x707
2026.10.01-20:24:49.575 error [caliper] [ethereum-connector] 	Error: Returned error: Transaction nonce is too distant from current sender nonce
2026.10.01-20:24:49.600 error [caliper] [ethereum-connector] 	Failed tx on registroDeBatches; calling method: registrarBatch; nonce: 0x708
2026.10.01-20:24:49.600 error [caliper] [ethereum-connector] 	Error: Returned error: Transaction nonce is too distant from current sender nonce
2026.10.01-20:24:49.625 error [caliper] [ethereum-connector] 	Failed tx on registroDeBatches; calling method: registrarBatch; nonce: 0x709
2026.10.01-20:24:49.626 error [caliper] [ethereum-connector] 	Error: Returned error: Transaction nonce is too distant from current sender nonce
2026.10.01-20:24:49.651 error [caliper] [ethereum-connector] 	Failed tx on registroDeBatches; calling method: registrarBatch; nonce: 0x70a
2026.10.01-20:24:49.651 error [caliper] [ethereum-connector] 	Error: Returned error: Transaction nonce is too distant from current sender nonce
2026.10.01-20:24:49.674 error [caliper] [ethereum-connector] 	Failed tx on registroDeBatches; calling method: registrarBatch; nonce: 0x70b
2026.10.01-20:24:49.674 error [caliper] [ethereum-connector] 	Error: Returned error: Transaction nonce is too distant from current sender nonce
2026.10.01-20:24:49.699 error [caliper] [ethereum-connector] 	Failed tx on registroDeBatches; calling method: registrarBatch; nonce: 0x70c
2026.10.01-20:24:49.700 error [caliper] [ethereum-connector] 	Error: Returned error: Transaction nonce is too distant from current sender nonce
2026.10.01-20:24:49.724 error [caliper] [ethereum-connector] 	Failed tx on registroDeBatches; calling method: registrarBatch; nonce: 0x70d
2026.10.01-20:24:49.724 error [caliper] [ethereum-connector] 	Error: Returned error: Transaction nonce is too distant from current sender nonce
2026.10.01-20:24:49.749 error [caliper] [ethereum-connector] 	Failed tx on registroDeBatches; calling method: registrarBatch; nonce: 0x70e
2026.10.01-20:24:49.749 error [caliper] [ethereum-connector] 	Error: Returned error: Transaction nonce is too distant from current sender nonce
2026.10.01-20:24:49.774 error [caliper] [ethereum-connector] 	Failed tx on registroDeBatches; calling method: registrarBatch; nonce: 0x70f
2026.10.01-20:24:49.774 error [caliper] [ethereum-connector] 	Error: Returned error: Transaction nonce is too distant from current sender nonce
2026.10.01-20:24:49.799 error [caliper] [ethereum-connector] 	Failed tx on registroDeBatches; calling method: registrarBatch; nonce: 0x710
2026.10.01-20:24:49.799 error [caliper] [ethereum-connector] 	Error: Returned error: Transaction nonce is too distant from current sender nonce
2026.10.01-20:24:49.825 error [caliper] [ethereum-connector] 	Failed tx on registroDeBatches; calling method: registrarBatch; nonce: 0x711
2026.10.01-20:24:49.825 error [caliper] [ethereum-connector] 	Error: Returned error: Transaction nonce is too distant from current sender nonce
2026.10.01-20:24:49.850 error [caliper] [ethereum-connector] 	Failed tx on registroDeBatches; calling method: registrarBatch; nonce: 0x712
2026.10.01-20:24:49.850 error [caliper] [ethereum-connector] 	Error: Returned error: Transaction nonce is too distant from current sender nonce
2026.10.01-20:24:49.875 error [caliper] [ethereum-connector] 	Failed tx on registroDeBatches; calling method: registrarBatch; nonce: 0x713
2026.10.01-20:24:49.875 error [caliper] [ethereum-connector] 	Error: Returned error: Transaction nonce is too distant from current sender nonce
2026.10.01-20:24:49.900 error [caliper] [ethereum-connector] 	Failed tx on registroDeBatches; calling method: registrarBatch; nonce: 0x714
2026.10.01-20:24:49.900 error [caliper] [ethereum-connector] 	Error: Returned error: Transaction nonce is too distant from current sender nonce
2026.10.01-20:24:49.925 error [caliper] [ethereum-connector] 	Failed tx on registroDeBatches; calling method: registrarBatch; nonce: 0x715
2026.10.01-20:24:49.925 error [caliper] [ethereum-connector] 	Error: Returned error: Transaction nonce is too distant from current sender nonce
2026.10.01-20:24:49.951 error [caliper] [ethereum-connector] 	Failed tx on registroDeBatches; calling method: registrarBatch; nonce: 0x716
2026.10.01-20:24:49.951 error [caliper] [ethereum-connector] 	Error: Returned error: Transaction nonce is too distant from current sender nonce
2026.10.01-20:24:49.975 error [caliper] [ethereum-connector] 	Failed tx on registroDeBatches; calling method: registrarBatch; nonce: 0x717
2026.10.01-20:24:49.975 error [caliper] [ethereum-connector] 	Error: Returned error: Transaction nonce is too distant from current sender nonce
2026.10.01-20:24:50.001 error [caliper] [ethereum-connector] 	Failed tx on registroDeBatches; calling method: registrarBatch; nonce: 0x718
2026.10.01-20:24:50.001 error [caliper] [ethereum-connector] 	Error: Returned error: Transaction nonce is too distant from current sender nonce
2026.10.01-20:24:50.026 error [caliper] [ethereum-connector] 	Failed tx on registroDeBatches; calling method: registrarBatch; nonce: 0x719
2026.10.01-20:24:50.026 error [caliper] [ethereum-connector] 	Error: Returned error: Transaction nonce is too distant from current sender nonce
2026.10.01-20:24:50.050 error [caliper] [ethereum-connector] 	Failed tx on registroDeBatches; calling method: registrarBatch; nonce: 0x71a
2026.10.01-20:24:50.050 error [caliper] [ethereum-connector] 	Error: Returned error: Transaction nonce is too distant from current sender nonce
2026.10.01-20:24:50.075 error [caliper] [ethereum-connector] 	Failed tx on registroDeBatches; calling method: registrarBatch; nonce: 0x71b
2026.10.01-20:24:50.075 error [caliper] [ethereum-connector] 	Error: Returned error: Transaction nonce is too distant from current sender nonce
2026.10.01-20:24:50.101 error [caliper] [ethereum-connector] 	Failed tx on registroDeBatches; calling method: registrarBatch; nonce: 0x71c
2026.10.01-20:24:50.101 error [caliper] [ethereum-connector] 	Error: Returned error: Transaction nonce is too distant from current sender nonce
2026.10.01-20:24:50.124 error [caliper] [ethereum-connector] 	Failed tx on registroDeBatches; calling method: registrarBatch; nonce: 0x71d
2026.10.01-20:24:50.124 error [caliper] [ethereum-connector] 	Error: Returned error: Transaction nonce is too distant from current sender nonce
2026.10.01-20:24:50.151 error [caliper] [ethereum-connector] 	Failed tx on registroDeBatches; calling method: registrarBatch; nonce: 0x71e
2026.10.01-20:24:50.151 error [caliper] [ethereum-connector] 	Error: Returned error: Transaction nonce is too distant from current sender nonce
2026.10.01-20:24:50.175 error [caliper] [ethereum-connector] 	Failed tx on registroDeBatches; calling method: registrarBatch; nonce: 0x71f
2026.10.01-20:24:50.175 error [caliper] [ethereum-connector] 	Error: Returned error: Transaction nonce is too distant from current sender nonce
2026.10.01-20:24:50.200 error [caliper] [ethereum-connector] 	Failed tx on registroDeBatches; calling method: registrarBatch; nonce: 0x720
2026.10.01-20:24:50.200 error [caliper] [ethereum-connector] 	Error: Returned error: Transaction nonce is too distant from current sender nonce
2026.10.01-20:24:50.237 error [caliper] [ethereum-connector] 	Failed tx on registroDeBatches; calling method: registrarBatch; nonce: 0x721
2026.10.01-20:24:50.237 error [caliper] [ethereum-connector] 	Error: Returned error: Transaction nonce is too distant from current sender nonce
2026.10.01-20:24:50.251 error [caliper] [ethereum-connector] 	Failed tx on registroDeBatches; calling method: registrarBatch; nonce: 0x722
2026.10.01-20:24:50.251 error [caliper] [ethereum-connector] 	Error: Returned error: Transaction nonce is too distant from current sender nonce
2026.10.01-20:24:50.277 error [caliper] [ethereum-connector] 	Failed tx on registroDeBatches; calling method: registrarBatch; nonce: 0x723
2026.10.01-20:24:50.277 error [caliper] [ethereum-connector] 	Error: Returned error: Transaction nonce is too distant from current sender nonce
2026.10.01-20:24:50.300 error [caliper] [ethereum-connector] 	Failed tx on registroDeBatches; calling method: registrarBatch; nonce: 0x724
2026.10.01-20:24:50.300 error [caliper] [ethereum-connector] 	Error: Returned error: Transaction nonce is too distant from current sender nonce
2026.10.01-20:24:50.325 error [caliper] [ethereum-connector] 	Failed tx on registroDeBatches; calling method: registrarBatch; nonce: 0x725
2026.10.01-20:24:50.325 error [caliper] [ethereum-connector] 	Error: Returned error: Transaction nonce is too distant from current sender nonce
2026.10.01-20:24:50.349 error [caliper] [ethereum-connector] 	Failed tx on registroDeBatches; calling method: registrarBatch; nonce: 0x726
2026.10.01-20:24:50.349 error [caliper] [ethereum-connector] 	Error: Returned error: Transaction nonce is too distant from current sender nonce
2026.10.01-20:24:50.375 error [caliper] [ethereum-connector] 	Failed tx on registroDeBatches; calling method: registrarBatch; nonce: 0x727
2026.10.01-20:24:50.375 error [caliper] [ethereum-connector] 	Error: Returned error: Transaction nonce is too distant from current sender nonce
2026.10.01-20:24:50.401 error [caliper] [ethereum-connector] 	Failed tx on registroDeBatches; calling method: registrarBatch; nonce: 0x728
2026.10.01-20:24:50.401 error [caliper] [ethereum-connector] 	Error: Returned error: Transaction nonce is too distant from current sender nonce
2026.10.01-20:24:50.425 error [caliper] [ethereum-connector] 	Failed tx on registroDeBatches; calling method: registrarBatch; nonce: 0x729
2026.10.01-20:24:50.425 error [caliper] [ethereum-connector] 	Error: Returned error: Transaction nonce is too distant from current sender nonce
2026.10.01-20:24:50.449 error [caliper] [ethereum-connector] 	Failed tx on registroDeBatches; calling method: registrarBatch; nonce: 0x72a
2026.10.01-20:24:50.449 error [caliper] [ethereum-connector] 	Error: Returned error: Transaction nonce is too distant from current sender nonce
2026.10.01-20:24:50.476 error [caliper] [ethereum-connector] 	Failed tx on registroDeBatches; calling method: registrarBatch; nonce: 0x72b
2026.10.01-20:24:50.476 error [caliper] [ethereum-connector] 	Error: Returned error: Transaction nonce is too distant from current sender nonce
2026.10.01-20:24:50.499 error [caliper] [ethereum-connector] 	Failed tx on registroDeBatches; calling method: registrarBatch; nonce: 0x72c
2026.10.01-20:24:50.499 error [caliper] [ethereum-connector] 	Error: Returned error: Transaction nonce is too distant from current sender nonce
2026.10.01-20:24:50.526 error [caliper] [ethereum-connector] 	Failed tx on registroDeBatches; calling method: registrarBatch; nonce: 0x72d
2026.10.01-20:24:50.526 error [caliper] [ethereum-connector] 	Error: Returned error: Transaction nonce is too distant from current sender nonce
2026.10.01-20:24:50.550 error [caliper] [ethereum-connector] 	Failed tx on registroDeBatches; calling method: registrarBatch; nonce: 0x72e
2026.10.01-20:24:50.550 error [caliper] [ethereum-connector] 	Error: Returned error: Transaction nonce is too distant from current sender nonce
2026.10.01-20:24:50.575 error [caliper] [ethereum-connector] 	Failed tx on registroDeBatches; calling method: registrarBatch; nonce: 0x72f
2026.10.01-20:24:50.575 error [caliper] [ethereum-connector] 	Error: Returned error: Transaction nonce is too distant from current sender nonce
2026.10.01-20:24:50.599 error [caliper] [ethereum-connector] 	Failed tx on registroDeBatches; calling method: registrarBatch; nonce: 0x730
2026.10.01-20:24:50.599 error [caliper] [ethereum-connector] 	Error: Returned error: Transaction nonce is too distant from current sender nonce
2026.10.01-20:24:50.625 error [caliper] [ethereum-connector] 	Failed tx on registroDeBatches; calling method: registrarBatch; nonce: 0x731
2026.10.01-20:24:50.625 error [caliper] [ethereum-connector] 	Error: Returned error: Transaction nonce is too distant from current sender nonce
2026.10.01-20:24:50.651 error [caliper] [ethereum-connector] 	Failed tx on registroDeBatches; calling method: registrarBatch; nonce: 0x732
2026.10.01-20:24:50.651 error [caliper] [ethereum-connector] 	Error: Returned error: Transaction nonce is too distant from current sender nonce
2026.10.01-20:24:50.674 error [caliper] [ethereum-connector] 	Failed tx on registroDeBatches; calling method: registrarBatch; nonce: 0x733
2026.10.01-20:24:50.674 error [caliper] [ethereum-connector] 	Error: Returned error: Transaction nonce is too distant from current sender nonce
2026.10.01-20:24:50.700 error [caliper] [ethereum-connector] 	Failed tx on registroDeBatches; calling method: registrarBatch; nonce: 0x734
2026.10.01-20:24:50.700 error [caliper] [ethereum-connector] 	Error: Returned error: Transaction nonce is too distant from current sender nonce
2026.10.01-20:24:50.724 error [caliper] [ethereum-connector] 	Failed tx on registroDeBatches; calling method: registrarBatch; nonce: 0x735
2026.10.01-20:24:50.724 error [caliper] [ethereum-connector] 	Error: Returned error: Transaction nonce is too distant from current sender nonce
2026.10.01-20:24:50.750 error [caliper] [ethereum-connector] 	Failed tx on registroDeBatches; calling method: registrarBatch; nonce: 0x736
2026.10.01-20:24:50.750 error [caliper] [ethereum-connector] 	Error: Returned error: Transaction nonce is too distant from current sender nonce
2026.10.01-20:24:50.775 error [caliper] [ethereum-connector] 	Failed tx on registroDeBatches; calling method: registrarBatch; nonce: 0x737
2026.10.01-20:24:50.775 error [caliper] [ethereum-connector] 	Error: Returned error: Transaction nonce is too distant from current sender nonce
2026.10.01-20:24:50.801 error [caliper] [ethereum-connector] 	Failed tx on registroDeBatches; calling method: registrarBatch; nonce: 0x738
2026.10.01-20:24:50.801 error [caliper] [ethereum-connector] 	Error: Returned error: Transaction nonce is too distant from current sender nonce
2026.10.01-20:24:50.826 error [caliper] [ethereum-connector] 	Failed tx on registroDeBatches; calling method: registrarBatch; nonce: 0x739
2026.10.01-20:24:50.826 error [caliper] [ethereum-connector] 	Error: Returned error: Transaction nonce is too distant from current sender nonce
2026.10.01-20:24:50.851 error [caliper] [ethereum-connector] 	Failed tx on registroDeBatches; calling method: registrarBatch; nonce: 0x73a
2026.10.01-20:24:50.851 error [caliper] [ethereum-connector] 	Error: Returned error: Transaction nonce is too distant from current sender nonce
2026.10.01-20:24:50.876 error [caliper] [ethereum-connector] 	Failed tx on registroDeBatches; calling method: registrarBatch; nonce: 0x73b
2026.10.01-20:24:50.876 error [caliper] [ethereum-connector] 	Error: Returned error: Transaction nonce is too distant from current sender nonce
2026.10.01-20:24:50.900 error [caliper] [ethereum-connector] 	Failed tx on registroDeBatches; calling method: registrarBatch; nonce: 0x73c
2026.10.01-20:24:50.900 error [caliper] [ethereum-connector] 	Error: Returned error: Transaction nonce is too distant from current sender nonce
2026.10.01-20:24:50.925 error [caliper] [ethereum-connector] 	Failed tx on registroDeBatches; calling method: registrarBatch; nonce: 0x73d
2026.10.01-20:24:50.925 error [caliper] [ethereum-connector] 	Error: Returned error: Transaction nonce is too distant from current sender nonce
2026.10.01-20:24:50.950 error [caliper] [ethereum-connector] 	Failed tx on registroDeBatches; calling method: registrarBatch; nonce: 0x73e
2026.10.01-20:24:50.950 error [caliper] [ethereum-connector] 	Error: Returned error: Transaction nonce is too distant from current sender nonce
2026.10.01-20:24:50.975 error [caliper] [ethereum-connector] 	Failed tx on registroDeBatches; calling method: registrarBatch; nonce: 0x73f
2026.10.01-20:24:50.975 error [caliper] [ethereum-connector] 	Error: Returned error: Transaction nonce is too distant from current sender nonce
2026.10.01-20:24:51.000 error [caliper] [ethereum-connector] 	Failed tx on registroDeBatches; calling method: registrarBatch; nonce: 0x740
2026.10.01-20:24:51.000 error [caliper] [ethereum-connector] 	Error: Returned error: Transaction nonce is too distant from current sender nonce
2026.10.01-20:24:51.025 error [caliper] [ethereum-connector] 	Failed tx on registroDeBatches; calling method: registrarBatch; nonce: 0x741
2026.10.01-20:24:51.025 error [caliper] [ethereum-connector] 	Error: Returned error: Transaction nonce is too distant from current sender nonce
2026.10.01-20:24:51.051 error [caliper] [ethereum-connector] 	Failed tx on registroDeBatches; calling method: registrarBatch; nonce: 0x742
2026.10.01-20:24:51.051 error [caliper] [ethereum-connector] 	Error: Returned error: Transaction nonce is too distant from current sender nonce
2026.10.01-20:24:51.076 error [caliper] [ethereum-connector] 	Failed tx on registroDeBatches; calling method: registrarBatch; nonce: 0x743
2026.10.01-20:24:51.076 error [caliper] [ethereum-connector] 	Error: Returned error: Transaction nonce is too distant from current sender nonce
2026.10.01-20:24:51.101 error [caliper] [ethereum-connector] 	Failed tx on registroDeBatches; calling method: registrarBatch; nonce: 0x744
2026.10.01-20:24:51.101 error [caliper] [ethereum-connector] 	Error: Returned error: Transaction nonce is too distant from current sender nonce
2026.10.01-20:24:51.125 error [caliper] [ethereum-connector] 	Failed tx on registroDeBatches; calling method: registrarBatch; nonce: 0x745
2026.10.01-20:24:51.125 error [caliper] [ethereum-connector] 	Error: Returned error: Transaction nonce is too distant from current sender nonce
2026.10.01-20:24:51.151 error [caliper] [ethereum-connector] 	Failed tx on registroDeBatches; calling method: registrarBatch; nonce: 0x746
2026.10.01-20:24:51.151 error [caliper] [ethereum-connector] 	Error: Returned error: Transaction nonce is too distant from current sender nonce
2026.10.01-20:24:51.176 error [caliper] [ethereum-connector] 	Failed tx on registroDeBatches; calling method: registrarBatch; nonce: 0x747
2026.10.01-20:24:51.176 error [caliper] [ethereum-connector] 	Error: Returned error: Transaction nonce is too distant from current sender nonce
2026.10.01-20:24:51.200 error [caliper] [ethereum-connector] 	Failed tx on registroDeBatches; calling method: registrarBatch; nonce: 0x748
2026.10.01-20:24:51.201 error [caliper] [ethereum-connector] 	Error: Returned error: Transaction nonce is too distant from current sender nonce
2026.10.01-20:24:51.225 error [caliper] [ethereum-connector] 	Failed tx on registroDeBatches; calling method: registrarBatch; nonce: 0x749
2026.10.01-20:24:51.225 error [caliper] [ethereum-connector] 	Error: Returned error: Transaction nonce is too distant from current sender nonce
2026.10.01-20:24:51.250 error [caliper] [ethereum-connector] 	Failed tx on registroDeBatches; calling method: registrarBatch; nonce: 0x74a
2026.10.01-20:24:51.250 error [caliper] [ethereum-connector] 	Error: Returned error: Transaction nonce is too distant from current sender nonce
2026.10.01-20:24:51.276 error [caliper] [ethereum-connector] 	Failed tx on registroDeBatches; calling method: registrarBatch; nonce: 0x74b
2026.10.01-20:24:51.276 error [caliper] [ethereum-connector] 	Error: Returned error: Transaction nonce is too distant from current sender nonce
2026.10.01-20:24:51.301 error [caliper] [ethereum-connector] 	Failed tx on registroDeBatches; calling method: registrarBatch; nonce: 0x74c
2026.10.01-20:24:51.301 error [caliper] [ethereum-connector] 	Error: Returned error: Transaction nonce is too distant from current sender nonce
2026.10.01-20:24:51.324 error [caliper] [ethereum-connector] 	Failed tx on registroDeBatches; calling method: registrarBatch; nonce: 0x74d
2026.10.01-20:24:51.324 error [caliper] [ethereum-connector] 	Error: Returned error: Transaction nonce is too distant from current sender nonce
2026.10.01-20:24:51.351 error [caliper] [ethereum-connector] 	Failed tx on registroDeBatches; calling method: registrarBatch; nonce: 0x74e
2026.10.01-20:24:51.351 error [caliper] [ethereum-connector] 	Error: Returned error: Transaction nonce is too distant from current sender nonce
2026.10.01-20:24:51.374 error [caliper] [ethereum-connector] 	Failed tx on registroDeBatches; calling method: registrarBatch; nonce: 0x74f
2026.10.01-20:24:51.374 error [caliper] [ethereum-connector] 	Error: Returned error: Transaction nonce is too distant from current sender nonce
2026.10.01-20:24:51.401 error [caliper] [ethereum-connector] 	Failed tx on registroDeBatches; calling method: registrarBatch; nonce: 0x750
2026.10.01-20:24:51.401 error [caliper] [ethereum-connector] 	Error: Returned error: Transaction nonce is too distant from current sender nonce
2026.10.01-20:24:51.425 error [caliper] [ethereum-connector] 	Failed tx on registroDeBatches; calling method: registrarBatch; nonce: 0x751
2026.10.01-20:24:51.425 error [caliper] [ethereum-connector] 	Error: Returned error: Transaction nonce is too distant from current sender nonce
2026.10.01-20:24:51.451 error [caliper] [ethereum-connector] 	Failed tx on registroDeBatches; calling method: registrarBatch; nonce: 0x752
2026.10.01-20:24:51.451 error [caliper] [ethereum-connector] 	Error: Returned error: Transaction nonce is too distant from current sender nonce
2026.10.01-20:24:51.476 error [caliper] [ethereum-connector] 	Failed tx on registroDeBatches; calling method: registrarBatch; nonce: 0x753
2026.10.01-20:24:51.476 error [caliper] [ethereum-connector] 	Error: Returned error: Transaction nonce is too distant from current sender nonce
2026.10.01-20:24:51.500 error [caliper] [ethereum-connector] 	Failed tx on registroDeBatches; calling method: registrarBatch; nonce: 0x754
2026.10.01-20:24:51.500 error [caliper] [ethereum-connector] 	Error: Returned error: Transaction nonce is too distant from current sender nonce
2026.10.01-20:24:51.525 error [caliper] [ethereum-connector] 	Failed tx on registroDeBatches; calling method: registrarBatch; nonce: 0x755
2026.10.01-20:24:51.525 error [caliper] [ethereum-connector] 	Error: Returned error: Transaction nonce is too distant from current sender nonce
2026.10.01-20:24:51.550 error [caliper] [ethereum-connector] 	Failed tx on registroDeBatches; calling method: registrarBatch; nonce: 0x756
2026.10.01-20:24:51.551 error [caliper] [ethereum-connector] 	Error: Returned error: Transaction nonce is too distant from current sender nonce
2026.10.01-20:24:51.576 error [caliper] [ethereum-connector] 	Failed tx on registroDeBatches; calling method: registrarBatch; nonce: 0x757
2026.10.01-20:24:51.576 error [caliper] [ethereum-connector] 	Error: Returned error: Transaction nonce is too distant from current sender nonce
2026.10.01-20:24:51.601 error [caliper] [ethereum-connector] 	Failed tx on registroDeBatches; calling method: registrarBatch; nonce: 0x758
2026.10.01-20:24:51.601 error [caliper] [ethereum-connector] 	Error: Returned error: Transaction nonce is too distant from current sender nonce
2026.10.01-20:24:51.626 error [caliper] [ethereum-connector] 	Failed tx on registroDeBatches; calling method: registrarBatch; nonce: 0x759
2026.10.01-20:24:51.626 error [caliper] [ethereum-connector] 	Error: Returned error: Transaction nonce is too distant from current sender nonce
2026.10.01-20:24:51.650 error [caliper] [ethereum-connector] 	Failed tx on registroDeBatches; calling method: registrarBatch; nonce: 0x75a
2026.10.01-20:24:51.650 error [caliper] [ethereum-connector] 	Error: Returned error: Transaction nonce is too distant from current sender nonce
2026.10.01-20:24:51.675 error [caliper] [ethereum-connector] 	Failed tx on registroDeBatches; calling method: registrarBatch; nonce: 0x75b
2026.10.01-20:24:51.675 error [caliper] [ethereum-connector] 	Error: Returned error: Transaction nonce is too distant from current sender nonce
2026.10.01-20:24:51.701 error [caliper] [ethereum-connector] 	Failed tx on registroDeBatches; calling method: registrarBatch; nonce: 0x75c
2026.10.01-20:24:51.701 error [caliper] [ethereum-connector] 	Error: Returned error: Transaction nonce is too distant from current sender nonce
2026.10.01-20:24:51.726 error [caliper] [ethereum-connector] 	Failed tx on registroDeBatches; calling method: registrarBatch; nonce: 0x75d
2026.10.01-20:24:51.726 error [caliper] [ethereum-connector] 	Error: Returned error: Transaction nonce is too distant from current sender nonce
2026.10.01-20:24:51.750 error [caliper] [ethereum-connector] 	Failed tx on registroDeBatches; calling method: registrarBatch; nonce: 0x75e
2026.10.01-20:24:51.750 error [caliper] [ethereum-connector] 	Error: Returned error: Transaction nonce is too distant from current sender nonce
2026.10.01-20:24:51.775 error [caliper] [ethereum-connector] 	Failed tx on registroDeBatches; calling method: registrarBatch; nonce: 0x75f
2026.10.01-20:24:51.775 error [caliper] [ethereum-connector] 	Error: Returned error: Transaction nonce is too distant from current sender nonce
2026.10.01-20:24:51.801 error [caliper] [ethereum-connector] 	Failed tx on registroDeBatches; calling method: registrarBatch; nonce: 0x760
2026.10.01-20:24:51.801 error [caliper] [ethereum-connector] 	Error: Returned error: Transaction nonce is too distant from current sender nonce
2026.10.01-20:24:51.825 error [caliper] [ethereum-connector] 	Failed tx on registroDeBatches; calling method: registrarBatch; nonce: 0x761
2026.10.01-20:24:51.825 error [caliper] [ethereum-connector] 	Error: Returned error: Transaction nonce is too distant from current sender nonce
2026.10.01-20:24:51.851 error [caliper] [ethereum-connector] 	Failed tx on registroDeBatches; calling method: registrarBatch; nonce: 0x762
2026.10.01-20:24:51.851 error [caliper] [ethereum-connector] 	Error: Returned error: Transaction nonce is too distant from current sender nonce
2026.10.01-20:24:51.876 error [caliper] [ethereum-connector] 	Failed tx on registroDeBatches; calling method: registrarBatch; nonce: 0x763
2026.10.01-20:24:51.876 error [caliper] [ethereum-connector] 	Error: Returned error: Transaction nonce is too distant from current sender nonce
2026.10.01-20:24:51.900 error [caliper] [ethereum-connector] 	Failed tx on registroDeBatches; calling method: registrarBatch; nonce: 0x764
2026.10.01-20:24:51.900 error [caliper] [ethereum-connector] 	Error: Returned error: Transaction nonce is too distant from current sender nonce
2026.10.01-20:24:51.926 error [caliper] [ethereum-connector] 	Failed tx on registroDeBatches; calling method: registrarBatch; nonce: 0x765
2026.10.01-20:24:51.926 error [caliper] [ethereum-connector] 	Error: Returned error: Transaction nonce is too distant from current sender nonce
2026.10.01-20:24:51.951 error [caliper] [ethereum-connector] 	Failed tx on registroDeBatches; calling method: registrarBatch; nonce: 0x766
2026.10.01-20:24:51.951 error [caliper] [ethereum-connector] 	Error: Returned error: Transaction nonce is too distant from current sender nonce
2026.10.01-20:24:51.975 error [caliper] [ethereum-connector] 	Failed tx on registroDeBatches; calling method: registrarBatch; nonce: 0x767
2026.10.01-20:24:51.975 error [caliper] [ethereum-connector] 	Error: Returned error: Transaction nonce is too distant from current sender nonce
2026.10.01-20:24:52.001 error [caliper] [ethereum-connector] 	Failed tx on registroDeBatches; calling method: registrarBatch; nonce: 0x768
2026.10.01-20:24:52.001 error [caliper] [ethereum-connector] 	Error: Returned error: Transaction nonce is too distant from current sender nonce
2026.10.01-20:24:52.025 error [caliper] [ethereum-connector] 	Failed tx on registroDeBatches; calling method: registrarBatch; nonce: 0x769
2026.10.01-20:24:52.025 error [caliper] [ethereum-connector] 	Error: Returned error: Transaction nonce is too distant from current sender nonce
2026.10.01-20:24:52.050 error [caliper] [ethereum-connector] 	Failed tx on registroDeBatches; calling method: registrarBatch; nonce: 0x76a
2026.10.01-20:24:52.050 error [caliper] [ethereum-connector] 	Error: Returned error: Transaction nonce is too distant from current sender nonce
2026.10.01-20:24:52.074 error [caliper] [ethereum-connector] 	Failed tx on registroDeBatches; calling method: registrarBatch; nonce: 0x76b
2026.10.01-20:24:52.075 error [caliper] [ethereum-connector] 	Error: Returned error: Transaction nonce is too distant from current sender nonce
2026.10.01-20:24:52.100 error [caliper] [ethereum-connector] 	Failed tx on registroDeBatches; calling method: registrarBatch; nonce: 0x76c
2026.10.01-20:24:52.100 error [caliper] [ethereum-connector] 	Error: Returned error: Transaction nonce is too distant from current sender nonce
2026.10.01-20:24:52.124 error [caliper] [ethereum-connector] 	Failed tx on registroDeBatches; calling method: registrarBatch; nonce: 0x76d
2026.10.01-20:24:52.124 error [caliper] [ethereum-connector] 	Error: Returned error: Transaction nonce is too distant from current sender nonce
2026.10.01-20:24:52.150 error [caliper] [ethereum-connector] 	Failed tx on registroDeBatches; calling method: registrarBatch; nonce: 0x76e
2026.10.01-20:24:52.150 error [caliper] [ethereum-connector] 	Error: Returned error: Transaction nonce is too distant from current sender nonce
2026.10.01-20:24:52.169 info  [caliper] [default-observer] 	[tps-40 Round 2 Transaction Info] - Submitted: 961 Succ: 328 Fail:631 Unfinished:2
2026.10.01-20:24:52.175 error [caliper] [ethereum-connector] 	Failed tx on registroDeBatches; calling method: registrarBatch; nonce: 0x76f
2026.10.01-20:24:52.175 error [caliper] [ethereum-connector] 	Error: Returned error: Transaction nonce is too distant from current sender nonce
2026.10.01-20:24:52.202 error [caliper] [ethereum-connector] 	Failed tx on registroDeBatches; calling method: registrarBatch; nonce: 0x770
2026.10.01-20:24:52.202 error [caliper] [ethereum-connector] 	Error: Returned error: Transaction nonce is too distant from current sender nonce
2026.10.01-20:24:52.225 error [caliper] [ethereum-connector] 	Failed tx on registroDeBatches; calling method: registrarBatch; nonce: 0x771
2026.10.01-20:24:52.225 error [caliper] [ethereum-connector] 	Error: Returned error: Transaction nonce is too distant from current sender nonce
2026.10.01-20:24:52.250 error [caliper] [ethereum-connector] 	Failed tx on registroDeBatches; calling method: registrarBatch; nonce: 0x772
2026.10.01-20:24:52.250 error [caliper] [ethereum-connector] 	Error: Returned error: Transaction nonce is too distant from current sender nonce
2026.10.01-20:24:52.274 error [caliper] [ethereum-connector] 	Failed tx on registroDeBatches; calling method: registrarBatch; nonce: 0x773
2026.10.01-20:24:52.274 error [caliper] [ethereum-connector] 	Error: Returned error: Transaction nonce is too distant from current sender nonce
2026.10.01-20:24:52.300 error [caliper] [ethereum-connector] 	Failed tx on registroDeBatches; calling method: registrarBatch; nonce: 0x774
2026.10.01-20:24:52.300 error [caliper] [ethereum-connector] 	Error: Returned error: Transaction nonce is too distant from current sender nonce
2026.10.01-20:24:52.324 error [caliper] [ethereum-connector] 	Failed tx on registroDeBatches; calling method: registrarBatch; nonce: 0x775
2026.10.01-20:24:52.324 error [caliper] [ethereum-connector] 	Error: Returned error: Transaction nonce is too distant from current sender nonce
2026.10.01-20:24:52.350 error [caliper] [ethereum-connector] 	Failed tx on registroDeBatches; calling method: registrarBatch; nonce: 0x776
2026.10.01-20:24:52.350 error [caliper] [ethereum-connector] 	Error: Returned error: Transaction nonce is too distant from current sender nonce
2026.10.01-20:24:52.375 error [caliper] [ethereum-connector] 	Failed tx on registroDeBatches; calling method: registrarBatch; nonce: 0x777
2026.10.01-20:24:52.375 error [caliper] [ethereum-connector] 	Error: Returned error: Transaction nonce is too distant from current sender nonce
2026.10.01-20:24:52.400 error [caliper] [ethereum-connector] 	Failed tx on registroDeBatches; calling method: registrarBatch; nonce: 0x778
2026.10.01-20:24:52.400 error [caliper] [ethereum-connector] 	Error: Returned error: Transaction nonce is too distant from current sender nonce
2026.10.01-20:24:52.425 error [caliper] [ethereum-connector] 	Failed tx on registroDeBatches; calling method: registrarBatch; nonce: 0x779
2026.10.01-20:24:52.426 error [caliper] [ethereum-connector] 	Error: Returned error: Transaction nonce is too distant from current sender nonce
2026.10.01-20:24:52.450 error [caliper] [ethereum-connector] 	Failed tx on registroDeBatches; calling method: registrarBatch; nonce: 0x77a
2026.10.01-20:24:52.450 error [caliper] [ethereum-connector] 	Error: Returned error: Transaction nonce is too distant from current sender nonce
2026.10.01-20:24:52.475 error [caliper] [ethereum-connector] 	Failed tx on registroDeBatches; calling method: registrarBatch; nonce: 0x77b
2026.10.01-20:24:52.475 error [caliper] [ethereum-connector] 	Error: Returned error: Transaction nonce is too distant from current sender nonce
2026.10.01-20:24:52.501 error [caliper] [ethereum-connector] 	Failed tx on registroDeBatches; calling method: registrarBatch; nonce: 0x77c
2026.10.01-20:24:52.501 error [caliper] [ethereum-connector] 	Error: Returned error: Transaction nonce is too distant from current sender nonce
2026.10.01-20:24:52.526 error [caliper] [ethereum-connector] 	Failed tx on registroDeBatches; calling method: registrarBatch; nonce: 0x77d
2026.10.01-20:24:52.526 error [caliper] [ethereum-connector] 	Error: Returned error: Transaction nonce is too distant from current sender nonce
2026.10.01-20:24:52.550 error [caliper] [ethereum-connector] 	Failed tx on registroDeBatches; calling method: registrarBatch; nonce: 0x77e
2026.10.01-20:24:52.550 error [caliper] [ethereum-connector] 	Error: Returned error: Transaction nonce is too distant from current sender nonce
2026.10.01-20:24:52.575 error [caliper] [ethereum-connector] 	Failed tx on registroDeBatches; calling method: registrarBatch; nonce: 0x77f
2026.10.01-20:24:52.575 error [caliper] [ethereum-connector] 	Error: Returned error: Transaction nonce is too distant from current sender nonce
2026.10.01-20:24:52.601 error [caliper] [ethereum-connector] 	Failed tx on registroDeBatches; calling method: registrarBatch; nonce: 0x780
2026.10.01-20:24:52.601 error [caliper] [ethereum-connector] 	Error: Returned error: Transaction nonce is too distant from current sender nonce
2026.10.01-20:24:52.625 error [caliper] [ethereum-connector] 	Failed tx on registroDeBatches; calling method: registrarBatch; nonce: 0x781
2026.10.01-20:24:52.625 error [caliper] [ethereum-connector] 	Error: Returned error: Transaction nonce is too distant from current sender nonce
2026.10.01-20:24:52.650 error [caliper] [ethereum-connector] 	Failed tx on registroDeBatches; calling method: registrarBatch; nonce: 0x782
2026.10.01-20:24:52.650 error [caliper] [ethereum-connector] 	Error: Returned error: Transaction nonce is too distant from current sender nonce
2026.10.01-20:24:52.676 error [caliper] [ethereum-connector] 	Failed tx on registroDeBatches; calling method: registrarBatch; nonce: 0x783
2026.10.01-20:24:52.676 error [caliper] [ethereum-connector] 	Error: Returned error: Transaction nonce is too distant from current sender nonce
2026.10.01-20:24:52.702 error [caliper] [ethereum-connector] 	Failed tx on registroDeBatches; calling method: registrarBatch; nonce: 0x784
2026.10.01-20:24:52.702 error [caliper] [ethereum-connector] 	Error: Returned error: Transaction nonce is too distant from current sender nonce
2026.10.01-20:24:52.726 error [caliper] [ethereum-connector] 	Failed tx on registroDeBatches; calling method: registrarBatch; nonce: 0x785
2026.10.01-20:24:52.726 error [caliper] [ethereum-connector] 	Error: Returned error: Transaction nonce is too distant from current sender nonce
2026.10.01-20:24:52.749 error [caliper] [ethereum-connector] 	Failed tx on registroDeBatches; calling method: registrarBatch; nonce: 0x786
2026.10.01-20:24:52.749 error [caliper] [ethereum-connector] 	Error: Returned error: Transaction nonce is too distant from current sender nonce
2026.10.01-20:24:52.775 error [caliper] [ethereum-connector] 	Failed tx on registroDeBatches; calling method: registrarBatch; nonce: 0x787
2026.10.01-20:24:52.775 error [caliper] [ethereum-connector] 	Error: Returned error: Transaction nonce is too distant from current sender nonce
2026.10.01-20:24:52.801 error [caliper] [ethereum-connector] 	Failed tx on registroDeBatches; calling method: registrarBatch; nonce: 0x788
2026.10.01-20:24:52.801 error [caliper] [ethereum-connector] 	Error: Returned error: Transaction nonce is too distant from current sender nonce
2026.10.01-20:24:52.825 error [caliper] [ethereum-connector] 	Failed tx on registroDeBatches; calling method: registrarBatch; nonce: 0x789
2026.10.01-20:24:52.825 error [caliper] [ethereum-connector] 	Error: Returned error: Transaction nonce is too distant from current sender nonce
2026.10.01-20:24:52.850 error [caliper] [ethereum-connector] 	Failed tx on registroDeBatches; calling method: registrarBatch; nonce: 0x78a
2026.10.01-20:24:52.850 error [caliper] [ethereum-connector] 	Error: Returned error: Transaction nonce is too distant from current sender nonce
2026.10.01-20:24:52.875 error [caliper] [ethereum-connector] 	Failed tx on registroDeBatches; calling method: registrarBatch; nonce: 0x78b
2026.10.01-20:24:52.875 error [caliper] [ethereum-connector] 	Error: Returned error: Transaction nonce is too distant from current sender nonce
2026.10.01-20:24:52.901 error [caliper] [ethereum-connector] 	Failed tx on registroDeBatches; calling method: registrarBatch; nonce: 0x78c
2026.10.01-20:24:52.901 error [caliper] [ethereum-connector] 	Error: Returned error: Transaction nonce is too distant from current sender nonce
2026.10.01-20:24:52.925 error [caliper] [ethereum-connector] 	Failed tx on registroDeBatches; calling method: registrarBatch; nonce: 0x78d
2026.10.01-20:24:52.925 error [caliper] [ethereum-connector] 	Error: Returned error: Transaction nonce is too distant from current sender nonce
2026.10.01-20:24:52.949 error [caliper] [ethereum-connector] 	Failed tx on registroDeBatches; calling method: registrarBatch; nonce: 0x78e
2026.10.01-20:24:52.949 error [caliper] [ethereum-connector] 	Error: Returned error: Transaction nonce is too distant from current sender nonce
2026.10.01-20:24:52.974 error [caliper] [ethereum-connector] 	Failed tx on registroDeBatches; calling method: registrarBatch; nonce: 0x78f
2026.10.01-20:24:52.974 error [caliper] [ethereum-connector] 	Error: Returned error: Transaction nonce is too distant from current sender nonce
2026.10.01-20:24:53.000 error [caliper] [ethereum-connector] 	Failed tx on registroDeBatches; calling method: registrarBatch; nonce: 0x790
2026.10.01-20:24:53.000 error [caliper] [ethereum-connector] 	Error: Returned error: Transaction nonce is too distant from current sender nonce
2026.10.01-20:24:53.025 error [caliper] [ethereum-connector] 	Failed tx on registroDeBatches; calling method: registrarBatch; nonce: 0x791
2026.10.01-20:24:53.025 error [caliper] [ethereum-connector] 	Error: Returned error: Transaction nonce is too distant from current sender nonce
2026.10.01-20:24:53.049 error [caliper] [ethereum-connector] 	Failed tx on registroDeBatches; calling method: registrarBatch; nonce: 0x792
2026.10.01-20:24:53.049 error [caliper] [ethereum-connector] 	Error: Returned error: Transaction nonce is too distant from current sender nonce
2026.10.01-20:24:53.075 error [caliper] [ethereum-connector] 	Failed tx on registroDeBatches; calling method: registrarBatch; nonce: 0x793
2026.10.01-20:24:53.075 error [caliper] [ethereum-connector] 	Error: Returned error: Transaction nonce is too distant from current sender nonce
2026.10.01-20:24:53.100 error [caliper] [ethereum-connector] 	Failed tx on registroDeBatches; calling method: registrarBatch; nonce: 0x794
2026.10.01-20:24:53.100 error [caliper] [ethereum-connector] 	Error: Returned error: Transaction nonce is too distant from current sender nonce
2026.10.01-20:24:53.125 error [caliper] [ethereum-connector] 	Failed tx on registroDeBatches; calling method: registrarBatch; nonce: 0x795
2026.10.01-20:24:53.125 error [caliper] [ethereum-connector] 	Error: Returned error: Transaction nonce is too distant from current sender nonce
2026.10.01-20:24:53.150 error [caliper] [ethereum-connector] 	Failed tx on registroDeBatches; calling method: registrarBatch; nonce: 0x796
2026.10.01-20:24:53.150 error [caliper] [ethereum-connector] 	Error: Returned error: Transaction nonce is too distant from current sender nonce
2026.10.01-20:24:53.174 error [caliper] [ethereum-connector] 	Failed tx on registroDeBatches; calling method: registrarBatch; nonce: 0x797
2026.10.01-20:24:53.174 error [caliper] [ethereum-connector] 	Error: Returned error: Transaction nonce is too distant from current sender nonce
2026.10.01-20:24:53.199 error [caliper] [ethereum-connector] 	Failed tx on registroDeBatches; calling method: registrarBatch; nonce: 0x798
2026.10.01-20:24:53.199 error [caliper] [ethereum-connector] 	Error: Returned error: Transaction nonce is too distant from current sender nonce
2026.10.01-20:24:53.225 error [caliper] [ethereum-connector] 	Failed tx on registroDeBatches; calling method: registrarBatch; nonce: 0x799
2026.10.01-20:24:53.225 error [caliper] [ethereum-connector] 	Error: Returned error: Transaction nonce is too distant from current sender nonce
2026.10.01-20:24:53.250 error [caliper] [ethereum-connector] 	Failed tx on registroDeBatches; calling method: registrarBatch; nonce: 0x79a
2026.10.01-20:24:53.250 error [caliper] [ethereum-connector] 	Error: Returned error: Transaction nonce is too distant from current sender nonce
2026.10.01-20:24:53.275 error [caliper] [ethereum-connector] 	Failed tx on registroDeBatches; calling method: registrarBatch; nonce: 0x79b
2026.10.01-20:24:53.275 error [caliper] [ethereum-connector] 	Error: Returned error: Transaction nonce is too distant from current sender nonce
2026.10.01-20:24:53.300 error [caliper] [ethereum-connector] 	Failed tx on registroDeBatches; calling method: registrarBatch; nonce: 0x79c
2026.10.01-20:24:53.300 error [caliper] [ethereum-connector] 	Error: Returned error: Transaction nonce is too distant from current sender nonce
2026.10.01-20:24:53.325 error [caliper] [ethereum-connector] 	Failed tx on registroDeBatches; calling method: registrarBatch; nonce: 0x79d
2026.10.01-20:24:53.325 error [caliper] [ethereum-connector] 	Error: Returned error: Transaction nonce is too distant from current sender nonce
2026.10.01-20:24:53.350 error [caliper] [ethereum-connector] 	Failed tx on registroDeBatches; calling method: registrarBatch; nonce: 0x79e
2026.10.01-20:24:53.350 error [caliper] [ethereum-connector] 	Error: Returned error: Transaction nonce is too distant from current sender nonce
2026.10.01-20:24:53.376 error [caliper] [ethereum-connector] 	Failed tx on registroDeBatches; calling method: registrarBatch; nonce: 0x79f
2026.10.01-20:24:53.376 error [caliper] [ethereum-connector] 	Error: Returned error: Transaction nonce is too distant from current sender nonce
2026.10.01-20:24:53.401 error [caliper] [ethereum-connector] 	Failed tx on registroDeBatches; calling method: registrarBatch; nonce: 0x7a0
2026.10.01-20:24:53.401 error [caliper] [ethereum-connector] 	Error: Returned error: Transaction nonce is too distant from current sender nonce
2026.10.01-20:24:53.426 error [caliper] [ethereum-connector] 	Failed tx on registroDeBatches; calling method: registrarBatch; nonce: 0x7a1
2026.10.01-20:24:53.426 error [caliper] [ethereum-connector] 	Error: Returned error: Transaction nonce is too distant from current sender nonce
2026.10.01-20:24:53.451 error [caliper] [ethereum-connector] 	Failed tx on registroDeBatches; calling method: registrarBatch; nonce: 0x7a2
2026.10.01-20:24:53.451 error [caliper] [ethereum-connector] 	Error: Returned error: Transaction nonce is too distant from current sender nonce
2026.10.01-20:24:53.476 error [caliper] [ethereum-connector] 	Failed tx on registroDeBatches; calling method: registrarBatch; nonce: 0x7a3
2026.10.01-20:24:53.476 error [caliper] [ethereum-connector] 	Error: Returned error: Transaction nonce is too distant from current sender nonce
2026.10.01-20:24:53.499 error [caliper] [ethereum-connector] 	Failed tx on registroDeBatches; calling method: registrarBatch; nonce: 0x7a4
2026.10.01-20:24:53.499 error [caliper] [ethereum-connector] 	Error: Returned error: Transaction nonce is too distant from current sender nonce
2026.10.01-20:24:53.525 error [caliper] [ethereum-connector] 	Failed tx on registroDeBatches; calling method: registrarBatch; nonce: 0x7a5
2026.10.01-20:24:53.525 error [caliper] [ethereum-connector] 	Error: Returned error: Transaction nonce is too distant from current sender nonce
2026.10.01-20:24:53.551 error [caliper] [ethereum-connector] 	Failed tx on registroDeBatches; calling method: registrarBatch; nonce: 0x7a6
2026.10.01-20:24:53.551 error [caliper] [ethereum-connector] 	Error: Returned error: Transaction nonce is too distant from current sender nonce
2026.10.01-20:24:53.575 error [caliper] [ethereum-connector] 	Failed tx on registroDeBatches; calling method: registrarBatch; nonce: 0x7a7
2026.10.01-20:24:53.575 error [caliper] [ethereum-connector] 	Error: Returned error: Transaction nonce is too distant from current sender nonce
2026.10.01-20:24:53.599 error [caliper] [ethereum-connector] 	Failed tx on registroDeBatches; calling method: registrarBatch; nonce: 0x7a8
2026.10.01-20:24:53.599 error [caliper] [ethereum-connector] 	Error: Returned error: Transaction nonce is too distant from current sender nonce
2026.10.01-20:24:53.623 error [caliper] [ethereum-connector] 	Failed tx on registroDeBatches; calling method: registrarBatch; nonce: 0x7a9
2026.10.01-20:24:53.623 error [caliper] [ethereum-connector] 	Error: Returned error: Transaction nonce is too distant from current sender nonce
2026.10.01-20:24:53.650 error [caliper] [ethereum-connector] 	Failed tx on registroDeBatches; calling method: registrarBatch; nonce: 0x7aa
2026.10.01-20:24:53.650 error [caliper] [ethereum-connector] 	Error: Returned error: Transaction nonce is too distant from current sender nonce
2026.10.01-20:24:53.674 error [caliper] [ethereum-connector] 	Failed tx on registroDeBatches; calling method: registrarBatch; nonce: 0x7ab
2026.10.01-20:24:53.674 error [caliper] [ethereum-connector] 	Error: Returned error: Transaction nonce is too distant from current sender nonce
2026.10.01-20:24:53.702 error [caliper] [ethereum-connector] 	Failed tx on registroDeBatches; calling method: registrarBatch; nonce: 0x7ac
2026.10.01-20:24:53.702 error [caliper] [ethereum-connector] 	Error: Returned error: Transaction nonce is too distant from current sender nonce
2026.10.01-20:24:53.730 error [caliper] [ethereum-connector] 	Failed tx on registroDeBatches; calling method: registrarBatch; nonce: 0x7ad
2026.10.01-20:24:53.730 error [caliper] [ethereum-connector] 	Error: Returned error: Transaction nonce is too distant from current sender nonce
2026.10.01-20:24:53.750 error [caliper] [ethereum-connector] 	Failed tx on registroDeBatches; calling method: registrarBatch; nonce: 0x7ae
2026.10.01-20:24:53.750 error [caliper] [ethereum-connector] 	Error: Returned error: Transaction nonce is too distant from current sender nonce
2026.10.01-20:24:53.774 error [caliper] [ethereum-connector] 	Failed tx on registroDeBatches; calling method: registrarBatch; nonce: 0x7af
2026.10.01-20:24:53.774 error [caliper] [ethereum-connector] 	Error: Returned error: Transaction nonce is too distant from current sender nonce
2026.10.01-20:24:53.800 error [caliper] [ethereum-connector] 	Failed tx on registroDeBatches; calling method: registrarBatch; nonce: 0x7b0
2026.10.01-20:24:53.800 error [caliper] [ethereum-connector] 	Error: Returned error: Transaction nonce is too distant from current sender nonce
2026.10.01-20:24:53.824 error [caliper] [ethereum-connector] 	Failed tx on registroDeBatches; calling method: registrarBatch; nonce: 0x7b1
2026.10.01-20:24:53.824 error [caliper] [ethereum-connector] 	Error: Returned error: Transaction nonce is too distant from current sender nonce
2026.10.01-20:24:53.848 error [caliper] [ethereum-connector] 	Failed tx on registroDeBatches; calling method: registrarBatch; nonce: 0x7b2
2026.10.01-20:24:53.848 error [caliper] [ethereum-connector] 	Error: Returned error: Transaction nonce is too distant from current sender nonce
2026.10.01-20:24:53.875 error [caliper] [ethereum-connector] 	Failed tx on registroDeBatches; calling method: registrarBatch; nonce: 0x7b3
2026.10.01-20:24:53.875 error [caliper] [ethereum-connector] 	Error: Returned error: Transaction nonce is too distant from current sender nonce
2026.10.01-20:24:53.901 error [caliper] [ethereum-connector] 	Failed tx on registroDeBatches; calling method: registrarBatch; nonce: 0x7b4
2026.10.01-20:24:53.901 error [caliper] [ethereum-connector] 	Error: Returned error: Transaction nonce is too distant from current sender nonce
2026.10.01-20:24:53.925 error [caliper] [ethereum-connector] 	Failed tx on registroDeBatches; calling method: registrarBatch; nonce: 0x7b5
2026.10.01-20:24:53.925 error [caliper] [ethereum-connector] 	Error: Returned error: Transaction nonce is too distant from current sender nonce
2026.10.01-20:24:53.950 error [caliper] [ethereum-connector] 	Failed tx on registroDeBatches; calling method: registrarBatch; nonce: 0x7b6
2026.10.01-20:24:53.950 error [caliper] [ethereum-connector] 	Error: Returned error: Transaction nonce is too distant from current sender nonce
2026.10.01-20:24:53.976 error [caliper] [ethereum-connector] 	Failed tx on registroDeBatches; calling method: registrarBatch; nonce: 0x7b7
2026.10.01-20:24:53.976 error [caliper] [ethereum-connector] 	Error: Returned error: Transaction nonce is too distant from current sender nonce
2026.10.01-20:24:54.001 error [caliper] [ethereum-connector] 	Failed tx on registroDeBatches; calling method: registrarBatch; nonce: 0x7b8
2026.10.01-20:24:54.001 error [caliper] [ethereum-connector] 	Error: Returned error: Transaction nonce is too distant from current sender nonce
2026.10.01-20:24:54.027 error [caliper] [ethereum-connector] 	Failed tx on registroDeBatches; calling method: registrarBatch; nonce: 0x7b9
2026.10.01-20:24:54.027 error [caliper] [ethereum-connector] 	Error: Returned error: Transaction nonce is too distant from current sender nonce
2026.10.01-20:24:54.049 error [caliper] [ethereum-connector] 	Failed tx on registroDeBatches; calling method: registrarBatch; nonce: 0x7ba
2026.10.01-20:24:54.049 error [caliper] [ethereum-connector] 	Error: Returned error: Transaction nonce is too distant from current sender nonce
2026.10.01-20:24:54.075 error [caliper] [ethereum-connector] 	Failed tx on registroDeBatches; calling method: registrarBatch; nonce: 0x7bb
2026.10.01-20:24:54.075 error [caliper] [ethereum-connector] 	Error: Returned error: Transaction nonce is too distant from current sender nonce
2026.10.01-20:24:54.099 error [caliper] [ethereum-connector] 	Failed tx on registroDeBatches; calling method: registrarBatch; nonce: 0x7bc
2026.10.01-20:24:54.099 error [caliper] [ethereum-connector] 	Error: Returned error: Transaction nonce is too distant from current sender nonce
2026.10.01-20:24:54.124 error [caliper] [ethereum-connector] 	Failed tx on registroDeBatches; calling method: registrarBatch; nonce: 0x7bd
2026.10.01-20:24:54.124 error [caliper] [ethereum-connector] 	Error: Returned error: Transaction nonce is too distant from current sender nonce
2026.10.01-20:24:54.152 error [caliper] [ethereum-connector] 	Failed tx on registroDeBatches; calling method: registrarBatch; nonce: 0x7be
2026.10.01-20:24:54.152 error [caliper] [ethereum-connector] 	Error: Returned error: Transaction nonce is too distant from current sender nonce
2026.10.01-20:24:54.174 error [caliper] [ethereum-connector] 	Failed tx on registroDeBatches; calling method: registrarBatch; nonce: 0x7bf
2026.10.01-20:24:54.174 error [caliper] [ethereum-connector] 	Error: Returned error: Transaction nonce is too distant from current sender nonce
2026.10.01-20:24:54.200 error [caliper] [ethereum-connector] 	Failed tx on registroDeBatches; calling method: registrarBatch; nonce: 0x7c0
2026.10.01-20:24:54.200 error [caliper] [ethereum-connector] 	Error: Returned error: Transaction nonce is too distant from current sender nonce
2026.10.01-20:24:54.225 error [caliper] [ethereum-connector] 	Failed tx on registroDeBatches; calling method: registrarBatch; nonce: 0x7c1
2026.10.01-20:24:54.225 error [caliper] [ethereum-connector] 	Error: Returned error: Transaction nonce is too distant from current sender nonce
2026.10.01-20:24:54.251 error [caliper] [ethereum-connector] 	Failed tx on registroDeBatches; calling method: registrarBatch; nonce: 0x7c2
2026.10.01-20:24:54.251 error [caliper] [ethereum-connector] 	Error: Returned error: Transaction nonce is too distant from current sender nonce
2026.10.01-20:24:54.275 error [caliper] [ethereum-connector] 	Failed tx on registroDeBatches; calling method: registrarBatch; nonce: 0x7c3
2026.10.01-20:24:54.275 error [caliper] [ethereum-connector] 	Error: Returned error: Transaction nonce is too distant from current sender nonce
2026.10.01-20:24:54.299 error [caliper] [ethereum-connector] 	Failed tx on registroDeBatches; calling method: registrarBatch; nonce: 0x7c4
2026.10.01-20:24:54.299 error [caliper] [ethereum-connector] 	Error: Returned error: Transaction nonce is too distant from current sender nonce
2026.10.01-20:24:54.324 error [caliper] [ethereum-connector] 	Failed tx on registroDeBatches; calling method: registrarBatch; nonce: 0x7c5
2026.10.01-20:24:54.324 error [caliper] [ethereum-connector] 	Error: Returned error: Transaction nonce is too distant from current sender nonce
2026.10.01-20:24:54.350 error [caliper] [ethereum-connector] 	Failed tx on registroDeBatches; calling method: registrarBatch; nonce: 0x7c6
2026.10.01-20:24:54.350 error [caliper] [ethereum-connector] 	Error: Returned error: Transaction nonce is too distant from current sender nonce
2026.10.01-20:24:54.375 error [caliper] [ethereum-connector] 	Failed tx on registroDeBatches; calling method: registrarBatch; nonce: 0x7c7
2026.10.01-20:24:54.375 error [caliper] [ethereum-connector] 	Error: Returned error: Transaction nonce is too distant from current sender nonce
2026.10.01-20:24:54.400 error [caliper] [ethereum-connector] 	Failed tx on registroDeBatches; calling method: registrarBatch; nonce: 0x7c8
2026.10.01-20:24:54.400 error [caliper] [ethereum-connector] 	Error: Returned error: Transaction nonce is too distant from current sender nonce
2026.10.01-20:24:54.426 error [caliper] [ethereum-connector] 	Failed tx on registroDeBatches; calling method: registrarBatch; nonce: 0x7c9
2026.10.01-20:24:54.426 error [caliper] [ethereum-connector] 	Error: Returned error: Transaction nonce is too distant from current sender nonce
2026.10.01-20:24:54.449 error [caliper] [ethereum-connector] 	Failed tx on registroDeBatches; calling method: registrarBatch; nonce: 0x7ca
2026.10.01-20:24:54.449 error [caliper] [ethereum-connector] 	Error: Returned error: Transaction nonce is too distant from current sender nonce
2026.10.01-20:24:54.474 error [caliper] [ethereum-connector] 	Failed tx on registroDeBatches; calling method: registrarBatch; nonce: 0x7cb
2026.10.01-20:24:54.474 error [caliper] [ethereum-connector] 	Error: Returned error: Transaction nonce is too distant from current sender nonce
2026.10.01-20:24:54.501 error [caliper] [ethereum-connector] 	Failed tx on registroDeBatches; calling method: registrarBatch; nonce: 0x7cc
2026.10.01-20:24:54.501 error [caliper] [ethereum-connector] 	Error: Returned error: Transaction nonce is too distant from current sender nonce
2026.10.01-20:24:54.527 error [caliper] [ethereum-connector] 	Failed tx on registroDeBatches; calling method: registrarBatch; nonce: 0x7cd
2026.10.01-20:24:54.527 error [caliper] [ethereum-connector] 	Error: Returned error: Transaction nonce is too distant from current sender nonce
2026.10.01-20:24:54.551 error [caliper] [ethereum-connector] 	Failed tx on registroDeBatches; calling method: registrarBatch; nonce: 0x7ce
2026.10.01-20:24:54.551 error [caliper] [ethereum-connector] 	Error: Returned error: Transaction nonce is too distant from current sender nonce
2026.10.01-20:24:54.576 error [caliper] [ethereum-connector] 	Failed tx on registroDeBatches; calling method: registrarBatch; nonce: 0x7cf
2026.10.01-20:24:54.576 error [caliper] [ethereum-connector] 	Error: Returned error: Transaction nonce is too distant from current sender nonce
2026.10.01-20:24:54.600 error [caliper] [ethereum-connector] 	Failed tx on registroDeBatches; calling method: registrarBatch; nonce: 0x7d0
2026.10.01-20:24:54.600 error [caliper] [ethereum-connector] 	Error: Returned error: Transaction nonce is too distant from current sender nonce
2026.10.01-20:24:54.624 error [caliper] [ethereum-connector] 	Failed tx on registroDeBatches; calling method: registrarBatch; nonce: 0x7d1
2026.10.01-20:24:54.624 error [caliper] [ethereum-connector] 	Error: Returned error: Transaction nonce is too distant from current sender nonce
2026.10.01-20:24:54.649 error [caliper] [ethereum-connector] 	Failed tx on registroDeBatches; calling method: registrarBatch; nonce: 0x7d2
2026.10.01-20:24:54.649 error [caliper] [ethereum-connector] 	Error: Returned error: Transaction nonce is too distant from current sender nonce
2026.10.01-20:24:54.675 error [caliper] [ethereum-connector] 	Failed tx on registroDeBatches; calling method: registrarBatch; nonce: 0x7d3
2026.10.01-20:24:54.675 error [caliper] [ethereum-connector] 	Error: Returned error: Transaction nonce is too distant from current sender nonce
2026.10.01-20:24:54.701 error [caliper] [ethereum-connector] 	Failed tx on registroDeBatches; calling method: registrarBatch; nonce: 0x7d4
2026.10.01-20:24:54.702 error [caliper] [ethereum-connector] 	Error: Returned error: Transaction nonce is too distant from current sender nonce
2026.10.01-20:24:54.726 error [caliper] [ethereum-connector] 	Failed tx on registroDeBatches; calling method: registrarBatch; nonce: 0x7d5
2026.10.01-20:24:54.726 error [caliper] [ethereum-connector] 	Error: Returned error: Transaction nonce is too distant from current sender nonce
2026.10.01-20:24:54.751 error [caliper] [ethereum-connector] 	Failed tx on registroDeBatches; calling method: registrarBatch; nonce: 0x7d6
2026.10.01-20:24:54.751 error [caliper] [ethereum-connector] 	Error: Returned error: Transaction nonce is too distant from current sender nonce
2026.10.01-20:24:54.775 error [caliper] [ethereum-connector] 	Failed tx on registroDeBatches; calling method: registrarBatch; nonce: 0x7d7
2026.10.01-20:24:54.775 error [caliper] [ethereum-connector] 	Error: Returned error: Transaction nonce is too distant from current sender nonce
2026.10.01-20:24:54.800 error [caliper] [ethereum-connector] 	Failed tx on registroDeBatches; calling method: registrarBatch; nonce: 0x7d8
2026.10.01-20:24:54.800 error [caliper] [ethereum-connector] 	Error: Returned error: Transaction nonce is too distant from current sender nonce
2026.10.01-20:24:54.825 error [caliper] [ethereum-connector] 	Failed tx on registroDeBatches; calling method: registrarBatch; nonce: 0x7d9
2026.10.01-20:24:54.825 error [caliper] [ethereum-connector] 	Error: Returned error: Transaction nonce is too distant from current sender nonce
2026.10.01-20:24:54.850 error [caliper] [ethereum-connector] 	Failed tx on registroDeBatches; calling method: registrarBatch; nonce: 0x7da
2026.10.01-20:24:54.850 error [caliper] [ethereum-connector] 	Error: Returned error: Transaction nonce is too distant from current sender nonce
2026.10.01-20:24:54.875 error [caliper] [ethereum-connector] 	Failed tx on registroDeBatches; calling method: registrarBatch; nonce: 0x7db
2026.10.01-20:24:54.875 error [caliper] [ethereum-connector] 	Error: Returned error: Transaction nonce is too distant from current sender nonce
2026.10.01-20:24:54.899 error [caliper] [ethereum-connector] 	Failed tx on registroDeBatches; calling method: registrarBatch; nonce: 0x7dc
2026.10.01-20:24:54.899 error [caliper] [ethereum-connector] 	Error: Returned error: Transaction nonce is too distant from current sender nonce
2026.10.01-20:24:54.924 error [caliper] [ethereum-connector] 	Failed tx on registroDeBatches; calling method: registrarBatch; nonce: 0x7dd
2026.10.01-20:24:54.924 error [caliper] [ethereum-connector] 	Error: Returned error: Transaction nonce is too distant from current sender nonce
2026.10.01-20:24:54.948 error [caliper] [ethereum-connector] 	Failed tx on registroDeBatches; calling method: registrarBatch; nonce: 0x7de
2026.10.01-20:24:54.948 error [caliper] [ethereum-connector] 	Error: Returned error: Transaction nonce is too distant from current sender nonce
2026.10.01-20:24:54.974 error [caliper] [ethereum-connector] 	Failed tx on registroDeBatches; calling method: registrarBatch; nonce: 0x7df
2026.10.01-20:24:54.974 error [caliper] [ethereum-connector] 	Error: Returned error: Transaction nonce is too distant from current sender nonce
2026.10.01-20:24:54.999 error [caliper] [ethereum-connector] 	Failed tx on registroDeBatches; calling method: registrarBatch; nonce: 0x7e0
2026.10.01-20:24:54.999 error [caliper] [ethereum-connector] 	Error: Returned error: Transaction nonce is too distant from current sender nonce
2026.10.01-20:24:55.025 error [caliper] [ethereum-connector] 	Failed tx on registroDeBatches; calling method: registrarBatch; nonce: 0x7e1
2026.10.01-20:24:55.025 error [caliper] [ethereum-connector] 	Error: Returned error: Transaction nonce is too distant from current sender nonce
2026.10.01-20:24:55.051 error [caliper] [ethereum-connector] 	Failed tx on registroDeBatches; calling method: registrarBatch; nonce: 0x7e2
2026.10.01-20:24:55.051 error [caliper] [ethereum-connector] 	Error: Returned error: Transaction nonce is too distant from current sender nonce
2026.10.01-20:24:55.076 error [caliper] [ethereum-connector] 	Failed tx on registroDeBatches; calling method: registrarBatch; nonce: 0x7e3
2026.10.01-20:24:55.076 error [caliper] [ethereum-connector] 	Error: Returned error: Transaction nonce is too distant from current sender nonce
2026.10.01-20:24:55.100 error [caliper] [ethereum-connector] 	Failed tx on registroDeBatches; calling method: registrarBatch; nonce: 0x7e4
2026.10.01-20:24:55.100 error [caliper] [ethereum-connector] 	Error: Returned error: Transaction nonce is too distant from current sender nonce
2026.10.01-20:24:55.125 error [caliper] [ethereum-connector] 	Failed tx on registroDeBatches; calling method: registrarBatch; nonce: 0x7e5
2026.10.01-20:24:55.125 error [caliper] [ethereum-connector] 	Error: Returned error: Transaction nonce is too distant from current sender nonce
2026.10.01-20:24:55.150 error [caliper] [ethereum-connector] 	Failed tx on registroDeBatches; calling method: registrarBatch; nonce: 0x7e6
2026.10.01-20:24:55.150 error [caliper] [ethereum-connector] 	Error: Returned error: Transaction nonce is too distant from current sender nonce
2026.10.01-20:24:55.176 error [caliper] [ethereum-connector] 	Failed tx on registroDeBatches; calling method: registrarBatch; nonce: 0x7e7
2026.10.01-20:24:55.176 error [caliper] [ethereum-connector] 	Error: Returned error: Transaction nonce is too distant from current sender nonce
2026.10.01-20:24:55.201 error [caliper] [ethereum-connector] 	Failed tx on registroDeBatches; calling method: registrarBatch; nonce: 0x7e8
2026.10.01-20:24:55.201 error [caliper] [ethereum-connector] 	Error: Returned error: Transaction nonce is too distant from current sender nonce
2026.10.01-20:24:55.225 error [caliper] [ethereum-connector] 	Failed tx on registroDeBatches; calling method: registrarBatch; nonce: 0x7e9
2026.10.01-20:24:55.225 error [caliper] [ethereum-connector] 	Error: Returned error: Transaction nonce is too distant from current sender nonce
2026.10.01-20:24:55.250 error [caliper] [ethereum-connector] 	Failed tx on registroDeBatches; calling method: registrarBatch; nonce: 0x7ea
2026.10.01-20:24:55.250 error [caliper] [ethereum-connector] 	Error: Returned error: Transaction nonce is too distant from current sender nonce
2026.10.01-20:24:55.276 error [caliper] [ethereum-connector] 	Failed tx on registroDeBatches; calling method: registrarBatch; nonce: 0x7eb
2026.10.01-20:24:55.276 error [caliper] [ethereum-connector] 	Error: Returned error: Transaction nonce is too distant from current sender nonce
2026.10.01-20:24:55.300 error [caliper] [ethereum-connector] 	Failed tx on registroDeBatches; calling method: registrarBatch; nonce: 0x7ec
2026.10.01-20:24:55.300 error [caliper] [ethereum-connector] 	Error: Returned error: Transaction nonce is too distant from current sender nonce
2026.10.01-20:24:55.325 error [caliper] [ethereum-connector] 	Failed tx on registroDeBatches; calling method: registrarBatch; nonce: 0x7ed
2026.10.01-20:24:55.325 error [caliper] [ethereum-connector] 	Error: Returned error: Transaction nonce is too distant from current sender nonce
2026.10.01-20:24:55.350 error [caliper] [ethereum-connector] 	Failed tx on registroDeBatches; calling method: registrarBatch; nonce: 0x7ee
2026.10.01-20:24:55.350 error [caliper] [ethereum-connector] 	Error: Returned error: Transaction nonce is too distant from current sender nonce
2026.10.01-20:24:55.375 error [caliper] [ethereum-connector] 	Failed tx on registroDeBatches; calling method: registrarBatch; nonce: 0x7ef
2026.10.01-20:24:55.375 error [caliper] [ethereum-connector] 	Error: Returned error: Transaction nonce is too distant from current sender nonce
2026.10.01-20:24:55.400 error [caliper] [ethereum-connector] 	Failed tx on registroDeBatches; calling method: registrarBatch; nonce: 0x7f0
2026.10.01-20:24:55.400 error [caliper] [ethereum-connector] 	Error: Returned error: Transaction nonce is too distant from current sender nonce
2026.10.01-20:24:55.426 error [caliper] [ethereum-connector] 	Failed tx on registroDeBatches; calling method: registrarBatch; nonce: 0x7f1
2026.10.01-20:24:55.426 error [caliper] [ethereum-connector] 	Error: Returned error: Transaction nonce is too distant from current sender nonce
2026.10.01-20:24:55.451 error [caliper] [ethereum-connector] 	Failed tx on registroDeBatches; calling method: registrarBatch; nonce: 0x7f2
2026.10.01-20:24:55.451 error [caliper] [ethereum-connector] 	Error: Returned error: Transaction nonce is too distant from current sender nonce
2026.10.01-20:24:55.475 error [caliper] [ethereum-connector] 	Failed tx on registroDeBatches; calling method: registrarBatch; nonce: 0x7f3
2026.10.01-20:24:55.475 error [caliper] [ethereum-connector] 	Error: Returned error: Transaction nonce is too distant from current sender nonce
2026.10.01-20:24:55.499 error [caliper] [ethereum-connector] 	Failed tx on registroDeBatches; calling method: registrarBatch; nonce: 0x7f4
2026.10.01-20:24:55.499 error [caliper] [ethereum-connector] 	Error: Returned error: Transaction nonce is too distant from current sender nonce
2026.10.01-20:24:55.526 error [caliper] [ethereum-connector] 	Failed tx on registroDeBatches; calling method: registrarBatch; nonce: 0x7f5
2026.10.01-20:24:55.526 error [caliper] [ethereum-connector] 	Error: Returned error: Transaction nonce is too distant from current sender nonce
2026.10.01-20:24:55.550 error [caliper] [ethereum-connector] 	Failed tx on registroDeBatches; calling method: registrarBatch; nonce: 0x7f6
2026.10.01-20:24:55.550 error [caliper] [ethereum-connector] 	Error: Returned error: Transaction nonce is too distant from current sender nonce
2026.10.01-20:24:55.575 error [caliper] [ethereum-connector] 	Failed tx on registroDeBatches; calling method: registrarBatch; nonce: 0x7f7
2026.10.01-20:24:55.575 error [caliper] [ethereum-connector] 	Error: Returned error: Transaction nonce is too distant from current sender nonce
2026.10.01-20:24:55.601 error [caliper] [ethereum-connector] 	Failed tx on registroDeBatches; calling method: registrarBatch; nonce: 0x7f8
2026.10.01-20:24:55.601 error [caliper] [ethereum-connector] 	Error: Returned error: Transaction nonce is too distant from current sender nonce
2026.10.01-20:24:55.625 error [caliper] [ethereum-connector] 	Failed tx on registroDeBatches; calling method: registrarBatch; nonce: 0x7f9
2026.10.01-20:24:55.625 error [caliper] [ethereum-connector] 	Error: Returned error: Transaction nonce is too distant from current sender nonce
2026.10.01-20:24:55.650 error [caliper] [ethereum-connector] 	Failed tx on registroDeBatches; calling method: registrarBatch; nonce: 0x7fa
2026.10.01-20:24:55.650 error [caliper] [ethereum-connector] 	Error: Returned error: Transaction nonce is too distant from current sender nonce
2026.10.01-20:24:55.676 error [caliper] [ethereum-connector] 	Failed tx on registroDeBatches; calling method: registrarBatch; nonce: 0x7fb
2026.10.01-20:24:55.676 error [caliper] [ethereum-connector] 	Error: Returned error: Transaction nonce is too distant from current sender nonce
2026.10.01-20:24:55.700 error [caliper] [ethereum-connector] 	Failed tx on registroDeBatches; calling method: registrarBatch; nonce: 0x7fc
2026.10.01-20:24:55.700 error [caliper] [ethereum-connector] 	Error: Returned error: Transaction nonce is too distant from current sender nonce
2026.10.01-20:24:55.725 error [caliper] [ethereum-connector] 	Failed tx on registroDeBatches; calling method: registrarBatch; nonce: 0x7fd
2026.10.01-20:24:55.725 error [caliper] [ethereum-connector] 	Error: Returned error: Transaction nonce is too distant from current sender nonce
2026.10.01-20:24:55.751 error [caliper] [ethereum-connector] 	Failed tx on registroDeBatches; calling method: registrarBatch; nonce: 0x7fe
2026.10.01-20:24:55.751 error [caliper] [ethereum-connector] 	Error: Returned error: Transaction nonce is too distant from current sender nonce
2026.10.01-20:24:55.775 error [caliper] [ethereum-connector] 	Failed tx on registroDeBatches; calling method: registrarBatch; nonce: 0x7ff
2026.10.01-20:24:55.775 error [caliper] [ethereum-connector] 	Error: Returned error: Transaction nonce is too distant from current sender nonce
2026.10.01-20:24:55.800 error [caliper] [ethereum-connector] 	Failed tx on registroDeBatches; calling method: registrarBatch; nonce: 0x800
2026.10.01-20:24:55.800 error [caliper] [ethereum-connector] 	Error: Returned error: Transaction nonce is too distant from current sender nonce
2026.10.01-20:24:55.824 error [caliper] [ethereum-connector] 	Failed tx on registroDeBatches; calling method: registrarBatch; nonce: 0x801
2026.10.01-20:24:55.824 error [caliper] [ethereum-connector] 	Error: Returned error: Transaction nonce is too distant from current sender nonce
2026.10.01-20:24:55.850 error [caliper] [ethereum-connector] 	Failed tx on registroDeBatches; calling method: registrarBatch; nonce: 0x802
2026.10.01-20:24:55.850 error [caliper] [ethereum-connector] 	Error: Returned error: Transaction nonce is too distant from current sender nonce
2026.10.01-20:24:55.876 error [caliper] [ethereum-connector] 	Failed tx on registroDeBatches; calling method: registrarBatch; nonce: 0x803
2026.10.01-20:24:55.876 error [caliper] [ethereum-connector] 	Error: Returned error: Transaction nonce is too distant from current sender nonce
2026.10.01-20:24:55.900 error [caliper] [ethereum-connector] 	Failed tx on registroDeBatches; calling method: registrarBatch; nonce: 0x804
2026.10.01-20:24:55.900 error [caliper] [ethereum-connector] 	Error: Returned error: Transaction nonce is too distant from current sender nonce
2026.10.01-20:24:55.925 error [caliper] [ethereum-connector] 	Failed tx on registroDeBatches; calling method: registrarBatch; nonce: 0x805
2026.10.01-20:24:55.925 error [caliper] [ethereum-connector] 	Error: Returned error: Transaction nonce is too distant from current sender nonce
2026.10.01-20:24:55.950 error [caliper] [ethereum-connector] 	Failed tx on registroDeBatches; calling method: registrarBatch; nonce: 0x806
2026.10.01-20:24:55.950 error [caliper] [ethereum-connector] 	Error: Returned error: Transaction nonce is too distant from current sender nonce
2026.10.01-20:24:55.976 error [caliper] [ethereum-connector] 	Failed tx on registroDeBatches; calling method: registrarBatch; nonce: 0x807
2026.10.01-20:24:55.976 error [caliper] [ethereum-connector] 	Error: Returned error: Transaction nonce is too distant from current sender nonce
2026.10.01-20:24:56.001 error [caliper] [ethereum-connector] 	Failed tx on registroDeBatches; calling method: registrarBatch; nonce: 0x808
2026.10.01-20:24:56.001 error [caliper] [ethereum-connector] 	Error: Returned error: Transaction nonce is too distant from current sender nonce
2026.10.01-20:24:56.027 error [caliper] [ethereum-connector] 	Failed tx on registroDeBatches; calling method: registrarBatch; nonce: 0x809
2026.10.01-20:24:56.027 error [caliper] [ethereum-connector] 	Error: Returned error: Transaction nonce is too distant from current sender nonce
2026.10.01-20:24:56.049 error [caliper] [ethereum-connector] 	Failed tx on registroDeBatches; calling method: registrarBatch; nonce: 0x80a
2026.10.01-20:24:56.049 error [caliper] [ethereum-connector] 	Error: Returned error: Transaction nonce is too distant from current sender nonce
2026.10.01-20:24:56.073 error [caliper] [ethereum-connector] 	Failed tx on registroDeBatches; calling method: registrarBatch; nonce: 0x80b
2026.10.01-20:24:56.073 error [caliper] [ethereum-connector] 	Error: Returned error: Transaction nonce is too distant from current sender nonce
2026.10.01-20:24:56.099 error [caliper] [ethereum-connector] 	Failed tx on registroDeBatches; calling method: registrarBatch; nonce: 0x80c
2026.10.01-20:24:56.099 error [caliper] [ethereum-connector] 	Error: Returned error: Transaction nonce is too distant from current sender nonce
2026.10.01-20:24:56.124 error [caliper] [ethereum-connector] 	Failed tx on registroDeBatches; calling method: registrarBatch; nonce: 0x80d
2026.10.01-20:24:56.124 error [caliper] [ethereum-connector] 	Error: Returned error: Transaction nonce is too distant from current sender nonce
2026.10.01-20:24:56.151 error [caliper] [ethereum-connector] 	Failed tx on registroDeBatches; calling method: registrarBatch; nonce: 0x80e
2026.10.01-20:24:56.151 error [caliper] [ethereum-connector] 	Error: Returned error: Transaction nonce is too distant from current sender nonce
2026.10.01-20:24:56.176 error [caliper] [ethereum-connector] 	Failed tx on registroDeBatches; calling method: registrarBatch; nonce: 0x80f
2026.10.01-20:24:56.176 error [caliper] [ethereum-connector] 	Error: Returned error: Transaction nonce is too distant from current sender nonce
2026.10.01-20:24:56.200 error [caliper] [ethereum-connector] 	Failed tx on registroDeBatches; calling method: registrarBatch; nonce: 0x810
2026.10.01-20:24:56.200 error [caliper] [ethereum-connector] 	Error: Returned error: Transaction nonce is too distant from current sender nonce
2026.10.01-20:24:56.225 error [caliper] [ethereum-connector] 	Failed tx on registroDeBatches; calling method: registrarBatch; nonce: 0x811
2026.10.01-20:24:56.225 error [caliper] [ethereum-connector] 	Error: Returned error: Transaction nonce is too distant from current sender nonce
2026.10.01-20:24:56.250 error [caliper] [ethereum-connector] 	Failed tx on registroDeBatches; calling method: registrarBatch; nonce: 0x812
2026.10.01-20:24:56.250 error [caliper] [ethereum-connector] 	Error: Returned error: Transaction nonce is too distant from current sender nonce
2026.10.01-20:24:56.276 error [caliper] [ethereum-connector] 	Failed tx on registroDeBatches; calling method: registrarBatch; nonce: 0x813
2026.10.01-20:24:56.276 error [caliper] [ethereum-connector] 	Error: Returned error: Transaction nonce is too distant from current sender nonce
2026.10.01-20:24:56.301 error [caliper] [ethereum-connector] 	Failed tx on registroDeBatches; calling method: registrarBatch; nonce: 0x814
2026.10.01-20:24:56.301 error [caliper] [ethereum-connector] 	Error: Returned error: Transaction nonce is too distant from current sender nonce
2026.10.01-20:24:56.324 error [caliper] [ethereum-connector] 	Failed tx on registroDeBatches; calling method: registrarBatch; nonce: 0x815
2026.10.01-20:24:56.324 error [caliper] [ethereum-connector] 	Error: Returned error: Transaction nonce is too distant from current sender nonce
2026.10.01-20:24:56.349 error [caliper] [ethereum-connector] 	Failed tx on registroDeBatches; calling method: registrarBatch; nonce: 0x816
2026.10.01-20:24:56.349 error [caliper] [ethereum-connector] 	Error: Returned error: Transaction nonce is too distant from current sender nonce
2026.10.01-20:24:56.376 error [caliper] [ethereum-connector] 	Failed tx on registroDeBatches; calling method: registrarBatch; nonce: 0x817
2026.10.01-20:24:56.376 error [caliper] [ethereum-connector] 	Error: Returned error: Transaction nonce is too distant from current sender nonce
2026.10.01-20:24:56.399 error [caliper] [ethereum-connector] 	Failed tx on registroDeBatches; calling method: registrarBatch; nonce: 0x818
2026.10.01-20:24:56.399 error [caliper] [ethereum-connector] 	Error: Returned error: Transaction nonce is too distant from current sender nonce
2026.10.01-20:24:56.425 error [caliper] [ethereum-connector] 	Failed tx on registroDeBatches; calling method: registrarBatch; nonce: 0x819
2026.10.01-20:24:56.425 error [caliper] [ethereum-connector] 	Error: Returned error: Transaction nonce is too distant from current sender nonce
2026.10.01-20:24:56.451 error [caliper] [ethereum-connector] 	Failed tx on registroDeBatches; calling method: registrarBatch; nonce: 0x81a
2026.10.01-20:24:56.451 error [caliper] [ethereum-connector] 	Error: Returned error: Transaction nonce is too distant from current sender nonce
2026.10.01-20:24:56.475 error [caliper] [ethereum-connector] 	Failed tx on registroDeBatches; calling method: registrarBatch; nonce: 0x81b
2026.10.01-20:24:56.475 error [caliper] [ethereum-connector] 	Error: Returned error: Transaction nonce is too distant from current sender nonce
2026.10.01-20:24:56.501 error [caliper] [ethereum-connector] 	Failed tx on registroDeBatches; calling method: registrarBatch; nonce: 0x81c
2026.10.01-20:24:56.501 error [caliper] [ethereum-connector] 	Error: Returned error: Transaction nonce is too distant from current sender nonce
2026.10.01-20:24:56.525 error [caliper] [ethereum-connector] 	Failed tx on registroDeBatches; calling method: registrarBatch; nonce: 0x81d
2026.10.01-20:24:56.525 error [caliper] [ethereum-connector] 	Error: Returned error: Transaction nonce is too distant from current sender nonce
2026.10.01-20:24:56.550 error [caliper] [ethereum-connector] 	Failed tx on registroDeBatches; calling method: registrarBatch; nonce: 0x81e
2026.10.01-20:24:56.550 error [caliper] [ethereum-connector] 	Error: Returned error: Transaction nonce is too distant from current sender nonce
2026.10.01-20:24:56.575 error [caliper] [ethereum-connector] 	Failed tx on registroDeBatches; calling method: registrarBatch; nonce: 0x81f
2026.10.01-20:24:56.575 error [caliper] [ethereum-connector] 	Error: Returned error: Transaction nonce is too distant from current sender nonce
2026.10.01-20:24:56.600 error [caliper] [ethereum-connector] 	Failed tx on registroDeBatches; calling method: registrarBatch; nonce: 0x820
2026.10.01-20:24:56.600 error [caliper] [ethereum-connector] 	Error: Returned error: Transaction nonce is too distant from current sender nonce
2026.10.01-20:24:56.625 error [caliper] [ethereum-connector] 	Failed tx on registroDeBatches; calling method: registrarBatch; nonce: 0x821
2026.10.01-20:24:56.625 error [caliper] [ethereum-connector] 	Error: Returned error: Transaction nonce is too distant from current sender nonce
2026.10.01-20:24:56.650 error [caliper] [ethereum-connector] 	Failed tx on registroDeBatches; calling method: registrarBatch; nonce: 0x822
2026.10.01-20:24:56.650 error [caliper] [ethereum-connector] 	Error: Returned error: Transaction nonce is too distant from current sender nonce
2026.10.01-20:24:56.676 error [caliper] [ethereum-connector] 	Failed tx on registroDeBatches; calling method: registrarBatch; nonce: 0x823
2026.10.01-20:24:56.676 error [caliper] [ethereum-connector] 	Error: Returned error: Transaction nonce is too distant from current sender nonce
2026.10.01-20:24:56.701 error [caliper] [ethereum-connector] 	Failed tx on registroDeBatches; calling method: registrarBatch; nonce: 0x824
2026.10.01-20:24:56.701 error [caliper] [ethereum-connector] 	Error: Returned error: Transaction nonce is too distant from current sender nonce
2026.10.01-20:24:56.725 error [caliper] [ethereum-connector] 	Failed tx on registroDeBatches; calling method: registrarBatch; nonce: 0x825
2026.10.01-20:24:56.725 error [caliper] [ethereum-connector] 	Error: Returned error: Transaction nonce is too distant from current sender nonce
2026.10.01-20:24:56.751 error [caliper] [ethereum-connector] 	Failed tx on registroDeBatches; calling method: registrarBatch; nonce: 0x826
2026.10.01-20:24:56.751 error [caliper] [ethereum-connector] 	Error: Returned error: Transaction nonce is too distant from current sender nonce
2026.10.01-20:24:56.776 error [caliper] [ethereum-connector] 	Failed tx on registroDeBatches; calling method: registrarBatch; nonce: 0x827
2026.10.01-20:24:56.776 error [caliper] [ethereum-connector] 	Error: Returned error: Transaction nonce is too distant from current sender nonce
2026.10.01-20:24:56.800 error [caliper] [ethereum-connector] 	Failed tx on registroDeBatches; calling method: registrarBatch; nonce: 0x828
2026.10.01-20:24:56.800 error [caliper] [ethereum-connector] 	Error: Returned error: Transaction nonce is too distant from current sender nonce
2026.10.01-20:24:56.825 error [caliper] [ethereum-connector] 	Failed tx on registroDeBatches; calling method: registrarBatch; nonce: 0x829
2026.10.01-20:24:56.825 error [caliper] [ethereum-connector] 	Error: Returned error: Transaction nonce is too distant from current sender nonce
2026.10.01-20:24:56.850 error [caliper] [ethereum-connector] 	Failed tx on registroDeBatches; calling method: registrarBatch; nonce: 0x82a
2026.10.01-20:24:56.850 error [caliper] [ethereum-connector] 	Error: Returned error: Transaction nonce is too distant from current sender nonce
2026.10.01-20:24:56.875 error [caliper] [ethereum-connector] 	Failed tx on registroDeBatches; calling method: registrarBatch; nonce: 0x82b
2026.10.01-20:24:56.875 error [caliper] [ethereum-connector] 	Error: Returned error: Transaction nonce is too distant from current sender nonce
2026.10.01-20:24:56.899 error [caliper] [ethereum-connector] 	Failed tx on registroDeBatches; calling method: registrarBatch; nonce: 0x82c
2026.10.01-20:24:56.899 error [caliper] [ethereum-connector] 	Error: Returned error: Transaction nonce is too distant from current sender nonce
2026.10.01-20:24:56.926 error [caliper] [ethereum-connector] 	Failed tx on registroDeBatches; calling method: registrarBatch; nonce: 0x82d
2026.10.01-20:24:56.926 error [caliper] [ethereum-connector] 	Error: Returned error: Transaction nonce is too distant from current sender nonce
2026.10.01-20:24:56.951 error [caliper] [ethereum-connector] 	Failed tx on registroDeBatches; calling method: registrarBatch; nonce: 0x82e
2026.10.01-20:24:56.951 error [caliper] [ethereum-connector] 	Error: Returned error: Transaction nonce is too distant from current sender nonce
2026.10.01-20:24:56.975 error [caliper] [ethereum-connector] 	Failed tx on registroDeBatches; calling method: registrarBatch; nonce: 0x82f
2026.10.01-20:24:56.975 error [caliper] [ethereum-connector] 	Error: Returned error: Transaction nonce is too distant from current sender nonce
2026.10.01-20:24:57.000 error [caliper] [ethereum-connector] 	Failed tx on registroDeBatches; calling method: registrarBatch; nonce: 0x830
2026.10.01-20:24:57.000 error [caliper] [ethereum-connector] 	Error: Returned error: Transaction nonce is too distant from current sender nonce
2026.10.01-20:24:57.025 error [caliper] [ethereum-connector] 	Failed tx on registroDeBatches; calling method: registrarBatch; nonce: 0x831
2026.10.01-20:24:57.025 error [caliper] [ethereum-connector] 	Error: Returned error: Transaction nonce is too distant from current sender nonce
2026.10.01-20:24:57.049 error [caliper] [ethereum-connector] 	Failed tx on registroDeBatches; calling method: registrarBatch; nonce: 0x832
2026.10.01-20:24:57.049 error [caliper] [ethereum-connector] 	Error: Returned error: Transaction nonce is too distant from current sender nonce
2026.10.01-20:24:57.074 error [caliper] [ethereum-connector] 	Failed tx on registroDeBatches; calling method: registrarBatch; nonce: 0x833
2026.10.01-20:24:57.074 error [caliper] [ethereum-connector] 	Error: Returned error: Transaction nonce is too distant from current sender nonce
2026.10.01-20:24:57.099 error [caliper] [ethereum-connector] 	Failed tx on registroDeBatches; calling method: registrarBatch; nonce: 0x834
2026.10.01-20:24:57.099 error [caliper] [ethereum-connector] 	Error: Returned error: Transaction nonce is too distant from current sender nonce
2026.10.01-20:24:57.125 error [caliper] [ethereum-connector] 	Failed tx on registroDeBatches; calling method: registrarBatch; nonce: 0x835
2026.10.01-20:24:57.125 error [caliper] [ethereum-connector] 	Error: Returned error: Transaction nonce is too distant from current sender nonce
2026.10.01-20:24:57.151 error [caliper] [ethereum-connector] 	Failed tx on registroDeBatches; calling method: registrarBatch; nonce: 0x836
2026.10.01-20:24:57.151 error [caliper] [ethereum-connector] 	Error: Returned error: Transaction nonce is too distant from current sender nonce
2026.10.01-20:24:57.170 info  [caliper] [default-observer] 	[tps-40 Round 2 Transaction Info] - Submitted: 1161 Succ: 328 Fail:832 Unfinished:1
2026.10.01-20:24:57.176 error [caliper] [ethereum-connector] 	Failed tx on registroDeBatches; calling method: registrarBatch; nonce: 0x837
2026.10.01-20:24:57.176 error [caliper] [ethereum-connector] 	Error: Returned error: Transaction nonce is too distant from current sender nonce
2026.10.01-20:25:02.171 info  [caliper] [default-observer] 	[tps-40 Round 2 Transaction Info] - Submitted: 1201 Succ: 328 Fail:872 Unfinished:1
2026.10.01-20:25:07.172 info  [caliper] [default-observer] 	[tps-40 Round 2 Transaction Info] - Submitted: 1201 Succ: 328 Fail:872 Unfinished:1
2026.10.01-20:25:12.173 info  [caliper] [default-observer] 	[tps-40 Round 2 Transaction Info] - Submitted: 1201 Succ: 328 Fail:872 Unfinished:1
2026.10.01-20:25:17.173 info  [caliper] [default-observer] 	[tps-40 Round 2 Transaction Info] - Submitted: 1201 Succ: 328 Fail:872 Unfinished:1
2026.10.01-20:25:22.174 info  [caliper] [default-observer] 	[tps-40 Round 2 Transaction Info] - Submitted: 1201 Succ: 328 Fail:872 Unfinished:1
2026.10.01-20:25:27.174 info  [caliper] [default-observer] 	[tps-40 Round 2 Transaction Info] - Submitted: 1201 Succ: 328 Fail:872 Unfinished:1
2026.10.01-20:25:32.175 info  [caliper] [default-observer] 	[tps-40 Round 2 Transaction Info] - Submitted: 1201 Succ: 328 Fail:872 Unfinished:1
2026.10.01-20:25:37.176 info  [caliper] [default-observer] 	[tps-40 Round 2 Transaction Info] - Submitted: 1201 Succ: 328 Fail:872 Unfinished:1
2026.10.01-20:25:42.177 info  [caliper] [default-observer] 	[tps-40 Round 2 Transaction Info] - Submitted: 1201 Succ: 328 Fail:872 Unfinished:1
2026.10.01-20:25:47.178 info  [caliper] [default-observer] 	[tps-40 Round 2 Transaction Info] - Submitted: 1201 Succ: 328 Fail:872 Unfinished:1
2026.10.01-20:25:52.179 info  [caliper] [default-observer] 	[tps-40 Round 2 Transaction Info] - Submitted: 1201 Succ: 328 Fail:872 Unfinished:1
2026.10.01-20:25:57.180 info  [caliper] [default-observer] 	[tps-40 Round 2 Transaction Info] - Submitted: 1201 Succ: 328 Fail:872 Unfinished:1
2026.10.01-20:26:02.181 info  [caliper] [default-observer] 	[tps-40 Round 2 Transaction Info] - Submitted: 1201 Succ: 328 Fail:872 Unfinished:1
2026.10.01-20:26:07.181 info  [caliper] [default-observer] 	[tps-40 Round 2 Transaction Info] - Submitted: 1201 Succ: 328 Fail:872 Unfinished:1
2026.10.01-20:26:12.183 info  [caliper] [default-observer] 	[tps-40 Round 2 Transaction Info] - Submitted: 1201 Succ: 328 Fail:872 Unfinished:1
2026.10.01-20:26:17.183 info  [caliper] [default-observer] 	[tps-40 Round 2 Transaction Info] - Submitted: 1201 Succ: 328 Fail:872 Unfinished:1
2026.10.01-20:26:18.026 error [caliper] [ethereum-connector] 	Failed tx on registroDeBatches; calling method: registrarBatch; nonce: 0x4ee
2026.10.01-20:26:18.026 error [caliper] [ethereum-connector] 	Error: Transaction was not mined within 50 blocks, please make sure your transaction was properly sent. Be aware that it might still be mined!
2026.10.01-20:26:19.049 info  [caliper] [worker-message-handler] 	Worker#0 finished Round#2
2026.10.01-20:26:24.050 info  [caliper] [default-observer] 	Resetting txCount indicator count
2026.10.01-20:26:24.050 info  [caliper] [report-builder] 	### Test result ###
2026.10.01-20:26:24.050 info  [caliper] [report-builder] 	
+--------+------+------+-----------------+-----------------+-----------------+-----------------+------------------+
| Name   | Succ | Fail | Send Rate (TPS) | Max Latency (s) | Min Latency (s) | Avg Latency (s) | Throughput (TPS) |
|--------|------|------|-----------------|-----------------|-----------------|-----------------|------------------|
| tps-40 | 328  | 873  | 40.0            | 12.90           | 0.38            | 6.19            | 10.8             |
+--------+------+------+-----------------+-----------------+-----------------+-----------------+------------------+

2026.10.01-20:26:24.051 info  [caliper] [round-orchestrator] 	Finished round 3 (tps-40) in 110.876 seconds
2026.10.01-20:26:24.051 info  [caliper] [monitor.js] 	Stopping all monitors
2026.10.01-20:26:24.051 info  [caliper] [report-builder] 	### All test results ###
2026.10.01-20:26:24.051 info  [caliper] [report-builder] 	
+--------+------+------+-----------------+-----------------+-----------------+-----------------+------------------+
| Name   | Succ | Fail | Send Rate (TPS) | Max Latency (s) | Min Latency (s) | Avg Latency (s) | Throughput (TPS) |
|--------|------|------|-----------------|-----------------|-----------------|-----------------|------------------|
| tps-10 | 301  | 0    | 10.0            | 8.81            | 0.24            | 3.39            | 9.5              |
|--------|------|------|-----------------|-----------------|-----------------|-----------------|------------------|
| tps-20 | 601  | 0    | 20.0            | 9.36            | 0.23            | 4.85            | 15.4             |
|--------|------|------|-----------------|-----------------|-----------------|-----------------|------------------|
| tps-40 | 328  | 873  | 40.0            | 12.90           | 0.38            | 6.19            | 10.8             |
+--------+------+------+-----------------+-----------------+-----------------+-----------------+------------------+

2026.10.01-20:26:24.055 info  [caliper] [report-builder] 	Generated report with path /Users/manubjb/Desktop/QBFT-network-docker/caliper-workspace/resultados/A-txpool-padrao/rep2/report.html
2026.10.01-20:26:24.055 info  [caliper] [monitor.js] 	Stopping all monitors
2026.10.01-20:26:24.055 info  [caliper] [worker-orchestrator] 	Sending exit message to connected workers
2026.10.01-20:26:24.055 info  [caliper] [round-orchestrator] 	Benchmark finished in 209.576 seconds. Total rounds: 3. Successful rounds: 3. Failed rounds: 0.
2026.10.01-20:26:24.055 info  [caliper] [caliper-engine] 	Network configuration attribute "caliper.command.end" is not present, skipping end command
2026.10.01-20:26:24.055 info  [caliper] [cli-launch-manager] 	Benchmark successfully finished!
2026.10.01-20:26:24.055 info  [caliper] [worker-message-handler] 	Worker#0 is exiting
