2026.10.01-20:48:40.806 info  [caliper] [cli-launch-manager] 	Set workspace path: /Users/manubjb/Desktop/QBFT-network-docker/caliper-workspace
2026.10.01-20:48:40.807 info  [caliper] [cli-launch-manager] 	Set benchmark configuration path: /Users/manubjb/Desktop/QBFT-network-docker/caliper-workspace/benchmarks/config.yaml
2026.10.01-20:48:40.807 info  [caliper] [cli-launch-manager] 	Set network configuration path: /Users/manubjb/Desktop/QBFT-network-docker/caliper-workspace/networks/besuDocker.json
2026.10.01-20:48:40.807 info  [caliper] [cli-launch-manager] 	Set SUT type: ethereum
2026.10.01-20:48:41.195 info  [caliper] [benchmark-validator] 	No observer specified, will default to `none`
2026.10.01-20:48:41.196 info  [caliper] [caliper-engine] 	Starting benchmark flow
2026.10.01-20:48:41.196 info  [caliper] [caliper-engine] 	Network configuration attribute "caliper.command.start" is not present, skipping start command
2026.10.01-20:48:41.281 info  [caliper] [caliper-engine] 	Executed "init" step in 0.042 seconds
2026.10.01-20:48:41.281 info  [caliper] [ethereum-connector] 	Creating contracts...
2026.10.01-20:48:42.827 info  [caliper] [ethereum-connector] 	Deployed contract undefined at 0x8CdaF0CD259887258Bc13a92C0a6dA92698644C0
2026.10.01-20:48:42.828 info  [caliper] [caliper-engine] 	Executed "install" step in 1.547 seconds
2026.10.01-20:48:42.832 info  [caliper] [monitor.js] 	No resource monitors specified
2026.10.01-20:48:42.834 info  [caliper] [default-observer] 	Observer interval set to 5000 milliseconds
2026.10.01-20:48:42.837 info  [caliper] [round-orchestrator] 	Preparing worker connections
2026.10.01-20:48:42.838 info  [caliper] [worker-orchestrator] 	Launching worker 1 of 1
2026.10.01-20:48:42.844 info  [caliper] [worker-orchestrator] 	Messenger not configured, entering configure phase...
2026.10.01-20:48:42.845 info  [caliper] [worker-orchestrator] 	No existing workers detected, entering worker launch phase...
2026.10.01-20:48:42.846 info  [caliper] [worker-orchestrator] 	Waiting for 1 workers to be connected...
2026.10.01-20:48:43.090 info  [caliper] [cli-launch-worker] 	Set workspace path: /Users/manubjb/Desktop/QBFT-network-docker/caliper-workspace
2026.10.01-20:48:43.091 info  [caliper] [cli-launch-worker] 	Set benchmark configuration path: /Users/manubjb/Desktop/QBFT-network-docker/caliper-workspace/benchmarks/config.yaml
2026.10.01-20:48:43.091 info  [caliper] [cli-launch-worker] 	Set network configuration path: /Users/manubjb/Desktop/QBFT-network-docker/caliper-workspace/networks/besuDocker.json
2026.10.01-20:48:43.091 info  [caliper] [cli-launch-worker] 	Set SUT type: ethereum
2026.10.01-20:48:43.365 info  [caliper] [worker-orchestrator] 	1 workers connected, progressing to worker assignment phase.
2026.10.01-20:48:43.365 info  [caliper] [worker-orchestrator] 	Workers currently unassigned, awaiting index assignment...
2026.10.01-20:48:43.365 info  [caliper] [worker-orchestrator] 	Waiting for 1 workers to be assigned...
2026.10.01-20:48:43.394 info  [caliper] [worker-orchestrator] 	1 workers assigned, progressing to worker initialization phase.
2026.10.01-20:48:43.394 info  [caliper] [worker-orchestrator] 	Waiting for 1 workers to be ready...
2026.10.01-20:48:43.394 info  [caliper] [worker-message-handler] 	Initializing Worker#0...
2026.10.01-20:48:43.407 info  [caliper] [worker-message-handler] 	Worker#0 initialized
2026.10.01-20:48:43.407 info  [caliper] [worker-orchestrator] 	1 workers ready, progressing to test preparation phase.
2026.10.01-20:48:43.407 info  [caliper] [round-orchestrator] 	Started round 1 (tps-10)
2026.10.01-20:48:43.408 info  [caliper] [worker-message-handler] 	Preparing Worker#0 for Round#0
2026.10.01-20:48:43.443 info  [caliper] [caliper-worker] 	Info: worker 0 prepare test phase for round 0 is starting...
2026.10.01-20:48:43.445 info  [caliper] [caliper-worker] 	Info: worker 0 prepare test phase for round 0 is completed
2026.10.01-20:48:43.445 info  [caliper] [worker-message-handler] 	Worker#0 prepared for Round#0
2026.10.01-20:48:43.446 info  [caliper] [worker-orchestrator] 	1 workers prepared, progressing to test phase.
2026.10.01-20:48:43.446 info  [caliper] [round-orchestrator] 	Monitors successfully started
2026.10.01-20:48:43.446 info  [caliper] [worker-message-handler] 	Worker#0 is starting Round#0
2026.10.01-20:48:43.463 info  [caliper] [caliper-worker] 	Worker #0 starting workload loop
2026.10.01-20:48:48.457 info  [caliper] [default-observer] 	[tps-10 Round 0 Transaction Info] - Submitted: 41 Succ: 21 Fail:0 Unfinished:20
2026.10.01-20:48:53.447 info  [caliper] [default-observer] 	[tps-10 Round 0 Transaction Info] - Submitted: 91 Succ: 66 Fail:0 Unfinished:25
2026.10.01-20:48:58.447 info  [caliper] [default-observer] 	[tps-10 Round 0 Transaction Info] - Submitted: 141 Succ: 114 Fail:0 Unfinished:27
2026.10.01-20:49:03.449 info  [caliper] [default-observer] 	[tps-10 Round 0 Transaction Info] - Submitted: 191 Succ: 175 Fail:0 Unfinished:16
2026.10.01-20:49:08.450 info  [caliper] [default-observer] 	[tps-10 Round 0 Transaction Info] - Submitted: 241 Succ: 236 Fail:0 Unfinished:5
2026.10.01-20:49:13.449 info  [caliper] [default-observer] 	[tps-10 Round 0 Transaction Info] - Submitted: 291 Succ: 276 Fail:0 Unfinished:15
2026.10.01-20:49:16.080 info  [caliper] [worker-message-handler] 	Worker#0 finished Round#0
2026.10.01-20:49:21.082 info  [caliper] [default-observer] 	Resetting txCount indicator count
2026.10.01-20:49:21.083 info  [caliper] [report-builder] 	### Test result ###
2026.10.01-20:49:21.085 info  [caliper] [report-builder] 	
+--------+------+------+-----------------+-----------------+-----------------+-----------------+------------------+
| Name   | Succ | Fail | Send Rate (TPS) | Max Latency (s) | Min Latency (s) | Avg Latency (s) | Throughput (TPS) |
|--------|------|------|-----------------|-----------------|-----------------|-----------------|------------------|
| tps-10 | 301  | 0    | 10.0            | 5.29            | 0.19            | 1.71            | 9.5              |
+--------+------+------+-----------------+-----------------+-----------------+-----------------+------------------+

2026.10.01-20:49:21.085 info  [caliper] [round-orchestrator] 	Finished round 1 (tps-10) in 31.618 seconds
2026.10.01-20:49:21.085 info  [caliper] [monitor.js] 	Stopping all monitors
2026.10.01-20:49:21.085 info  [caliper] [round-orchestrator] 	Waiting 5 seconds for the next round...
2026.10.01-20:49:26.086 info  [caliper] [round-orchestrator] 	Started round 2 (tps-20)
2026.10.01-20:49:26.088 info  [caliper] [worker-message-handler] 	Preparing Worker#0 for Round#1
2026.10.01-20:49:26.106 info  [caliper] [caliper-worker] 	Info: worker 0 prepare test phase for round 1 is starting...
2026.10.01-20:49:26.107 info  [caliper] [caliper-worker] 	Info: worker 0 prepare test phase for round 1 is completed
2026.10.01-20:49:26.107 info  [caliper] [worker-message-handler] 	Worker#0 prepared for Round#1
2026.10.01-20:49:26.107 info  [caliper] [worker-orchestrator] 	1 workers prepared, progressing to test phase.
2026.10.01-20:49:26.107 info  [caliper] [round-orchestrator] 	Monitors successfully started
2026.10.01-20:49:26.108 info  [caliper] [worker-message-handler] 	Worker#0 is starting Round#1
2026.10.01-20:49:26.113 info  [caliper] [caliper-worker] 	Worker #0 starting workload loop
2026.10.01-20:49:31.108 info  [caliper] [default-observer] 	[tps-20 Round 1 Transaction Info] - Submitted: 80 Succ: 50 Fail:0 Unfinished:30
2026.10.01-20:49:36.110 info  [caliper] [default-observer] 	[tps-20 Round 1 Transaction Info] - Submitted: 181 Succ: 114 Fail:0 Unfinished:67
2026.10.01-20:49:41.111 info  [caliper] [default-observer] 	[tps-20 Round 1 Transaction Info] - Submitted: 281 Succ: 210 Fail:0 Unfinished:71
2026.10.01-20:49:46.111 info  [caliper] [default-observer] 	[tps-20 Round 1 Transaction Info] - Submitted: 381 Succ: 274 Fail:0 Unfinished:107
2026.10.01-20:49:51.112 info  [caliper] [default-observer] 	[tps-20 Round 1 Transaction Info] - Submitted: 481 Succ: 370 Fail:0 Unfinished:111
2026.10.01-20:49:56.113 info  [caliper] [default-observer] 	[tps-20 Round 1 Transaction Info] - Submitted: 581 Succ: 450 Fail:0 Unfinished:131
2026.10.01-20:50:01.114 info  [caliper] [default-observer] 	[tps-20 Round 1 Transaction Info] - Submitted: 601 Succ: 530 Fail:0 Unfinished:71
2026.10.01-20:50:06.099 info  [caliper] [worker-message-handler] 	Worker#0 finished Round#1
2026.10.01-20:50:11.101 info  [caliper] [default-observer] 	Resetting txCount indicator count
2026.10.01-20:50:11.102 info  [caliper] [report-builder] 	### Test result ###
2026.10.01-20:50:11.102 info  [caliper] [report-builder] 	
+--------+------+------+-----------------+-----------------+-----------------+-----------------+------------------+
| Name   | Succ | Fail | Send Rate (TPS) | Max Latency (s) | Min Latency (s) | Avg Latency (s) | Throughput (TPS) |
|--------|------|------|-----------------|-----------------|-----------------|-----------------|------------------|
| tps-20 | 601  | 0    | 20.0            | 9.27            | 0.18            | 4.70            | 15.4             |
+--------+------+------+-----------------+-----------------+-----------------+-----------------+------------------+

2026.10.01-20:50:11.103 info  [caliper] [round-orchestrator] 	Finished round 2 (tps-20) in 38.984 seconds
2026.10.01-20:50:11.103 info  [caliper] [monitor.js] 	Stopping all monitors
2026.10.01-20:50:11.103 info  [caliper] [round-orchestrator] 	Waiting 5 seconds for the next round...
2026.10.01-20:50:16.103 info  [caliper] [round-orchestrator] 	Started round 3 (tps-40)
2026.10.01-20:50:16.105 info  [caliper] [worker-message-handler] 	Preparing Worker#0 for Round#2
2026.10.01-20:50:16.117 info  [caliper] [caliper-worker] 	Info: worker 0 prepare test phase for round 2 is starting...
2026.10.01-20:50:16.118 info  [caliper] [caliper-worker] 	Info: worker 0 prepare test phase for round 2 is completed
2026.10.01-20:50:16.118 info  [caliper] [worker-message-handler] 	Worker#0 prepared for Round#2
2026.10.01-20:50:16.118 info  [caliper] [worker-orchestrator] 	1 workers prepared, progressing to test phase.
2026.10.01-20:50:16.119 info  [caliper] [round-orchestrator] 	Monitors successfully started
2026.10.01-20:50:16.119 info  [caliper] [worker-message-handler] 	Worker#0 is starting Round#2
2026.10.01-20:50:16.123 info  [caliper] [caliper-worker] 	Worker #0 starting workload loop
2026.10.01-20:50:21.120 info  [caliper] [default-observer] 	[tps-40 Round 2 Transaction Info] - Submitted: 161 Succ: 64 Fail:0 Unfinished:97
2026.10.01-20:50:24.345 error [caliper] [ethereum-connector] 	Failed tx on registroDeBatches; calling method: registrarBatch; nonce: 0x4cf
2026.10.01-20:50:24.345 error [caliper] [ethereum-connector] 	Error: Returned error: Transaction nonce is too distant from current sender nonce
2026.10.01-20:50:24.405 error [caliper] [ethereum-connector] 	Failed tx on registroDeBatches; calling method: registrarBatch; nonce: 0x4d0
2026.10.01-20:50:24.405 error [caliper] [ethereum-connector] 	Error: Returned error: Transaction nonce is too distant from current sender nonce
2026.10.01-20:50:24.408 error [caliper] [ethereum-connector] 	Failed tx on registroDeBatches; calling method: registrarBatch; nonce: 0x4d1
2026.10.01-20:50:24.408 error [caliper] [ethereum-connector] 	Error: Returned error: Transaction nonce is too distant from current sender nonce
2026.10.01-20:50:24.412 error [caliper] [ethereum-connector] 	Failed tx on registroDeBatches; calling method: registrarBatch; nonce: 0x4d2
2026.10.01-20:50:24.413 error [caliper] [ethereum-connector] 	Error: Returned error: Transaction nonce is too distant from current sender nonce
2026.10.01-20:50:24.429 error [caliper] [ethereum-connector] 	Failed tx on registroDeBatches; calling method: registrarBatch; nonce: 0x4d3
2026.10.01-20:50:24.429 error [caliper] [ethereum-connector] 	Error: Returned error: Transaction nonce is too distant from current sender nonce
2026.10.01-20:50:24.455 error [caliper] [ethereum-connector] 	Failed tx on registroDeBatches; calling method: registrarBatch; nonce: 0x4d4
2026.10.01-20:50:24.455 error [caliper] [ethereum-connector] 	Error: Returned error: Transaction nonce is too distant from current sender nonce
2026.10.01-20:50:24.479 error [caliper] [ethereum-connector] 	Failed tx on registroDeBatches; calling method: registrarBatch; nonce: 0x4d5
2026.10.01-20:50:24.479 error [caliper] [ethereum-connector] 	Error: Returned error: Transaction nonce is too distant from current sender nonce
2026.10.01-20:50:24.504 error [caliper] [ethereum-connector] 	Failed tx on registroDeBatches; calling method: registrarBatch; nonce: 0x4d6
2026.10.01-20:50:24.504 error [caliper] [ethereum-connector] 	Error: Returned error: Transaction nonce is too distant from current sender nonce
2026.10.01-20:50:24.528 error [caliper] [ethereum-connector] 	Failed tx on registroDeBatches; calling method: registrarBatch; nonce: 0x4d7
2026.10.01-20:50:24.529 error [caliper] [ethereum-connector] 	Error: Returned error: Transaction nonce is too distant from current sender nonce
2026.10.01-20:50:24.555 error [caliper] [ethereum-connector] 	Failed tx on registroDeBatches; calling method: registrarBatch; nonce: 0x4d8
2026.10.01-20:50:24.555 error [caliper] [ethereum-connector] 	Error: Returned error: Transaction nonce is too distant from current sender nonce
2026.10.01-20:50:24.580 error [caliper] [ethereum-connector] 	Failed tx on registroDeBatches; calling method: registrarBatch; nonce: 0x4d9
2026.10.01-20:50:24.580 error [caliper] [ethereum-connector] 	Error: Returned error: Transaction nonce is too distant from current sender nonce
2026.10.01-20:50:24.603 error [caliper] [ethereum-connector] 	Failed tx on registroDeBatches; calling method: registrarBatch; nonce: 0x4da
2026.10.01-20:50:24.603 error [caliper] [ethereum-connector] 	Error: Returned error: Transaction nonce is too distant from current sender nonce
2026.10.01-20:50:24.628 error [caliper] [ethereum-connector] 	Failed tx on registroDeBatches; calling method: registrarBatch; nonce: 0x4db
2026.10.01-20:50:24.628 error [caliper] [ethereum-connector] 	Error: Returned error: Transaction nonce is too distant from current sender nonce
2026.10.01-20:50:24.653 error [caliper] [ethereum-connector] 	Failed tx on registroDeBatches; calling method: registrarBatch; nonce: 0x4dc
2026.10.01-20:50:24.653 error [caliper] [ethereum-connector] 	Error: Returned error: Transaction nonce is too distant from current sender nonce
2026.10.01-20:50:24.681 error [caliper] [ethereum-connector] 	Failed tx on registroDeBatches; calling method: registrarBatch; nonce: 0x4dd
2026.10.01-20:50:24.681 error [caliper] [ethereum-connector] 	Error: Returned error: Transaction nonce is too distant from current sender nonce
2026.10.01-20:50:24.704 error [caliper] [ethereum-connector] 	Failed tx on registroDeBatches; calling method: registrarBatch; nonce: 0x4de
2026.10.01-20:50:24.704 error [caliper] [ethereum-connector] 	Error: Returned error: Transaction nonce is too distant from current sender nonce
2026.10.01-20:50:24.729 error [caliper] [ethereum-connector] 	Failed tx on registroDeBatches; calling method: registrarBatch; nonce: 0x4df
2026.10.01-20:50:24.729 error [caliper] [ethereum-connector] 	Error: Returned error: Transaction nonce is too distant from current sender nonce
2026.10.01-20:50:24.753 error [caliper] [ethereum-connector] 	Failed tx on registroDeBatches; calling method: registrarBatch; nonce: 0x4e0
2026.10.01-20:50:24.753 error [caliper] [ethereum-connector] 	Error: Returned error: Transaction nonce is too distant from current sender nonce
2026.10.01-20:50:24.778 error [caliper] [ethereum-connector] 	Failed tx on registroDeBatches; calling method: registrarBatch; nonce: 0x4e1
2026.10.01-20:50:24.778 error [caliper] [ethereum-connector] 	Error: Returned error: Transaction nonce is too distant from current sender nonce
2026.10.01-20:50:24.804 error [caliper] [ethereum-connector] 	Failed tx on registroDeBatches; calling method: registrarBatch; nonce: 0x4e2
2026.10.01-20:50:24.804 error [caliper] [ethereum-connector] 	Error: Returned error: Transaction nonce is too distant from current sender nonce
2026.10.01-20:50:24.829 error [caliper] [ethereum-connector] 	Failed tx on registroDeBatches; calling method: registrarBatch; nonce: 0x4e3
2026.10.01-20:50:24.829 error [caliper] [ethereum-connector] 	Error: Returned error: Transaction nonce is too distant from current sender nonce
2026.10.01-20:50:24.854 error [caliper] [ethereum-connector] 	Failed tx on registroDeBatches; calling method: registrarBatch; nonce: 0x4e4
2026.10.01-20:50:24.854 error [caliper] [ethereum-connector] 	Error: Returned error: Transaction nonce is too distant from current sender nonce
2026.10.01-20:50:24.878 error [caliper] [ethereum-connector] 	Failed tx on registroDeBatches; calling method: registrarBatch; nonce: 0x4e5
2026.10.01-20:50:24.878 error [caliper] [ethereum-connector] 	Error: Returned error: Transaction nonce is too distant from current sender nonce
2026.10.01-20:50:24.903 error [caliper] [ethereum-connector] 	Failed tx on registroDeBatches; calling method: registrarBatch; nonce: 0x4e6
2026.10.01-20:50:24.903 error [caliper] [ethereum-connector] 	Error: Returned error: Transaction nonce is too distant from current sender nonce
2026.10.01-20:50:24.928 error [caliper] [ethereum-connector] 	Failed tx on registroDeBatches; calling method: registrarBatch; nonce: 0x4e7
2026.10.01-20:50:24.928 error [caliper] [ethereum-connector] 	Error: Returned error: Transaction nonce is too distant from current sender nonce
2026.10.01-20:50:24.954 error [caliper] [ethereum-connector] 	Failed tx on registroDeBatches; calling method: registrarBatch; nonce: 0x4e8
2026.10.01-20:50:24.954 error [caliper] [ethereum-connector] 	Error: Returned error: Transaction nonce is too distant from current sender nonce
2026.10.01-20:50:24.978 error [caliper] [ethereum-connector] 	Failed tx on registroDeBatches; calling method: registrarBatch; nonce: 0x4e9
2026.10.01-20:50:24.978 error [caliper] [ethereum-connector] 	Error: Returned error: Transaction nonce is too distant from current sender nonce
2026.10.01-20:50:25.003 error [caliper] [ethereum-connector] 	Failed tx on registroDeBatches; calling method: registrarBatch; nonce: 0x4ea
2026.10.01-20:50:25.003 error [caliper] [ethereum-connector] 	Error: Returned error: Transaction nonce is too distant from current sender nonce
2026.10.01-20:50:25.034 error [caliper] [ethereum-connector] 	Failed tx on registroDeBatches; calling method: registrarBatch; nonce: 0x4eb
2026.10.01-20:50:25.034 error [caliper] [ethereum-connector] 	Error: Returned error: Transaction nonce is too distant from current sender nonce
2026.10.01-20:50:25.055 error [caliper] [ethereum-connector] 	Failed tx on registroDeBatches; calling method: registrarBatch; nonce: 0x4ec
2026.10.01-20:50:25.055 error [caliper] [ethereum-connector] 	Error: Returned error: Transaction nonce is too distant from current sender nonce
2026.10.01-20:50:25.093 error [caliper] [ethereum-connector] 	Failed tx on registroDeBatches; calling method: registrarBatch; nonce: 0x4ed
2026.10.01-20:50:25.093 error [caliper] [ethereum-connector] 	Error: Returned error: Transaction nonce is too distant from current sender nonce
2026.10.01-20:50:25.105 error [caliper] [ethereum-connector] 	Failed tx on registroDeBatches; calling method: registrarBatch; nonce: 0x4ee
2026.10.01-20:50:25.105 error [caliper] [ethereum-connector] 	Error: Returned error: Transaction nonce is too distant from current sender nonce
2026.10.01-20:50:25.134 error [caliper] [ethereum-connector] 	Failed tx on registroDeBatches; calling method: registrarBatch; nonce: 0x4ef
2026.10.01-20:50:25.134 error [caliper] [ethereum-connector] 	Error: Returned error: Transaction nonce is too distant from current sender nonce
2026.10.01-20:50:25.154 error [caliper] [ethereum-connector] 	Failed tx on registroDeBatches; calling method: registrarBatch; nonce: 0x4f0
2026.10.01-20:50:25.154 error [caliper] [ethereum-connector] 	Error: Returned error: Transaction nonce is too distant from current sender nonce
2026.10.01-20:50:25.183 error [caliper] [ethereum-connector] 	Failed tx on registroDeBatches; calling method: registrarBatch; nonce: 0x4f1
2026.10.01-20:50:25.183 error [caliper] [ethereum-connector] 	Error: Returned error: Transaction nonce is too distant from current sender nonce
2026.10.01-20:50:25.207 error [caliper] [ethereum-connector] 	Failed tx on registroDeBatches; calling method: registrarBatch; nonce: 0x4f2
2026.10.01-20:50:25.207 error [caliper] [ethereum-connector] 	Error: Returned error: Transaction nonce is too distant from current sender nonce
2026.10.01-20:50:25.269 error [caliper] [ethereum-connector] 	Failed tx on registroDeBatches; calling method: registrarBatch; nonce: 0x4f3
2026.10.01-20:50:25.269 error [caliper] [ethereum-connector] 	Error: Returned error: Transaction nonce is too distant from current sender nonce
2026.10.01-20:50:25.279 error [caliper] [ethereum-connector] 	Failed tx on registroDeBatches; calling method: registrarBatch; nonce: 0x4f4
2026.10.01-20:50:25.279 error [caliper] [ethereum-connector] 	Error: Returned error: Transaction nonce is too distant from current sender nonce
2026.10.01-20:50:25.289 error [caliper] [ethereum-connector] 	Failed tx on registroDeBatches; calling method: registrarBatch; nonce: 0x4f5
2026.10.01-20:50:25.289 error [caliper] [ethereum-connector] 	Error: Returned error: Transaction nonce is too distant from current sender nonce
2026.10.01-20:50:25.304 error [caliper] [ethereum-connector] 	Failed tx on registroDeBatches; calling method: registrarBatch; nonce: 0x4f6
2026.10.01-20:50:25.304 error [caliper] [ethereum-connector] 	Error: Returned error: Transaction nonce is too distant from current sender nonce
2026.10.01-20:50:25.334 error [caliper] [ethereum-connector] 	Failed tx on registroDeBatches; calling method: registrarBatch; nonce: 0x4f7
2026.10.01-20:50:25.334 error [caliper] [ethereum-connector] 	Error: Returned error: Transaction nonce is too distant from current sender nonce
2026.10.01-20:50:25.353 error [caliper] [ethereum-connector] 	Failed tx on registroDeBatches; calling method: registrarBatch; nonce: 0x4f8
2026.10.01-20:50:25.354 error [caliper] [ethereum-connector] 	Error: Returned error: Transaction nonce is too distant from current sender nonce
2026.10.01-20:50:25.386 error [caliper] [ethereum-connector] 	Failed tx on registroDeBatches; calling method: registrarBatch; nonce: 0x4f9
2026.10.01-20:50:25.386 error [caliper] [ethereum-connector] 	Error: Returned error: Transaction nonce is too distant from current sender nonce
2026.10.01-20:50:25.404 error [caliper] [ethereum-connector] 	Failed tx on registroDeBatches; calling method: registrarBatch; nonce: 0x4fa
2026.10.01-20:50:25.404 error [caliper] [ethereum-connector] 	Error: Returned error: Transaction nonce is too distant from current sender nonce
2026.10.01-20:50:25.429 error [caliper] [ethereum-connector] 	Failed tx on registroDeBatches; calling method: registrarBatch; nonce: 0x4fb
2026.10.01-20:50:25.429 error [caliper] [ethereum-connector] 	Error: Returned error: Transaction nonce is too distant from current sender nonce
2026.10.01-20:50:25.482 error [caliper] [ethereum-connector] 	Failed tx on registroDeBatches; calling method: registrarBatch; nonce: 0x4fc
2026.10.01-20:50:25.482 error [caliper] [ethereum-connector] 	Error: Returned error: Transaction nonce is too distant from current sender nonce
2026.10.01-20:50:25.487 error [caliper] [ethereum-connector] 	Failed tx on registroDeBatches; calling method: registrarBatch; nonce: 0x4fd
2026.10.01-20:50:25.487 error [caliper] [ethereum-connector] 	Error: Returned error: Transaction nonce is too distant from current sender nonce
2026.10.01-20:50:25.503 error [caliper] [ethereum-connector] 	Failed tx on registroDeBatches; calling method: registrarBatch; nonce: 0x4fe
2026.10.01-20:50:25.503 error [caliper] [ethereum-connector] 	Error: Returned error: Transaction nonce is too distant from current sender nonce
2026.10.01-20:50:25.529 error [caliper] [ethereum-connector] 	Failed tx on registroDeBatches; calling method: registrarBatch; nonce: 0x4ff
2026.10.01-20:50:25.529 error [caliper] [ethereum-connector] 	Error: Returned error: Transaction nonce is too distant from current sender nonce
2026.10.01-20:50:25.554 error [caliper] [ethereum-connector] 	Failed tx on registroDeBatches; calling method: registrarBatch; nonce: 0x500
2026.10.01-20:50:25.554 error [caliper] [ethereum-connector] 	Error: Returned error: Transaction nonce is too distant from current sender nonce
2026.10.01-20:50:25.579 error [caliper] [ethereum-connector] 	Failed tx on registroDeBatches; calling method: registrarBatch; nonce: 0x501
2026.10.01-20:50:25.579 error [caliper] [ethereum-connector] 	Error: Returned error: Transaction nonce is too distant from current sender nonce
2026.10.01-20:50:25.602 error [caliper] [ethereum-connector] 	Failed tx on registroDeBatches; calling method: registrarBatch; nonce: 0x502
2026.10.01-20:50:25.602 error [caliper] [ethereum-connector] 	Error: Returned error: Transaction nonce is too distant from current sender nonce
2026.10.01-20:50:25.627 error [caliper] [ethereum-connector] 	Failed tx on registroDeBatches; calling method: registrarBatch; nonce: 0x503
2026.10.01-20:50:25.627 error [caliper] [ethereum-connector] 	Error: Returned error: Transaction nonce is too distant from current sender nonce
2026.10.01-20:50:25.653 error [caliper] [ethereum-connector] 	Failed tx on registroDeBatches; calling method: registrarBatch; nonce: 0x504
2026.10.01-20:50:25.653 error [caliper] [ethereum-connector] 	Error: Returned error: Transaction nonce is too distant from current sender nonce
2026.10.01-20:50:25.680 error [caliper] [ethereum-connector] 	Failed tx on registroDeBatches; calling method: registrarBatch; nonce: 0x505
2026.10.01-20:50:25.681 error [caliper] [ethereum-connector] 	Error: Returned error: Transaction nonce is too distant from current sender nonce
2026.10.01-20:50:25.703 error [caliper] [ethereum-connector] 	Failed tx on registroDeBatches; calling method: registrarBatch; nonce: 0x506
2026.10.01-20:50:25.703 error [caliper] [ethereum-connector] 	Error: Returned error: Transaction nonce is too distant from current sender nonce
2026.10.01-20:50:25.729 error [caliper] [ethereum-connector] 	Failed tx on registroDeBatches; calling method: registrarBatch; nonce: 0x507
2026.10.01-20:50:25.729 error [caliper] [ethereum-connector] 	Error: Returned error: Transaction nonce is too distant from current sender nonce
2026.10.01-20:50:25.752 error [caliper] [ethereum-connector] 	Failed tx on registroDeBatches; calling method: registrarBatch; nonce: 0x508
2026.10.01-20:50:25.752 error [caliper] [ethereum-connector] 	Error: Returned error: Transaction nonce is too distant from current sender nonce
2026.10.01-20:50:25.779 error [caliper] [ethereum-connector] 	Failed tx on registroDeBatches; calling method: registrarBatch; nonce: 0x509
2026.10.01-20:50:25.779 error [caliper] [ethereum-connector] 	Error: Returned error: Transaction nonce is too distant from current sender nonce
2026.10.01-20:50:25.803 error [caliper] [ethereum-connector] 	Failed tx on registroDeBatches; calling method: registrarBatch; nonce: 0x50a
2026.10.01-20:50:25.803 error [caliper] [ethereum-connector] 	Error: Returned error: Transaction nonce is too distant from current sender nonce
2026.10.01-20:50:25.829 error [caliper] [ethereum-connector] 	Failed tx on registroDeBatches; calling method: registrarBatch; nonce: 0x50b
2026.10.01-20:50:25.829 error [caliper] [ethereum-connector] 	Error: Returned error: Transaction nonce is too distant from current sender nonce
2026.10.01-20:50:25.853 error [caliper] [ethereum-connector] 	Failed tx on registroDeBatches; calling method: registrarBatch; nonce: 0x50c
2026.10.01-20:50:25.853 error [caliper] [ethereum-connector] 	Error: Returned error: Transaction nonce is too distant from current sender nonce
2026.10.01-20:50:25.877 error [caliper] [ethereum-connector] 	Failed tx on registroDeBatches; calling method: registrarBatch; nonce: 0x50d
2026.10.01-20:50:25.877 error [caliper] [ethereum-connector] 	Error: Returned error: Transaction nonce is too distant from current sender nonce
2026.10.01-20:50:25.906 error [caliper] [ethereum-connector] 	Failed tx on registroDeBatches; calling method: registrarBatch; nonce: 0x50e
2026.10.01-20:50:25.906 error [caliper] [ethereum-connector] 	Error: Returned error: Transaction nonce is too distant from current sender nonce
2026.10.01-20:50:25.931 error [caliper] [ethereum-connector] 	Failed tx on registroDeBatches; calling method: registrarBatch; nonce: 0x50f
2026.10.01-20:50:25.931 error [caliper] [ethereum-connector] 	Error: Returned error: Transaction nonce is too distant from current sender nonce
2026.10.01-20:50:25.954 error [caliper] [ethereum-connector] 	Failed tx on registroDeBatches; calling method: registrarBatch; nonce: 0x510
2026.10.01-20:50:25.954 error [caliper] [ethereum-connector] 	Error: Returned error: Transaction nonce is too distant from current sender nonce
2026.10.01-20:50:25.982 error [caliper] [ethereum-connector] 	Failed tx on registroDeBatches; calling method: registrarBatch; nonce: 0x511
2026.10.01-20:50:25.982 error [caliper] [ethereum-connector] 	Error: Returned error: Transaction nonce is too distant from current sender nonce
2026.10.01-20:50:26.007 error [caliper] [ethereum-connector] 	Failed tx on registroDeBatches; calling method: registrarBatch; nonce: 0x512
2026.10.01-20:50:26.007 error [caliper] [ethereum-connector] 	Error: Returned error: Transaction nonce is too distant from current sender nonce
2026.10.01-20:50:26.028 error [caliper] [ethereum-connector] 	Failed tx on registroDeBatches; calling method: registrarBatch; nonce: 0x513
2026.10.01-20:50:26.029 error [caliper] [ethereum-connector] 	Error: Returned error: Transaction nonce is too distant from current sender nonce
2026.10.01-20:50:26.054 error [caliper] [ethereum-connector] 	Failed tx on registroDeBatches; calling method: registrarBatch; nonce: 0x514
2026.10.01-20:50:26.054 error [caliper] [ethereum-connector] 	Error: Returned error: Transaction nonce is too distant from current sender nonce
2026.10.01-20:50:26.078 error [caliper] [ethereum-connector] 	Failed tx on registroDeBatches; calling method: registrarBatch; nonce: 0x515
2026.10.01-20:50:26.079 error [caliper] [ethereum-connector] 	Error: Returned error: Transaction nonce is too distant from current sender nonce
2026.10.01-20:50:26.103 error [caliper] [ethereum-connector] 	Failed tx on registroDeBatches; calling method: registrarBatch; nonce: 0x516
2026.10.01-20:50:26.103 error [caliper] [ethereum-connector] 	Error: Returned error: Transaction nonce is too distant from current sender nonce
2026.10.01-20:50:26.121 info  [caliper] [default-observer] 	[tps-40 Round 2 Transaction Info] - Submitted: 361 Succ: 128 Fail:32 Unfinished:201
2026.10.01-20:50:26.130 error [caliper] [ethereum-connector] 	Failed tx on registroDeBatches; calling method: registrarBatch; nonce: 0x517
2026.10.01-20:50:26.130 error [caliper] [ethereum-connector] 	Error: Returned error: Transaction nonce is too distant from current sender nonce
2026.10.01-20:50:26.154 error [caliper] [ethereum-connector] 	Failed tx on registroDeBatches; calling method: registrarBatch; nonce: 0x518
2026.10.01-20:50:26.154 error [caliper] [ethereum-connector] 	Error: Returned error: Transaction nonce is too distant from current sender nonce
2026.10.01-20:50:26.179 error [caliper] [ethereum-connector] 	Failed tx on registroDeBatches; calling method: registrarBatch; nonce: 0x519
2026.10.01-20:50:26.180 error [caliper] [ethereum-connector] 	Error: Returned error: Transaction nonce is too distant from current sender nonce
2026.10.01-20:50:26.207 error [caliper] [ethereum-connector] 	Failed tx on registroDeBatches; calling method: registrarBatch; nonce: 0x51a
2026.10.01-20:50:26.207 error [caliper] [ethereum-connector] 	Error: Returned error: Transaction nonce is too distant from current sender nonce
2026.10.01-20:50:26.228 error [caliper] [ethereum-connector] 	Failed tx on registroDeBatches; calling method: registrarBatch; nonce: 0x51b
2026.10.01-20:50:26.228 error [caliper] [ethereum-connector] 	Error: Returned error: Transaction nonce is too distant from current sender nonce
2026.10.01-20:50:26.255 error [caliper] [ethereum-connector] 	Failed tx on registroDeBatches; calling method: registrarBatch; nonce: 0x51c
2026.10.01-20:50:26.255 error [caliper] [ethereum-connector] 	Error: Returned error: Transaction nonce is too distant from current sender nonce
2026.10.01-20:50:26.278 error [caliper] [ethereum-connector] 	Failed tx on registroDeBatches; calling method: registrarBatch; nonce: 0x51d
2026.10.01-20:50:26.278 error [caliper] [ethereum-connector] 	Error: Returned error: Transaction nonce is too distant from current sender nonce
2026.10.01-20:50:26.313 error [caliper] [ethereum-connector] 	Failed tx on registroDeBatches; calling method: registrarBatch; nonce: 0x51e
2026.10.01-20:50:26.313 error [caliper] [ethereum-connector] 	Error: Returned error: Transaction nonce is too distant from current sender nonce
2026.10.01-20:50:26.326 error [caliper] [ethereum-connector] 	Failed tx on registroDeBatches; calling method: registrarBatch; nonce: 0x51f
2026.10.01-20:50:26.326 error [caliper] [ethereum-connector] 	Error: Returned error: Transaction nonce is too distant from current sender nonce
2026.10.01-20:50:26.354 error [caliper] [ethereum-connector] 	Failed tx on registroDeBatches; calling method: registrarBatch; nonce: 0x520
2026.10.01-20:50:26.354 error [caliper] [ethereum-connector] 	Error: Returned error: Transaction nonce is too distant from current sender nonce
2026.10.01-20:50:26.378 error [caliper] [ethereum-connector] 	Failed tx on registroDeBatches; calling method: registrarBatch; nonce: 0x521
2026.10.01-20:50:26.379 error [caliper] [ethereum-connector] 	Error: Returned error: Transaction nonce is too distant from current sender nonce
2026.10.01-20:50:26.403 error [caliper] [ethereum-connector] 	Failed tx on registroDeBatches; calling method: registrarBatch; nonce: 0x522
2026.10.01-20:50:26.403 error [caliper] [ethereum-connector] 	Error: Returned error: Transaction nonce is too distant from current sender nonce
2026.10.01-20:50:26.430 error [caliper] [ethereum-connector] 	Failed tx on registroDeBatches; calling method: registrarBatch; nonce: 0x523
2026.10.01-20:50:26.430 error [caliper] [ethereum-connector] 	Error: Returned error: Transaction nonce is too distant from current sender nonce
2026.10.01-20:50:26.454 error [caliper] [ethereum-connector] 	Failed tx on registroDeBatches; calling method: registrarBatch; nonce: 0x524
2026.10.01-20:50:26.454 error [caliper] [ethereum-connector] 	Error: Returned error: Transaction nonce is too distant from current sender nonce
2026.10.01-20:50:26.478 error [caliper] [ethereum-connector] 	Failed tx on registroDeBatches; calling method: registrarBatch; nonce: 0x525
2026.10.01-20:50:26.478 error [caliper] [ethereum-connector] 	Error: Returned error: Transaction nonce is too distant from current sender nonce
2026.10.01-20:50:26.503 error [caliper] [ethereum-connector] 	Failed tx on registroDeBatches; calling method: registrarBatch; nonce: 0x526
2026.10.01-20:50:26.503 error [caliper] [ethereum-connector] 	Error: Returned error: Transaction nonce is too distant from current sender nonce
2026.10.01-20:50:26.528 error [caliper] [ethereum-connector] 	Failed tx on registroDeBatches; calling method: registrarBatch; nonce: 0x527
2026.10.01-20:50:26.528 error [caliper] [ethereum-connector] 	Error: Returned error: Transaction nonce is too distant from current sender nonce
2026.10.01-20:50:26.553 error [caliper] [ethereum-connector] 	Failed tx on registroDeBatches; calling method: registrarBatch; nonce: 0x528
2026.10.01-20:50:26.553 error [caliper] [ethereum-connector] 	Error: Returned error: Transaction nonce is too distant from current sender nonce
2026.10.01-20:50:26.577 error [caliper] [ethereum-connector] 	Failed tx on registroDeBatches; calling method: registrarBatch; nonce: 0x529
2026.10.01-20:50:26.577 error [caliper] [ethereum-connector] 	Error: Returned error: Transaction nonce is too distant from current sender nonce
2026.10.01-20:50:26.603 error [caliper] [ethereum-connector] 	Failed tx on registroDeBatches; calling method: registrarBatch; nonce: 0x52a
2026.10.01-20:50:26.603 error [caliper] [ethereum-connector] 	Error: Returned error: Transaction nonce is too distant from current sender nonce
2026.10.01-20:50:26.628 error [caliper] [ethereum-connector] 	Failed tx on registroDeBatches; calling method: registrarBatch; nonce: 0x52b
2026.10.01-20:50:26.628 error [caliper] [ethereum-connector] 	Error: Returned error: Transaction nonce is too distant from current sender nonce
2026.10.01-20:50:26.653 error [caliper] [ethereum-connector] 	Failed tx on registroDeBatches; calling method: registrarBatch; nonce: 0x52c
2026.10.01-20:50:26.653 error [caliper] [ethereum-connector] 	Error: Returned error: Transaction nonce is too distant from current sender nonce
2026.10.01-20:50:26.679 error [caliper] [ethereum-connector] 	Failed tx on registroDeBatches; calling method: registrarBatch; nonce: 0x52d
2026.10.01-20:50:26.680 error [caliper] [ethereum-connector] 	Error: Returned error: Transaction nonce is too distant from current sender nonce
2026.10.01-20:50:26.703 error [caliper] [ethereum-connector] 	Failed tx on registroDeBatches; calling method: registrarBatch; nonce: 0x52e
2026.10.01-20:50:26.703 error [caliper] [ethereum-connector] 	Error: Returned error: Transaction nonce is too distant from current sender nonce
2026.10.01-20:50:26.729 error [caliper] [ethereum-connector] 	Failed tx on registroDeBatches; calling method: registrarBatch; nonce: 0x52f
2026.10.01-20:50:26.729 error [caliper] [ethereum-connector] 	Error: Returned error: Transaction nonce is too distant from current sender nonce
2026.10.01-20:50:26.754 error [caliper] [ethereum-connector] 	Failed tx on registroDeBatches; calling method: registrarBatch; nonce: 0x530
2026.10.01-20:50:26.754 error [caliper] [ethereum-connector] 	Error: Returned error: Transaction nonce is too distant from current sender nonce
2026.10.01-20:50:26.779 error [caliper] [ethereum-connector] 	Failed tx on registroDeBatches; calling method: registrarBatch; nonce: 0x531
2026.10.01-20:50:26.779 error [caliper] [ethereum-connector] 	Error: Returned error: Transaction nonce is too distant from current sender nonce
2026.10.01-20:50:26.804 error [caliper] [ethereum-connector] 	Failed tx on registroDeBatches; calling method: registrarBatch; nonce: 0x532
2026.10.01-20:50:26.804 error [caliper] [ethereum-connector] 	Error: Returned error: Transaction nonce is too distant from current sender nonce
2026.10.01-20:50:26.829 error [caliper] [ethereum-connector] 	Failed tx on registroDeBatches; calling method: registrarBatch; nonce: 0x533
2026.10.01-20:50:26.829 error [caliper] [ethereum-connector] 	Error: Returned error: Transaction nonce is too distant from current sender nonce
2026.10.01-20:50:26.858 error [caliper] [ethereum-connector] 	Failed tx on registroDeBatches; calling method: registrarBatch; nonce: 0x534
2026.10.01-20:50:26.858 error [caliper] [ethereum-connector] 	Error: Returned error: Transaction nonce is too distant from current sender nonce
2026.10.01-20:50:26.880 error [caliper] [ethereum-connector] 	Failed tx on registroDeBatches; calling method: registrarBatch; nonce: 0x535
2026.10.01-20:50:26.880 error [caliper] [ethereum-connector] 	Error: Returned error: Transaction nonce is too distant from current sender nonce
2026.10.01-20:50:26.904 error [caliper] [ethereum-connector] 	Failed tx on registroDeBatches; calling method: registrarBatch; nonce: 0x536
2026.10.01-20:50:26.905 error [caliper] [ethereum-connector] 	Error: Returned error: Transaction nonce is too distant from current sender nonce
2026.10.01-20:50:26.929 error [caliper] [ethereum-connector] 	Failed tx on registroDeBatches; calling method: registrarBatch; nonce: 0x537
2026.10.01-20:50:26.929 error [caliper] [ethereum-connector] 	Error: Returned error: Transaction nonce is too distant from current sender nonce
2026.10.01-20:50:26.955 error [caliper] [ethereum-connector] 	Failed tx on registroDeBatches; calling method: registrarBatch; nonce: 0x538
2026.10.01-20:50:26.955 error [caliper] [ethereum-connector] 	Error: Returned error: Transaction nonce is too distant from current sender nonce
2026.10.01-20:50:26.978 error [caliper] [ethereum-connector] 	Failed tx on registroDeBatches; calling method: registrarBatch; nonce: 0x539
2026.10.01-20:50:26.978 error [caliper] [ethereum-connector] 	Error: Returned error: Transaction nonce is too distant from current sender nonce
2026.10.01-20:50:27.003 error [caliper] [ethereum-connector] 	Failed tx on registroDeBatches; calling method: registrarBatch; nonce: 0x53a
2026.10.01-20:50:27.003 error [caliper] [ethereum-connector] 	Error: Returned error: Transaction nonce is too distant from current sender nonce
2026.10.01-20:50:27.032 error [caliper] [ethereum-connector] 	Failed tx on registroDeBatches; calling method: registrarBatch; nonce: 0x53b
2026.10.01-20:50:27.032 error [caliper] [ethereum-connector] 	Error: Returned error: Transaction nonce is too distant from current sender nonce
2026.10.01-20:50:27.056 error [caliper] [ethereum-connector] 	Failed tx on registroDeBatches; calling method: registrarBatch; nonce: 0x53c
2026.10.01-20:50:27.056 error [caliper] [ethereum-connector] 	Error: Returned error: Transaction nonce is too distant from current sender nonce
2026.10.01-20:50:27.080 error [caliper] [ethereum-connector] 	Failed tx on registroDeBatches; calling method: registrarBatch; nonce: 0x53d
2026.10.01-20:50:27.080 error [caliper] [ethereum-connector] 	Error: Returned error: Transaction nonce is too distant from current sender nonce
2026.10.01-20:50:27.113 error [caliper] [ethereum-connector] 	Failed tx on registroDeBatches; calling method: registrarBatch; nonce: 0x53e
2026.10.01-20:50:27.113 error [caliper] [ethereum-connector] 	Error: Returned error: Transaction nonce is too distant from current sender nonce
2026.10.01-20:50:27.138 error [caliper] [ethereum-connector] 	Failed tx on registroDeBatches; calling method: registrarBatch; nonce: 0x53f
2026.10.01-20:50:27.138 error [caliper] [ethereum-connector] 	Error: Returned error: Transaction nonce is too distant from current sender nonce
2026.10.01-20:50:27.160 error [caliper] [ethereum-connector] 	Failed tx on registroDeBatches; calling method: registrarBatch; nonce: 0x540
2026.10.01-20:50:27.160 error [caliper] [ethereum-connector] 	Error: Returned error: Transaction nonce is too distant from current sender nonce
2026.10.01-20:50:27.183 error [caliper] [ethereum-connector] 	Failed tx on registroDeBatches; calling method: registrarBatch; nonce: 0x541
2026.10.01-20:50:27.183 error [caliper] [ethereum-connector] 	Error: Returned error: Transaction nonce is too distant from current sender nonce
2026.10.01-20:50:27.211 error [caliper] [ethereum-connector] 	Failed tx on registroDeBatches; calling method: registrarBatch; nonce: 0x542
2026.10.01-20:50:27.211 error [caliper] [ethereum-connector] 	Error: Returned error: Transaction nonce is too distant from current sender nonce
2026.10.01-20:50:27.230 error [caliper] [ethereum-connector] 	Failed tx on registroDeBatches; calling method: registrarBatch; nonce: 0x543
2026.10.01-20:50:27.230 error [caliper] [ethereum-connector] 	Error: Returned error: Transaction nonce is too distant from current sender nonce
2026.10.01-20:50:27.292 error [caliper] [ethereum-connector] 	Failed tx on registroDeBatches; calling method: registrarBatch; nonce: 0x544
2026.10.01-20:50:27.293 error [caliper] [ethereum-connector] 	Error: Returned error: Transaction nonce is too distant from current sender nonce
2026.10.01-20:50:27.297 error [caliper] [ethereum-connector] 	Failed tx on registroDeBatches; calling method: registrarBatch; nonce: 0x545
2026.10.01-20:50:27.297 error [caliper] [ethereum-connector] 	Error: Returned error: Transaction nonce is too distant from current sender nonce
2026.10.01-20:50:27.303 error [caliper] [ethereum-connector] 	Failed tx on registroDeBatches; calling method: registrarBatch; nonce: 0x546
2026.10.01-20:50:27.303 error [caliper] [ethereum-connector] 	Error: Returned error: Transaction nonce is too distant from current sender nonce
2026.10.01-20:50:27.329 error [caliper] [ethereum-connector] 	Failed tx on registroDeBatches; calling method: registrarBatch; nonce: 0x547
2026.10.01-20:50:27.329 error [caliper] [ethereum-connector] 	Error: Returned error: Transaction nonce is too distant from current sender nonce
2026.10.01-20:50:27.354 error [caliper] [ethereum-connector] 	Failed tx on registroDeBatches; calling method: registrarBatch; nonce: 0x548
2026.10.01-20:50:27.354 error [caliper] [ethereum-connector] 	Error: Returned error: Transaction nonce is too distant from current sender nonce
2026.10.01-20:50:27.379 error [caliper] [ethereum-connector] 	Failed tx on registroDeBatches; calling method: registrarBatch; nonce: 0x549
2026.10.01-20:50:27.379 error [caliper] [ethereum-connector] 	Error: Returned error: Transaction nonce is too distant from current sender nonce
2026.10.01-20:50:27.404 error [caliper] [ethereum-connector] 	Failed tx on registroDeBatches; calling method: registrarBatch; nonce: 0x54a
2026.10.01-20:50:27.404 error [caliper] [ethereum-connector] 	Error: Returned error: Transaction nonce is too distant from current sender nonce
2026.10.01-20:50:27.427 error [caliper] [ethereum-connector] 	Failed tx on registroDeBatches; calling method: registrarBatch; nonce: 0x54b
2026.10.01-20:50:27.427 error [caliper] [ethereum-connector] 	Error: Returned error: Transaction nonce is too distant from current sender nonce
2026.10.01-20:50:27.454 error [caliper] [ethereum-connector] 	Failed tx on registroDeBatches; calling method: registrarBatch; nonce: 0x54c
2026.10.01-20:50:27.454 error [caliper] [ethereum-connector] 	Error: Returned error: Transaction nonce is too distant from current sender nonce
2026.10.01-20:50:27.478 error [caliper] [ethereum-connector] 	Failed tx on registroDeBatches; calling method: registrarBatch; nonce: 0x54d
2026.10.01-20:50:27.478 error [caliper] [ethereum-connector] 	Error: Returned error: Transaction nonce is too distant from current sender nonce
2026.10.01-20:50:27.504 error [caliper] [ethereum-connector] 	Failed tx on registroDeBatches; calling method: registrarBatch; nonce: 0x54e
2026.10.01-20:50:27.504 error [caliper] [ethereum-connector] 	Error: Returned error: Transaction nonce is too distant from current sender nonce
2026.10.01-20:50:27.529 error [caliper] [ethereum-connector] 	Failed tx on registroDeBatches; calling method: registrarBatch; nonce: 0x54f
2026.10.01-20:50:27.529 error [caliper] [ethereum-connector] 	Error: Returned error: Transaction nonce is too distant from current sender nonce
2026.10.01-20:50:27.552 error [caliper] [ethereum-connector] 	Failed tx on registroDeBatches; calling method: registrarBatch; nonce: 0x550
2026.10.01-20:50:27.552 error [caliper] [ethereum-connector] 	Error: Returned error: Transaction nonce is too distant from current sender nonce
2026.10.01-20:50:27.577 error [caliper] [ethereum-connector] 	Failed tx on registroDeBatches; calling method: registrarBatch; nonce: 0x551
2026.10.01-20:50:27.577 error [caliper] [ethereum-connector] 	Error: Returned error: Transaction nonce is too distant from current sender nonce
2026.10.01-20:50:27.602 error [caliper] [ethereum-connector] 	Failed tx on registroDeBatches; calling method: registrarBatch; nonce: 0x552
2026.10.01-20:50:27.602 error [caliper] [ethereum-connector] 	Error: Returned error: Transaction nonce is too distant from current sender nonce
2026.10.01-20:50:27.628 error [caliper] [ethereum-connector] 	Failed tx on registroDeBatches; calling method: registrarBatch; nonce: 0x553
2026.10.01-20:50:27.629 error [caliper] [ethereum-connector] 	Error: Returned error: Transaction nonce is too distant from current sender nonce
2026.10.01-20:50:27.652 error [caliper] [ethereum-connector] 	Failed tx on registroDeBatches; calling method: registrarBatch; nonce: 0x554
2026.10.01-20:50:27.653 error [caliper] [ethereum-connector] 	Error: Returned error: Transaction nonce is too distant from current sender nonce
2026.10.01-20:50:27.678 error [caliper] [ethereum-connector] 	Failed tx on registroDeBatches; calling method: registrarBatch; nonce: 0x555
2026.10.01-20:50:27.678 error [caliper] [ethereum-connector] 	Error: Returned error: Transaction nonce is too distant from current sender nonce
2026.10.01-20:50:27.703 error [caliper] [ethereum-connector] 	Failed tx on registroDeBatches; calling method: registrarBatch; nonce: 0x556
2026.10.01-20:50:27.703 error [caliper] [ethereum-connector] 	Error: Returned error: Transaction nonce is too distant from current sender nonce
2026.10.01-20:50:27.729 error [caliper] [ethereum-connector] 	Failed tx on registroDeBatches; calling method: registrarBatch; nonce: 0x557
2026.10.01-20:50:27.729 error [caliper] [ethereum-connector] 	Error: Returned error: Transaction nonce is too distant from current sender nonce
2026.10.01-20:50:27.754 error [caliper] [ethereum-connector] 	Failed tx on registroDeBatches; calling method: registrarBatch; nonce: 0x558
2026.10.01-20:50:27.754 error [caliper] [ethereum-connector] 	Error: Returned error: Transaction nonce is too distant from current sender nonce
2026.10.01-20:50:27.779 error [caliper] [ethereum-connector] 	Failed tx on registroDeBatches; calling method: registrarBatch; nonce: 0x559
2026.10.01-20:50:27.779 error [caliper] [ethereum-connector] 	Error: Returned error: Transaction nonce is too distant from current sender nonce
2026.10.01-20:50:27.803 error [caliper] [ethereum-connector] 	Failed tx on registroDeBatches; calling method: registrarBatch; nonce: 0x55a
2026.10.01-20:50:27.803 error [caliper] [ethereum-connector] 	Error: Returned error: Transaction nonce is too distant from current sender nonce
2026.10.01-20:50:27.831 error [caliper] [ethereum-connector] 	Failed tx on registroDeBatches; calling method: registrarBatch; nonce: 0x55b
2026.10.01-20:50:27.831 error [caliper] [ethereum-connector] 	Error: Returned error: Transaction nonce is too distant from current sender nonce
2026.10.01-20:50:27.854 error [caliper] [ethereum-connector] 	Failed tx on registroDeBatches; calling method: registrarBatch; nonce: 0x55c
2026.10.01-20:50:27.854 error [caliper] [ethereum-connector] 	Error: Returned error: Transaction nonce is too distant from current sender nonce
2026.10.01-20:50:27.878 error [caliper] [ethereum-connector] 	Failed tx on registroDeBatches; calling method: registrarBatch; nonce: 0x55d
2026.10.01-20:50:27.878 error [caliper] [ethereum-connector] 	Error: Returned error: Transaction nonce is too distant from current sender nonce
2026.10.01-20:50:27.904 error [caliper] [ethereum-connector] 	Failed tx on registroDeBatches; calling method: registrarBatch; nonce: 0x55e
2026.10.01-20:50:27.904 error [caliper] [ethereum-connector] 	Error: Returned error: Transaction nonce is too distant from current sender nonce
2026.10.01-20:50:27.928 error [caliper] [ethereum-connector] 	Failed tx on registroDeBatches; calling method: registrarBatch; nonce: 0x55f
2026.10.01-20:50:27.928 error [caliper] [ethereum-connector] 	Error: Returned error: Transaction nonce is too distant from current sender nonce
2026.10.01-20:50:27.953 error [caliper] [ethereum-connector] 	Failed tx on registroDeBatches; calling method: registrarBatch; nonce: 0x560
2026.10.01-20:50:27.953 error [caliper] [ethereum-connector] 	Error: Returned error: Transaction nonce is too distant from current sender nonce
2026.10.01-20:50:27.979 error [caliper] [ethereum-connector] 	Failed tx on registroDeBatches; calling method: registrarBatch; nonce: 0x561
2026.10.01-20:50:27.979 error [caliper] [ethereum-connector] 	Error: Returned error: Transaction nonce is too distant from current sender nonce
2026.10.01-20:50:28.002 error [caliper] [ethereum-connector] 	Failed tx on registroDeBatches; calling method: registrarBatch; nonce: 0x562
2026.10.01-20:50:28.002 error [caliper] [ethereum-connector] 	Error: Returned error: Transaction nonce is too distant from current sender nonce
2026.10.01-20:50:28.027 error [caliper] [ethereum-connector] 	Failed tx on registroDeBatches; calling method: registrarBatch; nonce: 0x563
2026.10.01-20:50:28.028 error [caliper] [ethereum-connector] 	Error: Returned error: Transaction nonce is too distant from current sender nonce
2026.10.01-20:50:28.052 error [caliper] [ethereum-connector] 	Failed tx on registroDeBatches; calling method: registrarBatch; nonce: 0x564
2026.10.01-20:50:28.052 error [caliper] [ethereum-connector] 	Error: Returned error: Transaction nonce is too distant from current sender nonce
2026.10.01-20:50:28.076 error [caliper] [ethereum-connector] 	Failed tx on registroDeBatches; calling method: registrarBatch; nonce: 0x565
2026.10.01-20:50:28.076 error [caliper] [ethereum-connector] 	Error: Returned error: Transaction nonce is too distant from current sender nonce
2026.10.01-20:50:28.103 error [caliper] [ethereum-connector] 	Failed tx on registroDeBatches; calling method: registrarBatch; nonce: 0x566
2026.10.01-20:50:28.104 error [caliper] [ethereum-connector] 	Error: Returned error: Transaction nonce is too distant from current sender nonce
2026.10.01-20:50:28.128 error [caliper] [ethereum-connector] 	Failed tx on registroDeBatches; calling method: registrarBatch; nonce: 0x567
2026.10.01-20:50:28.128 error [caliper] [ethereum-connector] 	Error: Returned error: Transaction nonce is too distant from current sender nonce
2026.10.01-20:50:28.153 error [caliper] [ethereum-connector] 	Failed tx on registroDeBatches; calling method: registrarBatch; nonce: 0x568
2026.10.01-20:50:28.153 error [caliper] [ethereum-connector] 	Error: Returned error: Transaction nonce is too distant from current sender nonce
2026.10.01-20:50:28.179 error [caliper] [ethereum-connector] 	Failed tx on registroDeBatches; calling method: registrarBatch; nonce: 0x569
2026.10.01-20:50:28.179 error [caliper] [ethereum-connector] 	Error: Returned error: Transaction nonce is too distant from current sender nonce
2026.10.01-20:50:28.204 error [caliper] [ethereum-connector] 	Failed tx on registroDeBatches; calling method: registrarBatch; nonce: 0x56a
2026.10.01-20:50:28.204 error [caliper] [ethereum-connector] 	Error: Returned error: Transaction nonce is too distant from current sender nonce
2026.10.01-20:50:28.228 error [caliper] [ethereum-connector] 	Failed tx on registroDeBatches; calling method: registrarBatch; nonce: 0x56b
2026.10.01-20:50:28.228 error [caliper] [ethereum-connector] 	Error: Returned error: Transaction nonce is too distant from current sender nonce
2026.10.01-20:50:28.253 error [caliper] [ethereum-connector] 	Failed tx on registroDeBatches; calling method: registrarBatch; nonce: 0x56c
2026.10.01-20:50:28.253 error [caliper] [ethereum-connector] 	Error: Returned error: Transaction nonce is too distant from current sender nonce
2026.10.01-20:50:28.277 error [caliper] [ethereum-connector] 	Failed tx on registroDeBatches; calling method: registrarBatch; nonce: 0x56d
2026.10.01-20:50:28.277 error [caliper] [ethereum-connector] 	Error: Returned error: Transaction nonce is too distant from current sender nonce
2026.10.01-20:50:28.305 error [caliper] [ethereum-connector] 	Failed tx on registroDeBatches; calling method: registrarBatch; nonce: 0x56e
2026.10.01-20:50:28.305 error [caliper] [ethereum-connector] 	Error: Returned error: Transaction nonce is too distant from current sender nonce
2026.10.01-20:50:28.331 error [caliper] [ethereum-connector] 	Failed tx on registroDeBatches; calling method: registrarBatch; nonce: 0x56f
2026.10.01-20:50:28.331 error [caliper] [ethereum-connector] 	Error: Returned error: Transaction nonce is too distant from current sender nonce
2026.10.01-20:50:28.353 error [caliper] [ethereum-connector] 	Failed tx on registroDeBatches; calling method: registrarBatch; nonce: 0x570
2026.10.01-20:50:28.353 error [caliper] [ethereum-connector] 	Error: Returned error: Transaction nonce is too distant from current sender nonce
2026.10.01-20:50:28.377 error [caliper] [ethereum-connector] 	Failed tx on registroDeBatches; calling method: registrarBatch; nonce: 0x571
2026.10.01-20:50:28.377 error [caliper] [ethereum-connector] 	Error: Returned error: Transaction nonce is too distant from current sender nonce
2026.10.01-20:50:28.403 error [caliper] [ethereum-connector] 	Failed tx on registroDeBatches; calling method: registrarBatch; nonce: 0x572
2026.10.01-20:50:28.403 error [caliper] [ethereum-connector] 	Error: Returned error: Transaction nonce is too distant from current sender nonce
2026.10.01-20:50:28.427 error [caliper] [ethereum-connector] 	Failed tx on registroDeBatches; calling method: registrarBatch; nonce: 0x573
2026.10.01-20:50:28.427 error [caliper] [ethereum-connector] 	Error: Returned error: Transaction nonce is too distant from current sender nonce
2026.10.01-20:50:28.452 error [caliper] [ethereum-connector] 	Failed tx on registroDeBatches; calling method: registrarBatch; nonce: 0x574
2026.10.01-20:50:28.452 error [caliper] [ethereum-connector] 	Error: Returned error: Transaction nonce is too distant from current sender nonce
2026.10.01-20:50:28.478 error [caliper] [ethereum-connector] 	Failed tx on registroDeBatches; calling method: registrarBatch; nonce: 0x575
2026.10.01-20:50:28.478 error [caliper] [ethereum-connector] 	Error: Returned error: Transaction nonce is too distant from current sender nonce
2026.10.01-20:50:28.504 error [caliper] [ethereum-connector] 	Failed tx on registroDeBatches; calling method: registrarBatch; nonce: 0x576
2026.10.01-20:50:28.504 error [caliper] [ethereum-connector] 	Error: Returned error: Transaction nonce is too distant from current sender nonce
2026.10.01-20:50:28.530 error [caliper] [ethereum-connector] 	Failed tx on registroDeBatches; calling method: registrarBatch; nonce: 0x577
2026.10.01-20:50:28.530 error [caliper] [ethereum-connector] 	Error: Returned error: Transaction nonce is too distant from current sender nonce
2026.10.01-20:50:28.554 error [caliper] [ethereum-connector] 	Failed tx on registroDeBatches; calling method: registrarBatch; nonce: 0x578
2026.10.01-20:50:28.554 error [caliper] [ethereum-connector] 	Error: Returned error: Transaction nonce is too distant from current sender nonce
2026.10.01-20:50:28.579 error [caliper] [ethereum-connector] 	Failed tx on registroDeBatches; calling method: registrarBatch; nonce: 0x579
2026.10.01-20:50:28.579 error [caliper] [ethereum-connector] 	Error: Returned error: Transaction nonce is too distant from current sender nonce
2026.10.01-20:50:28.604 error [caliper] [ethereum-connector] 	Failed tx on registroDeBatches; calling method: registrarBatch; nonce: 0x57a
2026.10.01-20:50:28.604 error [caliper] [ethereum-connector] 	Error: Returned error: Transaction nonce is too distant from current sender nonce
2026.10.01-20:50:28.629 error [caliper] [ethereum-connector] 	Failed tx on registroDeBatches; calling method: registrarBatch; nonce: 0x57b
2026.10.01-20:50:28.630 error [caliper] [ethereum-connector] 	Error: Returned error: Transaction nonce is too distant from current sender nonce
2026.10.01-20:50:28.653 error [caliper] [ethereum-connector] 	Failed tx on registroDeBatches; calling method: registrarBatch; nonce: 0x57c
2026.10.01-20:50:28.654 error [caliper] [ethereum-connector] 	Error: Returned error: Transaction nonce is too distant from current sender nonce
2026.10.01-20:50:28.678 error [caliper] [ethereum-connector] 	Failed tx on registroDeBatches; calling method: registrarBatch; nonce: 0x57d
2026.10.01-20:50:28.678 error [caliper] [ethereum-connector] 	Error: Returned error: Transaction nonce is too distant from current sender nonce
2026.10.01-20:50:28.702 error [caliper] [ethereum-connector] 	Failed tx on registroDeBatches; calling method: registrarBatch; nonce: 0x57e
2026.10.01-20:50:28.703 error [caliper] [ethereum-connector] 	Error: Returned error: Transaction nonce is too distant from current sender nonce
2026.10.01-20:50:28.728 error [caliper] [ethereum-connector] 	Failed tx on registroDeBatches; calling method: registrarBatch; nonce: 0x57f
2026.10.01-20:50:28.728 error [caliper] [ethereum-connector] 	Error: Returned error: Transaction nonce is too distant from current sender nonce
2026.10.01-20:50:28.753 error [caliper] [ethereum-connector] 	Failed tx on registroDeBatches; calling method: registrarBatch; nonce: 0x580
2026.10.01-20:50:28.753 error [caliper] [ethereum-connector] 	Error: Returned error: Transaction nonce is too distant from current sender nonce
2026.10.01-20:50:28.778 error [caliper] [ethereum-connector] 	Failed tx on registroDeBatches; calling method: registrarBatch; nonce: 0x581
2026.10.01-20:50:28.778 error [caliper] [ethereum-connector] 	Error: Returned error: Transaction nonce is too distant from current sender nonce
2026.10.01-20:50:28.806 error [caliper] [ethereum-connector] 	Failed tx on registroDeBatches; calling method: registrarBatch; nonce: 0x582
2026.10.01-20:50:28.806 error [caliper] [ethereum-connector] 	Error: Returned error: Transaction nonce is too distant from current sender nonce
2026.10.01-20:50:28.828 error [caliper] [ethereum-connector] 	Failed tx on registroDeBatches; calling method: registrarBatch; nonce: 0x583
2026.10.01-20:50:28.828 error [caliper] [ethereum-connector] 	Error: Returned error: Transaction nonce is too distant from current sender nonce
2026.10.01-20:50:28.853 error [caliper] [ethereum-connector] 	Failed tx on registroDeBatches; calling method: registrarBatch; nonce: 0x584
2026.10.01-20:50:28.853 error [caliper] [ethereum-connector] 	Error: Returned error: Transaction nonce is too distant from current sender nonce
2026.10.01-20:50:28.876 error [caliper] [ethereum-connector] 	Failed tx on registroDeBatches; calling method: registrarBatch; nonce: 0x585
2026.10.01-20:50:28.876 error [caliper] [ethereum-connector] 	Error: Returned error: Transaction nonce is too distant from current sender nonce
2026.10.01-20:50:28.903 error [caliper] [ethereum-connector] 	Failed tx on registroDeBatches; calling method: registrarBatch; nonce: 0x586
2026.10.01-20:50:28.904 error [caliper] [ethereum-connector] 	Error: Returned error: Transaction nonce is too distant from current sender nonce
2026.10.01-20:50:28.928 error [caliper] [ethereum-connector] 	Failed tx on registroDeBatches; calling method: registrarBatch; nonce: 0x587
2026.10.01-20:50:28.928 error [caliper] [ethereum-connector] 	Error: Returned error: Transaction nonce is too distant from current sender nonce
2026.10.01-20:50:28.953 error [caliper] [ethereum-connector] 	Failed tx on registroDeBatches; calling method: registrarBatch; nonce: 0x588
2026.10.01-20:50:28.953 error [caliper] [ethereum-connector] 	Error: Returned error: Transaction nonce is too distant from current sender nonce
2026.10.01-20:50:28.977 error [caliper] [ethereum-connector] 	Failed tx on registroDeBatches; calling method: registrarBatch; nonce: 0x589
2026.10.01-20:50:28.977 error [caliper] [ethereum-connector] 	Error: Returned error: Transaction nonce is too distant from current sender nonce
2026.10.01-20:50:29.003 error [caliper] [ethereum-connector] 	Failed tx on registroDeBatches; calling method: registrarBatch; nonce: 0x58a
2026.10.01-20:50:29.003 error [caliper] [ethereum-connector] 	Error: Returned error: Transaction nonce is too distant from current sender nonce
2026.10.01-20:50:29.038 error [caliper] [ethereum-connector] 	Failed tx on registroDeBatches; calling method: registrarBatch; nonce: 0x58b
2026.10.01-20:50:29.039 error [caliper] [ethereum-connector] 	Error: Returned error: Transaction nonce is too distant from current sender nonce
2026.10.01-20:50:29.055 error [caliper] [ethereum-connector] 	Failed tx on registroDeBatches; calling method: registrarBatch; nonce: 0x58c
2026.10.01-20:50:29.055 error [caliper] [ethereum-connector] 	Error: Returned error: Transaction nonce is too distant from current sender nonce
2026.10.01-20:50:29.090 error [caliper] [ethereum-connector] 	Failed tx on registroDeBatches; calling method: registrarBatch; nonce: 0x58d
2026.10.01-20:50:29.090 error [caliper] [ethereum-connector] 	Error: Returned error: Transaction nonce is too distant from current sender nonce
2026.10.01-20:50:29.107 error [caliper] [ethereum-connector] 	Failed tx on registroDeBatches; calling method: registrarBatch; nonce: 0x58e
2026.10.01-20:50:29.107 error [caliper] [ethereum-connector] 	Error: Returned error: Transaction nonce is too distant from current sender nonce
2026.10.01-20:50:29.134 error [caliper] [ethereum-connector] 	Failed tx on registroDeBatches; calling method: registrarBatch; nonce: 0x58f
2026.10.01-20:50:29.134 error [caliper] [ethereum-connector] 	Error: Returned error: Transaction nonce is too distant from current sender nonce
2026.10.01-20:50:29.154 error [caliper] [ethereum-connector] 	Failed tx on registroDeBatches; calling method: registrarBatch; nonce: 0x590
2026.10.01-20:50:29.154 error [caliper] [ethereum-connector] 	Error: Returned error: Transaction nonce is too distant from current sender nonce
2026.10.01-20:50:29.197 error [caliper] [ethereum-connector] 	Failed tx on registroDeBatches; calling method: registrarBatch; nonce: 0x591
2026.10.01-20:50:29.197 error [caliper] [ethereum-connector] 	Error: Returned error: Transaction nonce is too distant from current sender nonce
2026.10.01-20:50:29.206 error [caliper] [ethereum-connector] 	Failed tx on registroDeBatches; calling method: registrarBatch; nonce: 0x592
2026.10.01-20:50:29.206 error [caliper] [ethereum-connector] 	Error: Returned error: Transaction nonce is too distant from current sender nonce
2026.10.01-20:50:29.228 error [caliper] [ethereum-connector] 	Failed tx on registroDeBatches; calling method: registrarBatch; nonce: 0x593
2026.10.01-20:50:29.228 error [caliper] [ethereum-connector] 	Error: Returned error: Transaction nonce is too distant from current sender nonce
2026.10.01-20:50:29.252 error [caliper] [ethereum-connector] 	Failed tx on registroDeBatches; calling method: registrarBatch; nonce: 0x594
2026.10.01-20:50:29.252 error [caliper] [ethereum-connector] 	Error: Returned error: Transaction nonce is too distant from current sender nonce
2026.10.01-20:50:29.279 error [caliper] [ethereum-connector] 	Failed tx on registroDeBatches; calling method: registrarBatch; nonce: 0x595
2026.10.01-20:50:29.279 error [caliper] [ethereum-connector] 	Error: Returned error: Transaction nonce is too distant from current sender nonce
2026.10.01-20:50:29.303 error [caliper] [ethereum-connector] 	Failed tx on registroDeBatches; calling method: registrarBatch; nonce: 0x596
2026.10.01-20:50:29.303 error [caliper] [ethereum-connector] 	Error: Returned error: Transaction nonce is too distant from current sender nonce
2026.10.01-20:50:29.327 error [caliper] [ethereum-connector] 	Failed tx on registroDeBatches; calling method: registrarBatch; nonce: 0x597
2026.10.01-20:50:29.327 error [caliper] [ethereum-connector] 	Error: Returned error: Transaction nonce is too distant from current sender nonce
2026.10.01-20:50:29.354 error [caliper] [ethereum-connector] 	Failed tx on registroDeBatches; calling method: registrarBatch; nonce: 0x598
2026.10.01-20:50:29.354 error [caliper] [ethereum-connector] 	Error: Returned error: Transaction nonce is too distant from current sender nonce
2026.10.01-20:50:29.378 error [caliper] [ethereum-connector] 	Failed tx on registroDeBatches; calling method: registrarBatch; nonce: 0x599
2026.10.01-20:50:29.378 error [caliper] [ethereum-connector] 	Error: Returned error: Transaction nonce is too distant from current sender nonce
2026.10.01-20:50:29.403 error [caliper] [ethereum-connector] 	Failed tx on registroDeBatches; calling method: registrarBatch; nonce: 0x59a
2026.10.01-20:50:29.403 error [caliper] [ethereum-connector] 	Error: Returned error: Transaction nonce is too distant from current sender nonce
2026.10.01-20:50:29.428 error [caliper] [ethereum-connector] 	Failed tx on registroDeBatches; calling method: registrarBatch; nonce: 0x59b
2026.10.01-20:50:29.428 error [caliper] [ethereum-connector] 	Error: Returned error: Transaction nonce is too distant from current sender nonce
2026.10.01-20:50:29.453 error [caliper] [ethereum-connector] 	Failed tx on registroDeBatches; calling method: registrarBatch; nonce: 0x59c
2026.10.01-20:50:29.453 error [caliper] [ethereum-connector] 	Error: Returned error: Transaction nonce is too distant from current sender nonce
2026.10.01-20:50:29.477 error [caliper] [ethereum-connector] 	Failed tx on registroDeBatches; calling method: registrarBatch; nonce: 0x59d
2026.10.01-20:50:29.477 error [caliper] [ethereum-connector] 	Error: Returned error: Transaction nonce is too distant from current sender nonce
2026.10.01-20:50:29.502 error [caliper] [ethereum-connector] 	Failed tx on registroDeBatches; calling method: registrarBatch; nonce: 0x59e
2026.10.01-20:50:29.502 error [caliper] [ethereum-connector] 	Error: Returned error: Transaction nonce is too distant from current sender nonce
2026.10.01-20:50:29.527 error [caliper] [ethereum-connector] 	Failed tx on registroDeBatches; calling method: registrarBatch; nonce: 0x59f
2026.10.01-20:50:29.527 error [caliper] [ethereum-connector] 	Error: Returned error: Transaction nonce is too distant from current sender nonce
2026.10.01-20:50:29.553 error [caliper] [ethereum-connector] 	Failed tx on registroDeBatches; calling method: registrarBatch; nonce: 0x5a0
2026.10.01-20:50:29.553 error [caliper] [ethereum-connector] 	Error: Returned error: Transaction nonce is too distant from current sender nonce
2026.10.01-20:50:29.577 error [caliper] [ethereum-connector] 	Failed tx on registroDeBatches; calling method: registrarBatch; nonce: 0x5a1
2026.10.01-20:50:29.577 error [caliper] [ethereum-connector] 	Error: Returned error: Transaction nonce is too distant from current sender nonce
2026.10.01-20:50:29.603 error [caliper] [ethereum-connector] 	Failed tx on registroDeBatches; calling method: registrarBatch; nonce: 0x5a2
2026.10.01-20:50:29.604 error [caliper] [ethereum-connector] 	Error: Returned error: Transaction nonce is too distant from current sender nonce
2026.10.01-20:50:29.631 error [caliper] [ethereum-connector] 	Failed tx on registroDeBatches; calling method: registrarBatch; nonce: 0x5a3
2026.10.01-20:50:29.631 error [caliper] [ethereum-connector] 	Error: Returned error: Transaction nonce is too distant from current sender nonce
2026.10.01-20:50:29.660 error [caliper] [ethereum-connector] 	Failed tx on registroDeBatches; calling method: registrarBatch; nonce: 0x5a4
2026.10.01-20:50:29.660 error [caliper] [ethereum-connector] 	Error: Returned error: Transaction nonce is too distant from current sender nonce
2026.10.01-20:50:29.679 error [caliper] [ethereum-connector] 	Failed tx on registroDeBatches; calling method: registrarBatch; nonce: 0x5a5
2026.10.01-20:50:29.679 error [caliper] [ethereum-connector] 	Error: Returned error: Transaction nonce is too distant from current sender nonce
2026.10.01-20:50:29.703 error [caliper] [ethereum-connector] 	Failed tx on registroDeBatches; calling method: registrarBatch; nonce: 0x5a6
2026.10.01-20:50:29.704 error [caliper] [ethereum-connector] 	Error: Returned error: Transaction nonce is too distant from current sender nonce
2026.10.01-20:50:29.727 error [caliper] [ethereum-connector] 	Failed tx on registroDeBatches; calling method: registrarBatch; nonce: 0x5a7
2026.10.01-20:50:29.727 error [caliper] [ethereum-connector] 	Error: Returned error: Transaction nonce is too distant from current sender nonce
2026.10.01-20:50:29.752 error [caliper] [ethereum-connector] 	Failed tx on registroDeBatches; calling method: registrarBatch; nonce: 0x5a8
2026.10.01-20:50:29.752 error [caliper] [ethereum-connector] 	Error: Returned error: Transaction nonce is too distant from current sender nonce
2026.10.01-20:50:29.780 error [caliper] [ethereum-connector] 	Failed tx on registroDeBatches; calling method: registrarBatch; nonce: 0x5a9
2026.10.01-20:50:29.780 error [caliper] [ethereum-connector] 	Error: Returned error: Transaction nonce is too distant from current sender nonce
2026.10.01-20:50:29.804 error [caliper] [ethereum-connector] 	Failed tx on registroDeBatches; calling method: registrarBatch; nonce: 0x5aa
2026.10.01-20:50:29.804 error [caliper] [ethereum-connector] 	Error: Returned error: Transaction nonce is too distant from current sender nonce
2026.10.01-20:50:29.829 error [caliper] [ethereum-connector] 	Failed tx on registroDeBatches; calling method: registrarBatch; nonce: 0x5ab
2026.10.01-20:50:29.830 error [caliper] [ethereum-connector] 	Error: Returned error: Transaction nonce is too distant from current sender nonce
2026.10.01-20:50:29.853 error [caliper] [ethereum-connector] 	Failed tx on registroDeBatches; calling method: registrarBatch; nonce: 0x5ac
2026.10.01-20:50:29.853 error [caliper] [ethereum-connector] 	Error: Returned error: Transaction nonce is too distant from current sender nonce
2026.10.01-20:50:29.877 error [caliper] [ethereum-connector] 	Failed tx on registroDeBatches; calling method: registrarBatch; nonce: 0x5ad
2026.10.01-20:50:29.877 error [caliper] [ethereum-connector] 	Error: Returned error: Transaction nonce is too distant from current sender nonce
2026.10.01-20:50:29.903 error [caliper] [ethereum-connector] 	Failed tx on registroDeBatches; calling method: registrarBatch; nonce: 0x5ae
2026.10.01-20:50:29.903 error [caliper] [ethereum-connector] 	Error: Returned error: Transaction nonce is too distant from current sender nonce
2026.10.01-20:50:29.928 error [caliper] [ethereum-connector] 	Failed tx on registroDeBatches; calling method: registrarBatch; nonce: 0x5af
2026.10.01-20:50:29.929 error [caliper] [ethereum-connector] 	Error: Returned error: Transaction nonce is too distant from current sender nonce
2026.10.01-20:50:29.953 error [caliper] [ethereum-connector] 	Failed tx on registroDeBatches; calling method: registrarBatch; nonce: 0x5b0
2026.10.01-20:50:29.953 error [caliper] [ethereum-connector] 	Error: Returned error: Transaction nonce is too distant from current sender nonce
2026.10.01-20:50:29.978 error [caliper] [ethereum-connector] 	Failed tx on registroDeBatches; calling method: registrarBatch; nonce: 0x5b1
2026.10.01-20:50:29.978 error [caliper] [ethereum-connector] 	Error: Returned error: Transaction nonce is too distant from current sender nonce
2026.10.01-20:50:30.003 error [caliper] [ethereum-connector] 	Failed tx on registroDeBatches; calling method: registrarBatch; nonce: 0x5b2
2026.10.01-20:50:30.003 error [caliper] [ethereum-connector] 	Error: Returned error: Transaction nonce is too distant from current sender nonce
2026.10.01-20:50:30.030 error [caliper] [ethereum-connector] 	Failed tx on registroDeBatches; calling method: registrarBatch; nonce: 0x5b3
2026.10.01-20:50:30.030 error [caliper] [ethereum-connector] 	Error: Returned error: Transaction nonce is too distant from current sender nonce
2026.10.01-20:50:30.057 error [caliper] [ethereum-connector] 	Failed tx on registroDeBatches; calling method: registrarBatch; nonce: 0x5b4
2026.10.01-20:50:30.057 error [caliper] [ethereum-connector] 	Error: Returned error: Transaction nonce is too distant from current sender nonce
2026.10.01-20:50:30.076 error [caliper] [ethereum-connector] 	Failed tx on registroDeBatches; calling method: registrarBatch; nonce: 0x5b5
2026.10.01-20:50:30.076 error [caliper] [ethereum-connector] 	Error: Returned error: Transaction nonce is too distant from current sender nonce
2026.10.01-20:50:30.106 error [caliper] [ethereum-connector] 	Failed tx on registroDeBatches; calling method: registrarBatch; nonce: 0x5b6
2026.10.01-20:50:30.106 error [caliper] [ethereum-connector] 	Error: Returned error: Transaction nonce is too distant from current sender nonce
2026.10.01-20:50:30.131 error [caliper] [ethereum-connector] 	Failed tx on registroDeBatches; calling method: registrarBatch; nonce: 0x5b7
2026.10.01-20:50:30.131 error [caliper] [ethereum-connector] 	Error: Returned error: Transaction nonce is too distant from current sender nonce
2026.10.01-20:50:30.160 error [caliper] [ethereum-connector] 	Failed tx on registroDeBatches; calling method: registrarBatch; nonce: 0x5b8
2026.10.01-20:50:30.160 error [caliper] [ethereum-connector] 	Error: Returned error: Transaction nonce is too distant from current sender nonce
2026.10.01-20:50:30.178 error [caliper] [ethereum-connector] 	Failed tx on registroDeBatches; calling method: registrarBatch; nonce: 0x5b9
2026.10.01-20:50:30.178 error [caliper] [ethereum-connector] 	Error: Returned error: Transaction nonce is too distant from current sender nonce
2026.10.01-20:50:30.202 error [caliper] [ethereum-connector] 	Failed tx on registroDeBatches; calling method: registrarBatch; nonce: 0x5ba
2026.10.01-20:50:30.202 error [caliper] [ethereum-connector] 	Error: Returned error: Transaction nonce is too distant from current sender nonce
2026.10.01-20:50:30.229 error [caliper] [ethereum-connector] 	Failed tx on registroDeBatches; calling method: registrarBatch; nonce: 0x5bb
2026.10.01-20:50:30.229 error [caliper] [ethereum-connector] 	Error: Returned error: Transaction nonce is too distant from current sender nonce
2026.10.01-20:50:30.254 error [caliper] [ethereum-connector] 	Failed tx on registroDeBatches; calling method: registrarBatch; nonce: 0x5bc
2026.10.01-20:50:30.254 error [caliper] [ethereum-connector] 	Error: Returned error: Transaction nonce is too distant from current sender nonce
2026.10.01-20:50:30.278 error [caliper] [ethereum-connector] 	Failed tx on registroDeBatches; calling method: registrarBatch; nonce: 0x5bd
2026.10.01-20:50:30.279 error [caliper] [ethereum-connector] 	Error: Returned error: Transaction nonce is too distant from current sender nonce
2026.10.01-20:50:30.302 error [caliper] [ethereum-connector] 	Failed tx on registroDeBatches; calling method: registrarBatch; nonce: 0x5be
2026.10.01-20:50:30.302 error [caliper] [ethereum-connector] 	Error: Returned error: Transaction nonce is too distant from current sender nonce
2026.10.01-20:50:30.327 error [caliper] [ethereum-connector] 	Failed tx on registroDeBatches; calling method: registrarBatch; nonce: 0x5bf
2026.10.01-20:50:30.327 error [caliper] [ethereum-connector] 	Error: Returned error: Transaction nonce is too distant from current sender nonce
2026.10.01-20:50:30.353 error [caliper] [ethereum-connector] 	Failed tx on registroDeBatches; calling method: registrarBatch; nonce: 0x5c0
2026.10.01-20:50:30.353 error [caliper] [ethereum-connector] 	Error: Returned error: Transaction nonce is too distant from current sender nonce
2026.10.01-20:50:30.378 error [caliper] [ethereum-connector] 	Failed tx on registroDeBatches; calling method: registrarBatch; nonce: 0x5c1
2026.10.01-20:50:30.378 error [caliper] [ethereum-connector] 	Error: Returned error: Transaction nonce is too distant from current sender nonce
2026.10.01-20:50:30.404 error [caliper] [ethereum-connector] 	Failed tx on registroDeBatches; calling method: registrarBatch; nonce: 0x5c2
2026.10.01-20:50:30.404 error [caliper] [ethereum-connector] 	Error: Returned error: Transaction nonce is too distant from current sender nonce
2026.10.01-20:50:30.430 error [caliper] [ethereum-connector] 	Failed tx on registroDeBatches; calling method: registrarBatch; nonce: 0x5c3
2026.10.01-20:50:30.430 error [caliper] [ethereum-connector] 	Error: Returned error: Transaction nonce is too distant from current sender nonce
2026.10.01-20:50:30.455 error [caliper] [ethereum-connector] 	Failed tx on registroDeBatches; calling method: registrarBatch; nonce: 0x5c4
2026.10.01-20:50:30.455 error [caliper] [ethereum-connector] 	Error: Returned error: Transaction nonce is too distant from current sender nonce
2026.10.01-20:50:30.479 error [caliper] [ethereum-connector] 	Failed tx on registroDeBatches; calling method: registrarBatch; nonce: 0x5c5
2026.10.01-20:50:30.479 error [caliper] [ethereum-connector] 	Error: Returned error: Transaction nonce is too distant from current sender nonce
2026.10.01-20:50:30.504 error [caliper] [ethereum-connector] 	Failed tx on registroDeBatches; calling method: registrarBatch; nonce: 0x5c6
2026.10.01-20:50:30.505 error [caliper] [ethereum-connector] 	Error: Returned error: Transaction nonce is too distant from current sender nonce
2026.10.01-20:50:30.528 error [caliper] [ethereum-connector] 	Failed tx on registroDeBatches; calling method: registrarBatch; nonce: 0x5c7
2026.10.01-20:50:30.529 error [caliper] [ethereum-connector] 	Error: Returned error: Transaction nonce is too distant from current sender nonce
2026.10.01-20:50:30.554 error [caliper] [ethereum-connector] 	Failed tx on registroDeBatches; calling method: registrarBatch; nonce: 0x5c8
2026.10.01-20:50:30.554 error [caliper] [ethereum-connector] 	Error: Returned error: Transaction nonce is too distant from current sender nonce
2026.10.01-20:50:30.579 error [caliper] [ethereum-connector] 	Failed tx on registroDeBatches; calling method: registrarBatch; nonce: 0x5c9
2026.10.01-20:50:30.579 error [caliper] [ethereum-connector] 	Error: Returned error: Transaction nonce is too distant from current sender nonce
2026.10.01-20:50:30.604 error [caliper] [ethereum-connector] 	Failed tx on registroDeBatches; calling method: registrarBatch; nonce: 0x5ca
2026.10.01-20:50:30.604 error [caliper] [ethereum-connector] 	Error: Returned error: Transaction nonce is too distant from current sender nonce
2026.10.01-20:50:30.629 error [caliper] [ethereum-connector] 	Failed tx on registroDeBatches; calling method: registrarBatch; nonce: 0x5cb
2026.10.01-20:50:30.629 error [caliper] [ethereum-connector] 	Error: Returned error: Transaction nonce is too distant from current sender nonce
2026.10.01-20:50:30.652 error [caliper] [ethereum-connector] 	Failed tx on registroDeBatches; calling method: registrarBatch; nonce: 0x5cc
2026.10.01-20:50:30.652 error [caliper] [ethereum-connector] 	Error: Returned error: Transaction nonce is too distant from current sender nonce
2026.10.01-20:50:30.679 error [caliper] [ethereum-connector] 	Failed tx on registroDeBatches; calling method: registrarBatch; nonce: 0x5cd
2026.10.01-20:50:30.679 error [caliper] [ethereum-connector] 	Error: Returned error: Transaction nonce is too distant from current sender nonce
2026.10.01-20:50:30.704 error [caliper] [ethereum-connector] 	Failed tx on registroDeBatches; calling method: registrarBatch; nonce: 0x5ce
2026.10.01-20:50:30.704 error [caliper] [ethereum-connector] 	Error: Returned error: Transaction nonce is too distant from current sender nonce
2026.10.01-20:50:30.729 error [caliper] [ethereum-connector] 	Failed tx on registroDeBatches; calling method: registrarBatch; nonce: 0x5cf
2026.10.01-20:50:30.729 error [caliper] [ethereum-connector] 	Error: Returned error: Transaction nonce is too distant from current sender nonce
2026.10.01-20:50:30.754 error [caliper] [ethereum-connector] 	Failed tx on registroDeBatches; calling method: registrarBatch; nonce: 0x5d0
2026.10.01-20:50:30.755 error [caliper] [ethereum-connector] 	Error: Returned error: Transaction nonce is too distant from current sender nonce
2026.10.01-20:50:30.778 error [caliper] [ethereum-connector] 	Failed tx on registroDeBatches; calling method: registrarBatch; nonce: 0x5d1
2026.10.01-20:50:30.778 error [caliper] [ethereum-connector] 	Error: Returned error: Transaction nonce is too distant from current sender nonce
2026.10.01-20:50:30.804 error [caliper] [ethereum-connector] 	Failed tx on registroDeBatches; calling method: registrarBatch; nonce: 0x5d2
2026.10.01-20:50:30.804 error [caliper] [ethereum-connector] 	Error: Returned error: Transaction nonce is too distant from current sender nonce
2026.10.01-20:50:30.827 error [caliper] [ethereum-connector] 	Failed tx on registroDeBatches; calling method: registrarBatch; nonce: 0x5d3
2026.10.01-20:50:30.828 error [caliper] [ethereum-connector] 	Error: Returned error: Transaction nonce is too distant from current sender nonce
2026.10.01-20:50:30.853 error [caliper] [ethereum-connector] 	Failed tx on registroDeBatches; calling method: registrarBatch; nonce: 0x5d4
2026.10.01-20:50:30.853 error [caliper] [ethereum-connector] 	Error: Returned error: Transaction nonce is too distant from current sender nonce
2026.10.01-20:50:30.878 error [caliper] [ethereum-connector] 	Failed tx on registroDeBatches; calling method: registrarBatch; nonce: 0x5d5
2026.10.01-20:50:30.878 error [caliper] [ethereum-connector] 	Error: Returned error: Transaction nonce is too distant from current sender nonce
2026.10.01-20:50:30.905 error [caliper] [ethereum-connector] 	Failed tx on registroDeBatches; calling method: registrarBatch; nonce: 0x5d6
2026.10.01-20:50:30.905 error [caliper] [ethereum-connector] 	Error: Returned error: Transaction nonce is too distant from current sender nonce
2026.10.01-20:50:30.928 error [caliper] [ethereum-connector] 	Failed tx on registroDeBatches; calling method: registrarBatch; nonce: 0x5d7
2026.10.01-20:50:30.928 error [caliper] [ethereum-connector] 	Error: Returned error: Transaction nonce is too distant from current sender nonce
2026.10.01-20:50:30.952 error [caliper] [ethereum-connector] 	Failed tx on registroDeBatches; calling method: registrarBatch; nonce: 0x5d8
2026.10.01-20:50:30.952 error [caliper] [ethereum-connector] 	Error: Returned error: Transaction nonce is too distant from current sender nonce
2026.10.01-20:50:30.977 error [caliper] [ethereum-connector] 	Failed tx on registroDeBatches; calling method: registrarBatch; nonce: 0x5d9
2026.10.01-20:50:30.977 error [caliper] [ethereum-connector] 	Error: Returned error: Transaction nonce is too distant from current sender nonce
2026.10.01-20:50:31.003 error [caliper] [ethereum-connector] 	Failed tx on registroDeBatches; calling method: registrarBatch; nonce: 0x5da
2026.10.01-20:50:31.003 error [caliper] [ethereum-connector] 	Error: Returned error: Transaction nonce is too distant from current sender nonce
2026.10.01-20:50:31.032 error [caliper] [ethereum-connector] 	Failed tx on registroDeBatches; calling method: registrarBatch; nonce: 0x5db
2026.10.01-20:50:31.033 error [caliper] [ethereum-connector] 	Error: Returned error: Transaction nonce is too distant from current sender nonce
2026.10.01-20:50:31.063 error [caliper] [ethereum-connector] 	Failed tx on registroDeBatches; calling method: registrarBatch; nonce: 0x5dc
2026.10.01-20:50:31.063 error [caliper] [ethereum-connector] 	Error: Returned error: Transaction nonce is too distant from current sender nonce
2026.10.01-20:50:31.086 error [caliper] [ethereum-connector] 	Failed tx on registroDeBatches; calling method: registrarBatch; nonce: 0x5dd
2026.10.01-20:50:31.086 error [caliper] [ethereum-connector] 	Error: Returned error: Transaction nonce is too distant from current sender nonce
2026.10.01-20:50:31.115 error [caliper] [ethereum-connector] 	Failed tx on registroDeBatches; calling method: registrarBatch; nonce: 0x5de
2026.10.01-20:50:31.115 error [caliper] [ethereum-connector] 	Error: Returned error: Transaction nonce is too distant from current sender nonce
2026.10.01-20:50:31.122 info  [caliper] [default-observer] 	[tps-40 Round 2 Transaction Info] - Submitted: 561 Succ: 224 Fail:232 Unfinished:105
2026.10.01-20:50:31.130 error [caliper] [ethereum-connector] 	Failed tx on registroDeBatches; calling method: registrarBatch; nonce: 0x5df
2026.10.01-20:50:31.130 error [caliper] [ethereum-connector] 	Error: Returned error: Transaction nonce is too distant from current sender nonce
2026.10.01-20:50:31.162 error [caliper] [ethereum-connector] 	Failed tx on registroDeBatches; calling method: registrarBatch; nonce: 0x5e0
2026.10.01-20:50:31.163 error [caliper] [ethereum-connector] 	Error: Returned error: Transaction nonce is too distant from current sender nonce
2026.10.01-20:50:31.179 error [caliper] [ethereum-connector] 	Failed tx on registroDeBatches; calling method: registrarBatch; nonce: 0x5e1
2026.10.01-20:50:31.179 error [caliper] [ethereum-connector] 	Error: Returned error: Transaction nonce is too distant from current sender nonce
2026.10.01-20:50:31.229 error [caliper] [ethereum-connector] 	Failed tx on registroDeBatches; calling method: registrarBatch; nonce: 0x5e2
2026.10.01-20:50:31.229 error [caliper] [ethereum-connector] 	Error: Returned error: Transaction nonce is too distant from current sender nonce
2026.10.01-20:50:31.234 error [caliper] [ethereum-connector] 	Failed tx on registroDeBatches; calling method: registrarBatch; nonce: 0x5e3
2026.10.01-20:50:31.234 error [caliper] [ethereum-connector] 	Error: Returned error: Transaction nonce is too distant from current sender nonce
2026.10.01-20:50:31.259 error [caliper] [ethereum-connector] 	Failed tx on registroDeBatches; calling method: registrarBatch; nonce: 0x5e4
2026.10.01-20:50:31.259 error [caliper] [ethereum-connector] 	Error: Returned error: Transaction nonce is too distant from current sender nonce
2026.10.01-20:50:31.299 error [caliper] [ethereum-connector] 	Failed tx on registroDeBatches; calling method: registrarBatch; nonce: 0x5e5
2026.10.01-20:50:31.299 error [caliper] [ethereum-connector] 	Error: Returned error: Transaction nonce is too distant from current sender nonce
2026.10.01-20:50:31.314 error [caliper] [ethereum-connector] 	Failed tx on registroDeBatches; calling method: registrarBatch; nonce: 0x5e6
2026.10.01-20:50:31.314 error [caliper] [ethereum-connector] 	Error: Returned error: Transaction nonce is too distant from current sender nonce
2026.10.01-20:50:31.329 error [caliper] [ethereum-connector] 	Failed tx on registroDeBatches; calling method: registrarBatch; nonce: 0x5e7
2026.10.01-20:50:31.329 error [caliper] [ethereum-connector] 	Error: Returned error: Transaction nonce is too distant from current sender nonce
2026.10.01-20:50:31.358 error [caliper] [ethereum-connector] 	Failed tx on registroDeBatches; calling method: registrarBatch; nonce: 0x5e8
2026.10.01-20:50:31.358 error [caliper] [ethereum-connector] 	Error: Returned error: Transaction nonce is too distant from current sender nonce
2026.10.01-20:50:31.378 error [caliper] [ethereum-connector] 	Failed tx on registroDeBatches; calling method: registrarBatch; nonce: 0x5e9
2026.10.01-20:50:31.379 error [caliper] [ethereum-connector] 	Error: Returned error: Transaction nonce is too distant from current sender nonce
2026.10.01-20:50:31.403 error [caliper] [ethereum-connector] 	Failed tx on registroDeBatches; calling method: registrarBatch; nonce: 0x5ea
2026.10.01-20:50:31.403 error [caliper] [ethereum-connector] 	Error: Returned error: Transaction nonce is too distant from current sender nonce
2026.10.01-20:50:31.429 error [caliper] [ethereum-connector] 	Failed tx on registroDeBatches; calling method: registrarBatch; nonce: 0x5eb
2026.10.01-20:50:31.429 error [caliper] [ethereum-connector] 	Error: Returned error: Transaction nonce is too distant from current sender nonce
2026.10.01-20:50:31.454 error [caliper] [ethereum-connector] 	Failed tx on registroDeBatches; calling method: registrarBatch; nonce: 0x5ec
2026.10.01-20:50:31.454 error [caliper] [ethereum-connector] 	Error: Returned error: Transaction nonce is too distant from current sender nonce
2026.10.01-20:50:31.478 error [caliper] [ethereum-connector] 	Failed tx on registroDeBatches; calling method: registrarBatch; nonce: 0x5ed
2026.10.01-20:50:31.478 error [caliper] [ethereum-connector] 	Error: Returned error: Transaction nonce is too distant from current sender nonce
2026.10.01-20:50:31.502 error [caliper] [ethereum-connector] 	Failed tx on registroDeBatches; calling method: registrarBatch; nonce: 0x5ee
2026.10.01-20:50:31.502 error [caliper] [ethereum-connector] 	Error: Returned error: Transaction nonce is too distant from current sender nonce
2026.10.01-20:50:31.527 error [caliper] [ethereum-connector] 	Failed tx on registroDeBatches; calling method: registrarBatch; nonce: 0x5ef
2026.10.01-20:50:31.528 error [caliper] [ethereum-connector] 	Error: Returned error: Transaction nonce is too distant from current sender nonce
2026.10.01-20:50:31.552 error [caliper] [ethereum-connector] 	Failed tx on registroDeBatches; calling method: registrarBatch; nonce: 0x5f0
2026.10.01-20:50:31.553 error [caliper] [ethereum-connector] 	Error: Returned error: Transaction nonce is too distant from current sender nonce
2026.10.01-20:50:31.577 error [caliper] [ethereum-connector] 	Failed tx on registroDeBatches; calling method: registrarBatch; nonce: 0x5f1
2026.10.01-20:50:31.577 error [caliper] [ethereum-connector] 	Error: Returned error: Transaction nonce is too distant from current sender nonce
2026.10.01-20:50:31.602 error [caliper] [ethereum-connector] 	Failed tx on registroDeBatches; calling method: registrarBatch; nonce: 0x5f2
2026.10.01-20:50:31.602 error [caliper] [ethereum-connector] 	Error: Returned error: Transaction nonce is too distant from current sender nonce
2026.10.01-20:50:31.626 error [caliper] [ethereum-connector] 	Failed tx on registroDeBatches; calling method: registrarBatch; nonce: 0x5f3
2026.10.01-20:50:31.626 error [caliper] [ethereum-connector] 	Error: Returned error: Transaction nonce is too distant from current sender nonce
2026.10.01-20:50:31.652 error [caliper] [ethereum-connector] 	Failed tx on registroDeBatches; calling method: registrarBatch; nonce: 0x5f4
2026.10.01-20:50:31.653 error [caliper] [ethereum-connector] 	Error: Returned error: Transaction nonce is too distant from current sender nonce
2026.10.01-20:50:31.678 error [caliper] [ethereum-connector] 	Failed tx on registroDeBatches; calling method: registrarBatch; nonce: 0x5f5
2026.10.01-20:50:31.678 error [caliper] [ethereum-connector] 	Error: Returned error: Transaction nonce is too distant from current sender nonce
2026.10.01-20:50:31.704 error [caliper] [ethereum-connector] 	Failed tx on registroDeBatches; calling method: registrarBatch; nonce: 0x5f6
2026.10.01-20:50:31.704 error [caliper] [ethereum-connector] 	Error: Returned error: Transaction nonce is too distant from current sender nonce
2026.10.01-20:50:31.728 error [caliper] [ethereum-connector] 	Failed tx on registroDeBatches; calling method: registrarBatch; nonce: 0x5f7
2026.10.01-20:50:31.728 error [caliper] [ethereum-connector] 	Error: Returned error: Transaction nonce is too distant from current sender nonce
2026.10.01-20:50:31.753 error [caliper] [ethereum-connector] 	Failed tx on registroDeBatches; calling method: registrarBatch; nonce: 0x5f8
2026.10.01-20:50:31.753 error [caliper] [ethereum-connector] 	Error: Returned error: Transaction nonce is too distant from current sender nonce
2026.10.01-20:50:31.780 error [caliper] [ethereum-connector] 	Failed tx on registroDeBatches; calling method: registrarBatch; nonce: 0x5f9
2026.10.01-20:50:31.780 error [caliper] [ethereum-connector] 	Error: Returned error: Transaction nonce is too distant from current sender nonce
2026.10.01-20:50:31.803 error [caliper] [ethereum-connector] 	Failed tx on registroDeBatches; calling method: registrarBatch; nonce: 0x5fa
2026.10.01-20:50:31.803 error [caliper] [ethereum-connector] 	Error: Returned error: Transaction nonce is too distant from current sender nonce
2026.10.01-20:50:31.829 error [caliper] [ethereum-connector] 	Failed tx on registroDeBatches; calling method: registrarBatch; nonce: 0x5fb
2026.10.01-20:50:31.829 error [caliper] [ethereum-connector] 	Error: Returned error: Transaction nonce is too distant from current sender nonce
2026.10.01-20:50:31.890 error [caliper] [ethereum-connector] 	Failed tx on registroDeBatches; calling method: registrarBatch; nonce: 0x5fc
2026.10.01-20:50:31.890 error [caliper] [ethereum-connector] 	Error: Returned error: Transaction nonce is too distant from current sender nonce
2026.10.01-20:50:31.890 error [caliper] [ethereum-connector] 	Failed tx on registroDeBatches; calling method: registrarBatch; nonce: 0x5fd
2026.10.01-20:50:31.891 error [caliper] [ethereum-connector] 	Error: Returned error: Transaction nonce is too distant from current sender nonce
2026.10.01-20:50:31.915 error [caliper] [ethereum-connector] 	Failed tx on registroDeBatches; calling method: registrarBatch; nonce: 0x5fe
2026.10.01-20:50:31.915 error [caliper] [ethereum-connector] 	Error: Returned error: Transaction nonce is too distant from current sender nonce
2026.10.01-20:50:31.929 error [caliper] [ethereum-connector] 	Failed tx on registroDeBatches; calling method: registrarBatch; nonce: 0x5ff
2026.10.01-20:50:31.929 error [caliper] [ethereum-connector] 	Error: Returned error: Transaction nonce is too distant from current sender nonce
2026.10.01-20:50:31.953 error [caliper] [ethereum-connector] 	Failed tx on registroDeBatches; calling method: registrarBatch; nonce: 0x600
2026.10.01-20:50:31.953 error [caliper] [ethereum-connector] 	Error: Returned error: Transaction nonce is too distant from current sender nonce
2026.10.01-20:50:31.977 error [caliper] [ethereum-connector] 	Failed tx on registroDeBatches; calling method: registrarBatch; nonce: 0x601
2026.10.01-20:50:31.977 error [caliper] [ethereum-connector] 	Error: Returned error: Transaction nonce is too distant from current sender nonce
2026.10.01-20:50:32.002 error [caliper] [ethereum-connector] 	Failed tx on registroDeBatches; calling method: registrarBatch; nonce: 0x602
2026.10.01-20:50:32.002 error [caliper] [ethereum-connector] 	Error: Returned error: Transaction nonce is too distant from current sender nonce
2026.10.01-20:50:32.030 error [caliper] [ethereum-connector] 	Failed tx on registroDeBatches; calling method: registrarBatch; nonce: 0x603
2026.10.01-20:50:32.030 error [caliper] [ethereum-connector] 	Error: Returned error: Transaction nonce is too distant from current sender nonce
2026.10.01-20:50:32.058 error [caliper] [ethereum-connector] 	Failed tx on registroDeBatches; calling method: registrarBatch; nonce: 0x604
2026.10.01-20:50:32.058 error [caliper] [ethereum-connector] 	Error: Returned error: Transaction nonce is too distant from current sender nonce
2026.10.01-20:50:32.078 error [caliper] [ethereum-connector] 	Failed tx on registroDeBatches; calling method: registrarBatch; nonce: 0x605
2026.10.01-20:50:32.078 error [caliper] [ethereum-connector] 	Error: Returned error: Transaction nonce is too distant from current sender nonce
2026.10.01-20:50:32.104 error [caliper] [ethereum-connector] 	Failed tx on registroDeBatches; calling method: registrarBatch; nonce: 0x606
2026.10.01-20:50:32.104 error [caliper] [ethereum-connector] 	Error: Returned error: Transaction nonce is too distant from current sender nonce
2026.10.01-20:50:32.130 error [caliper] [ethereum-connector] 	Failed tx on registroDeBatches; calling method: registrarBatch; nonce: 0x607
2026.10.01-20:50:32.130 error [caliper] [ethereum-connector] 	Error: Returned error: Transaction nonce is too distant from current sender nonce
2026.10.01-20:50:32.154 error [caliper] [ethereum-connector] 	Failed tx on registroDeBatches; calling method: registrarBatch; nonce: 0x608
2026.10.01-20:50:32.154 error [caliper] [ethereum-connector] 	Error: Returned error: Transaction nonce is too distant from current sender nonce
2026.10.01-20:50:32.177 error [caliper] [ethereum-connector] 	Failed tx on registroDeBatches; calling method: registrarBatch; nonce: 0x609
2026.10.01-20:50:32.177 error [caliper] [ethereum-connector] 	Error: Returned error: Transaction nonce is too distant from current sender nonce
2026.10.01-20:50:32.202 error [caliper] [ethereum-connector] 	Failed tx on registroDeBatches; calling method: registrarBatch; nonce: 0x60a
2026.10.01-20:50:32.202 error [caliper] [ethereum-connector] 	Error: Returned error: Transaction nonce is too distant from current sender nonce
2026.10.01-20:50:32.227 error [caliper] [ethereum-connector] 	Failed tx on registroDeBatches; calling method: registrarBatch; nonce: 0x60b
2026.10.01-20:50:32.227 error [caliper] [ethereum-connector] 	Error: Returned error: Transaction nonce is too distant from current sender nonce
2026.10.01-20:50:32.253 error [caliper] [ethereum-connector] 	Failed tx on registroDeBatches; calling method: registrarBatch; nonce: 0x60c
2026.10.01-20:50:32.253 error [caliper] [ethereum-connector] 	Error: Returned error: Transaction nonce is too distant from current sender nonce
2026.10.01-20:50:32.278 error [caliper] [ethereum-connector] 	Failed tx on registroDeBatches; calling method: registrarBatch; nonce: 0x60d
2026.10.01-20:50:32.278 error [caliper] [ethereum-connector] 	Error: Returned error: Transaction nonce is too distant from current sender nonce
2026.10.01-20:50:32.307 error [caliper] [ethereum-connector] 	Failed tx on registroDeBatches; calling method: registrarBatch; nonce: 0x60e
2026.10.01-20:50:32.307 error [caliper] [ethereum-connector] 	Error: Returned error: Transaction nonce is too distant from current sender nonce
2026.10.01-20:50:32.329 error [caliper] [ethereum-connector] 	Failed tx on registroDeBatches; calling method: registrarBatch; nonce: 0x60f
2026.10.01-20:50:32.329 error [caliper] [ethereum-connector] 	Error: Returned error: Transaction nonce is too distant from current sender nonce
2026.10.01-20:50:32.353 error [caliper] [ethereum-connector] 	Failed tx on registroDeBatches; calling method: registrarBatch; nonce: 0x610
2026.10.01-20:50:32.353 error [caliper] [ethereum-connector] 	Error: Returned error: Transaction nonce is too distant from current sender nonce
2026.10.01-20:50:32.378 error [caliper] [ethereum-connector] 	Failed tx on registroDeBatches; calling method: registrarBatch; nonce: 0x611
2026.10.01-20:50:32.378 error [caliper] [ethereum-connector] 	Error: Returned error: Transaction nonce is too distant from current sender nonce
2026.10.01-20:50:32.415 error [caliper] [ethereum-connector] 	Failed tx on registroDeBatches; calling method: registrarBatch; nonce: 0x612
2026.10.01-20:50:32.415 error [caliper] [ethereum-connector] 	Error: Returned error: Transaction nonce is too distant from current sender nonce
2026.10.01-20:50:32.492 error [caliper] [ethereum-connector] 	Failed tx on registroDeBatches; calling method: registrarBatch; nonce: 0x613
2026.10.01-20:50:32.492 error [caliper] [ethereum-connector] 	Error: Returned error: Transaction nonce is too distant from current sender nonce
2026.10.01-20:50:32.498 error [caliper] [ethereum-connector] 	Failed tx on registroDeBatches; calling method: registrarBatch; nonce: 0x614
2026.10.01-20:50:32.498 error [caliper] [ethereum-connector] 	Error: Returned error: Transaction nonce is too distant from current sender nonce
2026.10.01-20:50:32.500 error [caliper] [ethereum-connector] 	Failed tx on registroDeBatches; calling method: registrarBatch; nonce: 0x615
2026.10.01-20:50:32.500 error [caliper] [ethereum-connector] 	Error: Returned error: Transaction nonce is too distant from current sender nonce
2026.10.01-20:50:32.503 error [caliper] [ethereum-connector] 	Failed tx on registroDeBatches; calling method: registrarBatch; nonce: 0x616
2026.10.01-20:50:32.503 error [caliper] [ethereum-connector] 	Error: Returned error: Transaction nonce is too distant from current sender nonce
2026.10.01-20:50:32.529 error [caliper] [ethereum-connector] 	Failed tx on registroDeBatches; calling method: registrarBatch; nonce: 0x617
2026.10.01-20:50:32.529 error [caliper] [ethereum-connector] 	Error: Returned error: Transaction nonce is too distant from current sender nonce
2026.10.01-20:50:32.553 error [caliper] [ethereum-connector] 	Failed tx on registroDeBatches; calling method: registrarBatch; nonce: 0x618
2026.10.01-20:50:32.553 error [caliper] [ethereum-connector] 	Error: Returned error: Transaction nonce is too distant from current sender nonce
2026.10.01-20:50:32.579 error [caliper] [ethereum-connector] 	Failed tx on registroDeBatches; calling method: registrarBatch; nonce: 0x619
2026.10.01-20:50:32.579 error [caliper] [ethereum-connector] 	Error: Returned error: Transaction nonce is too distant from current sender nonce
2026.10.01-20:50:32.603 error [caliper] [ethereum-connector] 	Failed tx on registroDeBatches; calling method: registrarBatch; nonce: 0x61a
2026.10.01-20:50:32.604 error [caliper] [ethereum-connector] 	Error: Returned error: Transaction nonce is too distant from current sender nonce
2026.10.01-20:50:32.629 error [caliper] [ethereum-connector] 	Failed tx on registroDeBatches; calling method: registrarBatch; nonce: 0x61b
2026.10.01-20:50:32.629 error [caliper] [ethereum-connector] 	Error: Returned error: Transaction nonce is too distant from current sender nonce
2026.10.01-20:50:32.652 error [caliper] [ethereum-connector] 	Failed tx on registroDeBatches; calling method: registrarBatch; nonce: 0x61c
2026.10.01-20:50:32.652 error [caliper] [ethereum-connector] 	Error: Returned error: Transaction nonce is too distant from current sender nonce
2026.10.01-20:50:32.678 error [caliper] [ethereum-connector] 	Failed tx on registroDeBatches; calling method: registrarBatch; nonce: 0x61d
2026.10.01-20:50:32.678 error [caliper] [ethereum-connector] 	Error: Returned error: Transaction nonce is too distant from current sender nonce
2026.10.01-20:50:32.703 error [caliper] [ethereum-connector] 	Failed tx on registroDeBatches; calling method: registrarBatch; nonce: 0x61e
2026.10.01-20:50:32.704 error [caliper] [ethereum-connector] 	Error: Returned error: Transaction nonce is too distant from current sender nonce
2026.10.01-20:50:32.727 error [caliper] [ethereum-connector] 	Failed tx on registroDeBatches; calling method: registrarBatch; nonce: 0x61f
2026.10.01-20:50:32.727 error [caliper] [ethereum-connector] 	Error: Returned error: Transaction nonce is too distant from current sender nonce
2026.10.01-20:50:32.753 error [caliper] [ethereum-connector] 	Failed tx on registroDeBatches; calling method: registrarBatch; nonce: 0x620
2026.10.01-20:50:32.753 error [caliper] [ethereum-connector] 	Error: Returned error: Transaction nonce is too distant from current sender nonce
2026.10.01-20:50:32.779 error [caliper] [ethereum-connector] 	Failed tx on registroDeBatches; calling method: registrarBatch; nonce: 0x621
2026.10.01-20:50:32.779 error [caliper] [ethereum-connector] 	Error: Returned error: Transaction nonce is too distant from current sender nonce
2026.10.01-20:50:32.804 error [caliper] [ethereum-connector] 	Failed tx on registroDeBatches; calling method: registrarBatch; nonce: 0x622
2026.10.01-20:50:32.804 error [caliper] [ethereum-connector] 	Error: Returned error: Transaction nonce is too distant from current sender nonce
2026.10.01-20:50:32.829 error [caliper] [ethereum-connector] 	Failed tx on registroDeBatches; calling method: registrarBatch; nonce: 0x623
2026.10.01-20:50:32.830 error [caliper] [ethereum-connector] 	Error: Returned error: Transaction nonce is too distant from current sender nonce
2026.10.01-20:50:32.852 error [caliper] [ethereum-connector] 	Failed tx on registroDeBatches; calling method: registrarBatch; nonce: 0x624
2026.10.01-20:50:32.852 error [caliper] [ethereum-connector] 	Error: Returned error: Transaction nonce is too distant from current sender nonce
2026.10.01-20:50:32.879 error [caliper] [ethereum-connector] 	Failed tx on registroDeBatches; calling method: registrarBatch; nonce: 0x625
2026.10.01-20:50:32.879 error [caliper] [ethereum-connector] 	Error: Returned error: Transaction nonce is too distant from current sender nonce
2026.10.01-20:50:32.903 error [caliper] [ethereum-connector] 	Failed tx on registroDeBatches; calling method: registrarBatch; nonce: 0x626
2026.10.01-20:50:32.903 error [caliper] [ethereum-connector] 	Error: Returned error: Transaction nonce is too distant from current sender nonce
2026.10.01-20:50:32.929 error [caliper] [ethereum-connector] 	Failed tx on registroDeBatches; calling method: registrarBatch; nonce: 0x627
2026.10.01-20:50:32.929 error [caliper] [ethereum-connector] 	Error: Returned error: Transaction nonce is too distant from current sender nonce
2026.10.01-20:50:32.953 error [caliper] [ethereum-connector] 	Failed tx on registroDeBatches; calling method: registrarBatch; nonce: 0x628
2026.10.01-20:50:32.953 error [caliper] [ethereum-connector] 	Error: Returned error: Transaction nonce is too distant from current sender nonce
2026.10.01-20:50:32.978 error [caliper] [ethereum-connector] 	Failed tx on registroDeBatches; calling method: registrarBatch; nonce: 0x629
2026.10.01-20:50:32.978 error [caliper] [ethereum-connector] 	Error: Returned error: Transaction nonce is too distant from current sender nonce
2026.10.01-20:50:33.003 error [caliper] [ethereum-connector] 	Failed tx on registroDeBatches; calling method: registrarBatch; nonce: 0x62a
2026.10.01-20:50:33.003 error [caliper] [ethereum-connector] 	Error: Returned error: Transaction nonce is too distant from current sender nonce
2026.10.01-20:50:33.031 error [caliper] [ethereum-connector] 	Failed tx on registroDeBatches; calling method: registrarBatch; nonce: 0x62b
2026.10.01-20:50:33.031 error [caliper] [ethereum-connector] 	Error: Returned error: Transaction nonce is too distant from current sender nonce
2026.10.01-20:50:33.055 error [caliper] [ethereum-connector] 	Failed tx on registroDeBatches; calling method: registrarBatch; nonce: 0x62c
2026.10.01-20:50:33.055 error [caliper] [ethereum-connector] 	Error: Returned error: Transaction nonce is too distant from current sender nonce
2026.10.01-20:50:33.081 error [caliper] [ethereum-connector] 	Failed tx on registroDeBatches; calling method: registrarBatch; nonce: 0x62d
2026.10.01-20:50:33.081 error [caliper] [ethereum-connector] 	Error: Returned error: Transaction nonce is too distant from current sender nonce
2026.10.01-20:50:33.103 error [caliper] [ethereum-connector] 	Failed tx on registroDeBatches; calling method: registrarBatch; nonce: 0x62e
2026.10.01-20:50:33.103 error [caliper] [ethereum-connector] 	Error: Returned error: Transaction nonce is too distant from current sender nonce
2026.10.01-20:50:33.134 error [caliper] [ethereum-connector] 	Failed tx on registroDeBatches; calling method: registrarBatch; nonce: 0x62f
2026.10.01-20:50:33.134 error [caliper] [ethereum-connector] 	Error: Returned error: Transaction nonce is too distant from current sender nonce
2026.10.01-20:50:33.154 error [caliper] [ethereum-connector] 	Failed tx on registroDeBatches; calling method: registrarBatch; nonce: 0x630
2026.10.01-20:50:33.154 error [caliper] [ethereum-connector] 	Error: Returned error: Transaction nonce is too distant from current sender nonce
2026.10.01-20:50:33.180 error [caliper] [ethereum-connector] 	Failed tx on registroDeBatches; calling method: registrarBatch; nonce: 0x631
2026.10.01-20:50:33.180 error [caliper] [ethereum-connector] 	Error: Returned error: Transaction nonce is too distant from current sender nonce
2026.10.01-20:50:33.230 error [caliper] [ethereum-connector] 	Failed tx on registroDeBatches; calling method: registrarBatch; nonce: 0x632
2026.10.01-20:50:33.230 error [caliper] [ethereum-connector] 	Error: Returned error: Transaction nonce is too distant from current sender nonce
2026.10.01-20:50:33.255 error [caliper] [ethereum-connector] 	Failed tx on registroDeBatches; calling method: registrarBatch; nonce: 0x633
2026.10.01-20:50:33.255 error [caliper] [ethereum-connector] 	Error: Returned error: Transaction nonce is too distant from current sender nonce
2026.10.01-20:50:33.255 error [caliper] [ethereum-connector] 	Failed tx on registroDeBatches; calling method: registrarBatch; nonce: 0x634
2026.10.01-20:50:33.255 error [caliper] [ethereum-connector] 	Error: Returned error: Transaction nonce is too distant from current sender nonce
2026.10.01-20:50:33.278 error [caliper] [ethereum-connector] 	Failed tx on registroDeBatches; calling method: registrarBatch; nonce: 0x635
2026.10.01-20:50:33.278 error [caliper] [ethereum-connector] 	Error: Returned error: Transaction nonce is too distant from current sender nonce
2026.10.01-20:50:33.302 error [caliper] [ethereum-connector] 	Failed tx on registroDeBatches; calling method: registrarBatch; nonce: 0x636
2026.10.01-20:50:33.302 error [caliper] [ethereum-connector] 	Error: Returned error: Transaction nonce is too distant from current sender nonce
2026.10.01-20:50:33.327 error [caliper] [ethereum-connector] 	Failed tx on registroDeBatches; calling method: registrarBatch; nonce: 0x637
2026.10.01-20:50:33.327 error [caliper] [ethereum-connector] 	Error: Returned error: Transaction nonce is too distant from current sender nonce
2026.10.01-20:50:33.352 error [caliper] [ethereum-connector] 	Failed tx on registroDeBatches; calling method: registrarBatch; nonce: 0x638
2026.10.01-20:50:33.352 error [caliper] [ethereum-connector] 	Error: Returned error: Transaction nonce is too distant from current sender nonce
2026.10.01-20:50:33.378 error [caliper] [ethereum-connector] 	Failed tx on registroDeBatches; calling method: registrarBatch; nonce: 0x639
2026.10.01-20:50:33.378 error [caliper] [ethereum-connector] 	Error: Returned error: Transaction nonce is too distant from current sender nonce
2026.10.01-20:50:33.403 error [caliper] [ethereum-connector] 	Failed tx on registroDeBatches; calling method: registrarBatch; nonce: 0x63a
2026.10.01-20:50:33.403 error [caliper] [ethereum-connector] 	Error: Returned error: Transaction nonce is too distant from current sender nonce
2026.10.01-20:50:33.427 error [caliper] [ethereum-connector] 	Failed tx on registroDeBatches; calling method: registrarBatch; nonce: 0x63b
2026.10.01-20:50:33.427 error [caliper] [ethereum-connector] 	Error: Returned error: Transaction nonce is too distant from current sender nonce
2026.10.01-20:50:33.453 error [caliper] [ethereum-connector] 	Failed tx on registroDeBatches; calling method: registrarBatch; nonce: 0x63c
2026.10.01-20:50:33.453 error [caliper] [ethereum-connector] 	Error: Returned error: Transaction nonce is too distant from current sender nonce
2026.10.01-20:50:33.478 error [caliper] [ethereum-connector] 	Failed tx on registroDeBatches; calling method: registrarBatch; nonce: 0x63d
2026.10.01-20:50:33.478 error [caliper] [ethereum-connector] 	Error: Returned error: Transaction nonce is too distant from current sender nonce
2026.10.01-20:50:33.502 error [caliper] [ethereum-connector] 	Failed tx on registroDeBatches; calling method: registrarBatch; nonce: 0x63e
2026.10.01-20:50:33.503 error [caliper] [ethereum-connector] 	Error: Returned error: Transaction nonce is too distant from current sender nonce
2026.10.01-20:50:33.528 error [caliper] [ethereum-connector] 	Failed tx on registroDeBatches; calling method: registrarBatch; nonce: 0x63f
2026.10.01-20:50:33.528 error [caliper] [ethereum-connector] 	Error: Returned error: Transaction nonce is too distant from current sender nonce
2026.10.01-20:50:33.554 error [caliper] [ethereum-connector] 	Failed tx on registroDeBatches; calling method: registrarBatch; nonce: 0x640
2026.10.01-20:50:33.554 error [caliper] [ethereum-connector] 	Error: Returned error: Transaction nonce is too distant from current sender nonce
2026.10.01-20:50:33.577 error [caliper] [ethereum-connector] 	Failed tx on registroDeBatches; calling method: registrarBatch; nonce: 0x641
2026.10.01-20:50:33.578 error [caliper] [ethereum-connector] 	Error: Returned error: Transaction nonce is too distant from current sender nonce
2026.10.01-20:50:33.602 error [caliper] [ethereum-connector] 	Failed tx on registroDeBatches; calling method: registrarBatch; nonce: 0x642
2026.10.01-20:50:33.602 error [caliper] [ethereum-connector] 	Error: Returned error: Transaction nonce is too distant from current sender nonce
2026.10.01-20:50:33.629 error [caliper] [ethereum-connector] 	Failed tx on registroDeBatches; calling method: registrarBatch; nonce: 0x643
2026.10.01-20:50:33.629 error [caliper] [ethereum-connector] 	Error: Returned error: Transaction nonce is too distant from current sender nonce
2026.10.01-20:50:33.651 error [caliper] [ethereum-connector] 	Failed tx on registroDeBatches; calling method: registrarBatch; nonce: 0x644
2026.10.01-20:50:33.651 error [caliper] [ethereum-connector] 	Error: Returned error: Transaction nonce is too distant from current sender nonce
2026.10.01-20:50:33.678 error [caliper] [ethereum-connector] 	Failed tx on registroDeBatches; calling method: registrarBatch; nonce: 0x645
2026.10.01-20:50:33.678 error [caliper] [ethereum-connector] 	Error: Returned error: Transaction nonce is too distant from current sender nonce
2026.10.01-20:50:33.703 error [caliper] [ethereum-connector] 	Failed tx on registroDeBatches; calling method: registrarBatch; nonce: 0x646
2026.10.01-20:50:33.703 error [caliper] [ethereum-connector] 	Error: Returned error: Transaction nonce is too distant from current sender nonce
2026.10.01-20:50:33.727 error [caliper] [ethereum-connector] 	Failed tx on registroDeBatches; calling method: registrarBatch; nonce: 0x647
2026.10.01-20:50:33.727 error [caliper] [ethereum-connector] 	Error: Returned error: Transaction nonce is too distant from current sender nonce
2026.10.01-20:50:33.753 error [caliper] [ethereum-connector] 	Failed tx on registroDeBatches; calling method: registrarBatch; nonce: 0x648
2026.10.01-20:50:33.753 error [caliper] [ethereum-connector] 	Error: Returned error: Transaction nonce is too distant from current sender nonce
2026.10.01-20:50:33.776 error [caliper] [ethereum-connector] 	Failed tx on registroDeBatches; calling method: registrarBatch; nonce: 0x649
2026.10.01-20:50:33.776 error [caliper] [ethereum-connector] 	Error: Returned error: Transaction nonce is too distant from current sender nonce
2026.10.01-20:50:33.802 error [caliper] [ethereum-connector] 	Failed tx on registroDeBatches; calling method: registrarBatch; nonce: 0x64a
2026.10.01-20:50:33.802 error [caliper] [ethereum-connector] 	Error: Returned error: Transaction nonce is too distant from current sender nonce
2026.10.01-20:50:33.832 error [caliper] [ethereum-connector] 	Failed tx on registroDeBatches; calling method: registrarBatch; nonce: 0x64b
2026.10.01-20:50:33.832 error [caliper] [ethereum-connector] 	Error: Returned error: Transaction nonce is too distant from current sender nonce
2026.10.01-20:50:33.857 error [caliper] [ethereum-connector] 	Failed tx on registroDeBatches; calling method: registrarBatch; nonce: 0x64c
2026.10.01-20:50:33.857 error [caliper] [ethereum-connector] 	Error: Returned error: Transaction nonce is too distant from current sender nonce
2026.10.01-20:50:33.877 error [caliper] [ethereum-connector] 	Failed tx on registroDeBatches; calling method: registrarBatch; nonce: 0x64d
2026.10.01-20:50:33.878 error [caliper] [ethereum-connector] 	Error: Returned error: Transaction nonce is too distant from current sender nonce
2026.10.01-20:50:33.903 error [caliper] [ethereum-connector] 	Failed tx on registroDeBatches; calling method: registrarBatch; nonce: 0x64e
2026.10.01-20:50:33.903 error [caliper] [ethereum-connector] 	Error: Returned error: Transaction nonce is too distant from current sender nonce
2026.10.01-20:50:33.929 error [caliper] [ethereum-connector] 	Failed tx on registroDeBatches; calling method: registrarBatch; nonce: 0x64f
2026.10.01-20:50:33.929 error [caliper] [ethereum-connector] 	Error: Returned error: Transaction nonce is too distant from current sender nonce
2026.10.01-20:50:33.952 error [caliper] [ethereum-connector] 	Failed tx on registroDeBatches; calling method: registrarBatch; nonce: 0x650
2026.10.01-20:50:33.952 error [caliper] [ethereum-connector] 	Error: Returned error: Transaction nonce is too distant from current sender nonce
2026.10.01-20:50:33.977 error [caliper] [ethereum-connector] 	Failed tx on registroDeBatches; calling method: registrarBatch; nonce: 0x651
2026.10.01-20:50:33.977 error [caliper] [ethereum-connector] 	Error: Returned error: Transaction nonce is too distant from current sender nonce
2026.10.01-20:50:34.003 error [caliper] [ethereum-connector] 	Failed tx on registroDeBatches; calling method: registrarBatch; nonce: 0x652
2026.10.01-20:50:34.003 error [caliper] [ethereum-connector] 	Error: Returned error: Transaction nonce is too distant from current sender nonce
2026.10.01-20:50:34.027 error [caliper] [ethereum-connector] 	Failed tx on registroDeBatches; calling method: registrarBatch; nonce: 0x653
2026.10.01-20:50:34.027 error [caliper] [ethereum-connector] 	Error: Returned error: Transaction nonce is too distant from current sender nonce
2026.10.01-20:50:34.054 error [caliper] [ethereum-connector] 	Failed tx on registroDeBatches; calling method: registrarBatch; nonce: 0x654
2026.10.01-20:50:34.054 error [caliper] [ethereum-connector] 	Error: Returned error: Transaction nonce is too distant from current sender nonce
2026.10.01-20:50:34.081 error [caliper] [ethereum-connector] 	Failed tx on registroDeBatches; calling method: registrarBatch; nonce: 0x655
2026.10.01-20:50:34.081 error [caliper] [ethereum-connector] 	Error: Returned error: Transaction nonce is too distant from current sender nonce
2026.10.01-20:50:34.103 error [caliper] [ethereum-connector] 	Failed tx on registroDeBatches; calling method: registrarBatch; nonce: 0x656
2026.10.01-20:50:34.103 error [caliper] [ethereum-connector] 	Error: Returned error: Transaction nonce is too distant from current sender nonce
2026.10.01-20:50:34.128 error [caliper] [ethereum-connector] 	Failed tx on registroDeBatches; calling method: registrarBatch; nonce: 0x657
2026.10.01-20:50:34.128 error [caliper] [ethereum-connector] 	Error: Returned error: Transaction nonce is too distant from current sender nonce
2026.10.01-20:50:34.152 error [caliper] [ethereum-connector] 	Failed tx on registroDeBatches; calling method: registrarBatch; nonce: 0x658
2026.10.01-20:50:34.152 error [caliper] [ethereum-connector] 	Error: Returned error: Transaction nonce is too distant from current sender nonce
2026.10.01-20:50:34.177 error [caliper] [ethereum-connector] 	Failed tx on registroDeBatches; calling method: registrarBatch; nonce: 0x659
2026.10.01-20:50:34.177 error [caliper] [ethereum-connector] 	Error: Returned error: Transaction nonce is too distant from current sender nonce
2026.10.01-20:50:34.202 error [caliper] [ethereum-connector] 	Failed tx on registroDeBatches; calling method: registrarBatch; nonce: 0x65a
2026.10.01-20:50:34.202 error [caliper] [ethereum-connector] 	Error: Returned error: Transaction nonce is too distant from current sender nonce
2026.10.01-20:50:34.227 error [caliper] [ethereum-connector] 	Failed tx on registroDeBatches; calling method: registrarBatch; nonce: 0x65b
2026.10.01-20:50:34.227 error [caliper] [ethereum-connector] 	Error: Returned error: Transaction nonce is too distant from current sender nonce
2026.10.01-20:50:34.253 error [caliper] [ethereum-connector] 	Failed tx on registroDeBatches; calling method: registrarBatch; nonce: 0x65c
2026.10.01-20:50:34.253 error [caliper] [ethereum-connector] 	Error: Returned error: Transaction nonce is too distant from current sender nonce
2026.10.01-20:50:34.278 error [caliper] [ethereum-connector] 	Failed tx on registroDeBatches; calling method: registrarBatch; nonce: 0x65d
2026.10.01-20:50:34.278 error [caliper] [ethereum-connector] 	Error: Returned error: Transaction nonce is too distant from current sender nonce
2026.10.01-20:50:34.302 error [caliper] [ethereum-connector] 	Failed tx on registroDeBatches; calling method: registrarBatch; nonce: 0x65e
2026.10.01-20:50:34.303 error [caliper] [ethereum-connector] 	Error: Returned error: Transaction nonce is too distant from current sender nonce
2026.10.01-20:50:34.328 error [caliper] [ethereum-connector] 	Failed tx on registroDeBatches; calling method: registrarBatch; nonce: 0x65f
2026.10.01-20:50:34.328 error [caliper] [ethereum-connector] 	Error: Returned error: Transaction nonce is too distant from current sender nonce
2026.10.01-20:50:34.352 error [caliper] [ethereum-connector] 	Failed tx on registroDeBatches; calling method: registrarBatch; nonce: 0x660
2026.10.01-20:50:34.352 error [caliper] [ethereum-connector] 	Error: Returned error: Transaction nonce is too distant from current sender nonce
2026.10.01-20:50:34.377 error [caliper] [ethereum-connector] 	Failed tx on registroDeBatches; calling method: registrarBatch; nonce: 0x661
2026.10.01-20:50:34.377 error [caliper] [ethereum-connector] 	Error: Returned error: Transaction nonce is too distant from current sender nonce
2026.10.01-20:50:34.403 error [caliper] [ethereum-connector] 	Failed tx on registroDeBatches; calling method: registrarBatch; nonce: 0x662
2026.10.01-20:50:34.403 error [caliper] [ethereum-connector] 	Error: Returned error: Transaction nonce is too distant from current sender nonce
2026.10.01-20:50:34.427 error [caliper] [ethereum-connector] 	Failed tx on registroDeBatches; calling method: registrarBatch; nonce: 0x663
2026.10.01-20:50:34.427 error [caliper] [ethereum-connector] 	Error: Returned error: Transaction nonce is too distant from current sender nonce
2026.10.01-20:50:34.453 error [caliper] [ethereum-connector] 	Failed tx on registroDeBatches; calling method: registrarBatch; nonce: 0x664
2026.10.01-20:50:34.453 error [caliper] [ethereum-connector] 	Error: Returned error: Transaction nonce is too distant from current sender nonce
2026.10.01-20:50:34.478 error [caliper] [ethereum-connector] 	Failed tx on registroDeBatches; calling method: registrarBatch; nonce: 0x665
2026.10.01-20:50:34.478 error [caliper] [ethereum-connector] 	Error: Returned error: Transaction nonce is too distant from current sender nonce
2026.10.01-20:50:34.504 error [caliper] [ethereum-connector] 	Failed tx on registroDeBatches; calling method: registrarBatch; nonce: 0x666
2026.10.01-20:50:34.504 error [caliper] [ethereum-connector] 	Error: Returned error: Transaction nonce is too distant from current sender nonce
2026.10.01-20:50:34.527 error [caliper] [ethereum-connector] 	Failed tx on registroDeBatches; calling method: registrarBatch; nonce: 0x667
2026.10.01-20:50:34.527 error [caliper] [ethereum-connector] 	Error: Returned error: Transaction nonce is too distant from current sender nonce
2026.10.01-20:50:34.552 error [caliper] [ethereum-connector] 	Failed tx on registroDeBatches; calling method: registrarBatch; nonce: 0x668
2026.10.01-20:50:34.553 error [caliper] [ethereum-connector] 	Error: Returned error: Transaction nonce is too distant from current sender nonce
2026.10.01-20:50:34.576 error [caliper] [ethereum-connector] 	Failed tx on registroDeBatches; calling method: registrarBatch; nonce: 0x669
2026.10.01-20:50:34.576 error [caliper] [ethereum-connector] 	Error: Returned error: Transaction nonce is too distant from current sender nonce
2026.10.01-20:50:34.602 error [caliper] [ethereum-connector] 	Failed tx on registroDeBatches; calling method: registrarBatch; nonce: 0x66a
2026.10.01-20:50:34.602 error [caliper] [ethereum-connector] 	Error: Returned error: Transaction nonce is too distant from current sender nonce
2026.10.01-20:50:34.627 error [caliper] [ethereum-connector] 	Failed tx on registroDeBatches; calling method: registrarBatch; nonce: 0x66b
2026.10.01-20:50:34.627 error [caliper] [ethereum-connector] 	Error: Returned error: Transaction nonce is too distant from current sender nonce
2026.10.01-20:50:34.651 error [caliper] [ethereum-connector] 	Failed tx on registroDeBatches; calling method: registrarBatch; nonce: 0x66c
2026.10.01-20:50:34.651 error [caliper] [ethereum-connector] 	Error: Returned error: Transaction nonce is too distant from current sender nonce
2026.10.01-20:50:34.676 error [caliper] [ethereum-connector] 	Failed tx on registroDeBatches; calling method: registrarBatch; nonce: 0x66d
2026.10.01-20:50:34.676 error [caliper] [ethereum-connector] 	Error: Returned error: Transaction nonce is too distant from current sender nonce
2026.10.01-20:50:34.704 error [caliper] [ethereum-connector] 	Failed tx on registroDeBatches; calling method: registrarBatch; nonce: 0x66e
2026.10.01-20:50:34.704 error [caliper] [ethereum-connector] 	Error: Returned error: Transaction nonce is too distant from current sender nonce
2026.10.01-20:50:34.729 error [caliper] [ethereum-connector] 	Failed tx on registroDeBatches; calling method: registrarBatch; nonce: 0x66f
2026.10.01-20:50:34.729 error [caliper] [ethereum-connector] 	Error: Returned error: Transaction nonce is too distant from current sender nonce
2026.10.01-20:50:34.753 error [caliper] [ethereum-connector] 	Failed tx on registroDeBatches; calling method: registrarBatch; nonce: 0x670
2026.10.01-20:50:34.753 error [caliper] [ethereum-connector] 	Error: Returned error: Transaction nonce is too distant from current sender nonce
2026.10.01-20:50:34.778 error [caliper] [ethereum-connector] 	Failed tx on registroDeBatches; calling method: registrarBatch; nonce: 0x671
2026.10.01-20:50:34.778 error [caliper] [ethereum-connector] 	Error: Returned error: Transaction nonce is too distant from current sender nonce
2026.10.01-20:50:34.803 error [caliper] [ethereum-connector] 	Failed tx on registroDeBatches; calling method: registrarBatch; nonce: 0x672
2026.10.01-20:50:34.803 error [caliper] [ethereum-connector] 	Error: Returned error: Transaction nonce is too distant from current sender nonce
2026.10.01-20:50:34.829 error [caliper] [ethereum-connector] 	Failed tx on registroDeBatches; calling method: registrarBatch; nonce: 0x673
2026.10.01-20:50:34.829 error [caliper] [ethereum-connector] 	Error: Returned error: Transaction nonce is too distant from current sender nonce
2026.10.01-20:50:34.853 error [caliper] [ethereum-connector] 	Failed tx on registroDeBatches; calling method: registrarBatch; nonce: 0x674
2026.10.01-20:50:34.853 error [caliper] [ethereum-connector] 	Error: Returned error: Transaction nonce is too distant from current sender nonce
2026.10.01-20:50:34.878 error [caliper] [ethereum-connector] 	Failed tx on registroDeBatches; calling method: registrarBatch; nonce: 0x675
2026.10.01-20:50:34.878 error [caliper] [ethereum-connector] 	Error: Returned error: Transaction nonce is too distant from current sender nonce
2026.10.01-20:50:34.902 error [caliper] [ethereum-connector] 	Failed tx on registroDeBatches; calling method: registrarBatch; nonce: 0x676
2026.10.01-20:50:34.902 error [caliper] [ethereum-connector] 	Error: Returned error: Transaction nonce is too distant from current sender nonce
2026.10.01-20:50:34.927 error [caliper] [ethereum-connector] 	Failed tx on registroDeBatches; calling method: registrarBatch; nonce: 0x677
2026.10.01-20:50:34.927 error [caliper] [ethereum-connector] 	Error: Returned error: Transaction nonce is too distant from current sender nonce
2026.10.01-20:50:34.951 error [caliper] [ethereum-connector] 	Failed tx on registroDeBatches; calling method: registrarBatch; nonce: 0x678
2026.10.01-20:50:34.951 error [caliper] [ethereum-connector] 	Error: Returned error: Transaction nonce is too distant from current sender nonce
2026.10.01-20:50:34.978 error [caliper] [ethereum-connector] 	Failed tx on registroDeBatches; calling method: registrarBatch; nonce: 0x679
2026.10.01-20:50:34.978 error [caliper] [ethereum-connector] 	Error: Returned error: Transaction nonce is too distant from current sender nonce
2026.10.01-20:50:35.019 error [caliper] [ethereum-connector] 	Failed tx on registroDeBatches; calling method: registrarBatch; nonce: 0x67a
2026.10.01-20:50:35.019 error [caliper] [ethereum-connector] 	Error: Returned error: Transaction nonce is too distant from current sender nonce
2026.10.01-20:50:35.030 error [caliper] [ethereum-connector] 	Failed tx on registroDeBatches; calling method: registrarBatch; nonce: 0x67b
2026.10.01-20:50:35.030 error [caliper] [ethereum-connector] 	Error: Returned error: Transaction nonce is too distant from current sender nonce
2026.10.01-20:50:35.056 error [caliper] [ethereum-connector] 	Failed tx on registroDeBatches; calling method: registrarBatch; nonce: 0x67c
2026.10.01-20:50:35.056 error [caliper] [ethereum-connector] 	Error: Returned error: Transaction nonce is too distant from current sender nonce
2026.10.01-20:50:35.088 error [caliper] [ethereum-connector] 	Failed tx on registroDeBatches; calling method: registrarBatch; nonce: 0x67d
2026.10.01-20:50:35.088 error [caliper] [ethereum-connector] 	Error: Returned error: Transaction nonce is too distant from current sender nonce
2026.10.01-20:50:35.109 error [caliper] [ethereum-connector] 	Failed tx on registroDeBatches; calling method: registrarBatch; nonce: 0x67e
2026.10.01-20:50:35.109 error [caliper] [ethereum-connector] 	Error: Returned error: Transaction nonce is too distant from current sender nonce
2026.10.01-20:50:35.134 error [caliper] [ethereum-connector] 	Failed tx on registroDeBatches; calling method: registrarBatch; nonce: 0x67f
2026.10.01-20:50:35.134 error [caliper] [ethereum-connector] 	Error: Returned error: Transaction nonce is too distant from current sender nonce
2026.10.01-20:50:35.153 error [caliper] [ethereum-connector] 	Failed tx on registroDeBatches; calling method: registrarBatch; nonce: 0x680
2026.10.01-20:50:35.153 error [caliper] [ethereum-connector] 	Error: Returned error: Transaction nonce is too distant from current sender nonce
2026.10.01-20:50:35.191 error [caliper] [ethereum-connector] 	Failed tx on registroDeBatches; calling method: registrarBatch; nonce: 0x681
2026.10.01-20:50:35.191 error [caliper] [ethereum-connector] 	Error: Returned error: Transaction nonce is too distant from current sender nonce
2026.10.01-20:50:35.202 error [caliper] [ethereum-connector] 	Failed tx on registroDeBatches; calling method: registrarBatch; nonce: 0x682
2026.10.01-20:50:35.202 error [caliper] [ethereum-connector] 	Error: Returned error: Transaction nonce is too distant from current sender nonce
2026.10.01-20:50:35.228 error [caliper] [ethereum-connector] 	Failed tx on registroDeBatches; calling method: registrarBatch; nonce: 0x683
2026.10.01-20:50:35.228 error [caliper] [ethereum-connector] 	Error: Returned error: Transaction nonce is too distant from current sender nonce
2026.10.01-20:50:35.252 error [caliper] [ethereum-connector] 	Failed tx on registroDeBatches; calling method: registrarBatch; nonce: 0x684
2026.10.01-20:50:35.252 error [caliper] [ethereum-connector] 	Error: Returned error: Transaction nonce is too distant from current sender nonce
2026.10.01-20:50:35.276 error [caliper] [ethereum-connector] 	Failed tx on registroDeBatches; calling method: registrarBatch; nonce: 0x685
2026.10.01-20:50:35.276 error [caliper] [ethereum-connector] 	Error: Returned error: Transaction nonce is too distant from current sender nonce
2026.10.01-20:50:35.301 error [caliper] [ethereum-connector] 	Failed tx on registroDeBatches; calling method: registrarBatch; nonce: 0x686
2026.10.01-20:50:35.301 error [caliper] [ethereum-connector] 	Error: Returned error: Transaction nonce is too distant from current sender nonce
2026.10.01-20:50:35.327 error [caliper] [ethereum-connector] 	Failed tx on registroDeBatches; calling method: registrarBatch; nonce: 0x687
2026.10.01-20:50:35.327 error [caliper] [ethereum-connector] 	Error: Returned error: Transaction nonce is too distant from current sender nonce
2026.10.01-20:50:35.349 error [caliper] [ethereum-connector] 	Failed tx on registroDeBatches; calling method: registrarBatch; nonce: 0x688
2026.10.01-20:50:35.349 error [caliper] [ethereum-connector] 	Error: Returned error: Transaction nonce is too distant from current sender nonce
2026.10.01-20:50:35.377 error [caliper] [ethereum-connector] 	Failed tx on registroDeBatches; calling method: registrarBatch; nonce: 0x689
2026.10.01-20:50:35.377 error [caliper] [ethereum-connector] 	Error: Returned error: Transaction nonce is too distant from current sender nonce
2026.10.01-20:50:35.402 error [caliper] [ethereum-connector] 	Failed tx on registroDeBatches; calling method: registrarBatch; nonce: 0x68a
2026.10.01-20:50:35.402 error [caliper] [ethereum-connector] 	Error: Returned error: Transaction nonce is too distant from current sender nonce
2026.10.01-20:50:35.427 error [caliper] [ethereum-connector] 	Failed tx on registroDeBatches; calling method: registrarBatch; nonce: 0x68b
2026.10.01-20:50:35.427 error [caliper] [ethereum-connector] 	Error: Returned error: Transaction nonce is too distant from current sender nonce
2026.10.01-20:50:35.452 error [caliper] [ethereum-connector] 	Failed tx on registroDeBatches; calling method: registrarBatch; nonce: 0x68c
2026.10.01-20:50:35.453 error [caliper] [ethereum-connector] 	Error: Returned error: Transaction nonce is too distant from current sender nonce
2026.10.01-20:50:35.478 error [caliper] [ethereum-connector] 	Failed tx on registroDeBatches; calling method: registrarBatch; nonce: 0x68d
2026.10.01-20:50:35.478 error [caliper] [ethereum-connector] 	Error: Returned error: Transaction nonce is too distant from current sender nonce
2026.10.01-20:50:35.502 error [caliper] [ethereum-connector] 	Failed tx on registroDeBatches; calling method: registrarBatch; nonce: 0x68e
2026.10.01-20:50:35.502 error [caliper] [ethereum-connector] 	Error: Returned error: Transaction nonce is too distant from current sender nonce
2026.10.01-20:50:35.527 error [caliper] [ethereum-connector] 	Failed tx on registroDeBatches; calling method: registrarBatch; nonce: 0x68f
2026.10.01-20:50:35.527 error [caliper] [ethereum-connector] 	Error: Returned error: Transaction nonce is too distant from current sender nonce
2026.10.01-20:50:35.553 error [caliper] [ethereum-connector] 	Failed tx on registroDeBatches; calling method: registrarBatch; nonce: 0x690
2026.10.01-20:50:35.553 error [caliper] [ethereum-connector] 	Error: Returned error: Transaction nonce is too distant from current sender nonce
2026.10.01-20:50:35.577 error [caliper] [ethereum-connector] 	Failed tx on registroDeBatches; calling method: registrarBatch; nonce: 0x691
2026.10.01-20:50:35.577 error [caliper] [ethereum-connector] 	Error: Returned error: Transaction nonce is too distant from current sender nonce
2026.10.01-20:50:35.603 error [caliper] [ethereum-connector] 	Failed tx on registroDeBatches; calling method: registrarBatch; nonce: 0x692
2026.10.01-20:50:35.603 error [caliper] [ethereum-connector] 	Error: Returned error: Transaction nonce is too distant from current sender nonce
2026.10.01-20:50:35.628 error [caliper] [ethereum-connector] 	Failed tx on registroDeBatches; calling method: registrarBatch; nonce: 0x693
2026.10.01-20:50:35.628 error [caliper] [ethereum-connector] 	Error: Returned error: Transaction nonce is too distant from current sender nonce
2026.10.01-20:50:35.654 error [caliper] [ethereum-connector] 	Failed tx on registroDeBatches; calling method: registrarBatch; nonce: 0x694
2026.10.01-20:50:35.654 error [caliper] [ethereum-connector] 	Error: Returned error: Transaction nonce is too distant from current sender nonce
2026.10.01-20:50:35.677 error [caliper] [ethereum-connector] 	Failed tx on registroDeBatches; calling method: registrarBatch; nonce: 0x695
2026.10.01-20:50:35.677 error [caliper] [ethereum-connector] 	Error: Returned error: Transaction nonce is too distant from current sender nonce
2026.10.01-20:50:35.703 error [caliper] [ethereum-connector] 	Failed tx on registroDeBatches; calling method: registrarBatch; nonce: 0x696
2026.10.01-20:50:35.703 error [caliper] [ethereum-connector] 	Error: Returned error: Transaction nonce is too distant from current sender nonce
2026.10.01-20:50:35.727 error [caliper] [ethereum-connector] 	Failed tx on registroDeBatches; calling method: registrarBatch; nonce: 0x697
2026.10.01-20:50:35.727 error [caliper] [ethereum-connector] 	Error: Returned error: Transaction nonce is too distant from current sender nonce
2026.10.01-20:50:35.752 error [caliper] [ethereum-connector] 	Failed tx on registroDeBatches; calling method: registrarBatch; nonce: 0x698
2026.10.01-20:50:35.752 error [caliper] [ethereum-connector] 	Error: Returned error: Transaction nonce is too distant from current sender nonce
2026.10.01-20:50:35.777 error [caliper] [ethereum-connector] 	Failed tx on registroDeBatches; calling method: registrarBatch; nonce: 0x699
2026.10.01-20:50:35.777 error [caliper] [ethereum-connector] 	Error: Returned error: Transaction nonce is too distant from current sender nonce
2026.10.01-20:50:35.801 error [caliper] [ethereum-connector] 	Failed tx on registroDeBatches; calling method: registrarBatch; nonce: 0x69a
2026.10.01-20:50:35.801 error [caliper] [ethereum-connector] 	Error: Returned error: Transaction nonce is too distant from current sender nonce
2026.10.01-20:50:35.828 error [caliper] [ethereum-connector] 	Failed tx on registroDeBatches; calling method: registrarBatch; nonce: 0x69b
2026.10.01-20:50:35.828 error [caliper] [ethereum-connector] 	Error: Returned error: Transaction nonce is too distant from current sender nonce
2026.10.01-20:50:35.852 error [caliper] [ethereum-connector] 	Failed tx on registroDeBatches; calling method: registrarBatch; nonce: 0x69c
2026.10.01-20:50:35.852 error [caliper] [ethereum-connector] 	Error: Returned error: Transaction nonce is too distant from current sender nonce
2026.10.01-20:50:35.878 error [caliper] [ethereum-connector] 	Failed tx on registroDeBatches; calling method: registrarBatch; nonce: 0x69d
2026.10.01-20:50:35.878 error [caliper] [ethereum-connector] 	Error: Returned error: Transaction nonce is too distant from current sender nonce
2026.10.01-20:50:35.903 error [caliper] [ethereum-connector] 	Failed tx on registroDeBatches; calling method: registrarBatch; nonce: 0x69e
2026.10.01-20:50:35.903 error [caliper] [ethereum-connector] 	Error: Returned error: Transaction nonce is too distant from current sender nonce
2026.10.01-20:50:35.927 error [caliper] [ethereum-connector] 	Failed tx on registroDeBatches; calling method: registrarBatch; nonce: 0x69f
2026.10.01-20:50:35.927 error [caliper] [ethereum-connector] 	Error: Returned error: Transaction nonce is too distant from current sender nonce
2026.10.01-20:50:35.953 error [caliper] [ethereum-connector] 	Failed tx on registroDeBatches; calling method: registrarBatch; nonce: 0x6a0
2026.10.01-20:50:35.953 error [caliper] [ethereum-connector] 	Error: Returned error: Transaction nonce is too distant from current sender nonce
2026.10.01-20:50:35.978 error [caliper] [ethereum-connector] 	Failed tx on registroDeBatches; calling method: registrarBatch; nonce: 0x6a1
2026.10.01-20:50:35.978 error [caliper] [ethereum-connector] 	Error: Returned error: Transaction nonce is too distant from current sender nonce
2026.10.01-20:50:36.002 error [caliper] [ethereum-connector] 	Failed tx on registroDeBatches; calling method: registrarBatch; nonce: 0x6a2
2026.10.01-20:50:36.002 error [caliper] [ethereum-connector] 	Error: Returned error: Transaction nonce is too distant from current sender nonce
2026.10.01-20:50:36.028 error [caliper] [ethereum-connector] 	Failed tx on registroDeBatches; calling method: registrarBatch; nonce: 0x6a3
2026.10.01-20:50:36.028 error [caliper] [ethereum-connector] 	Error: Returned error: Transaction nonce is too distant from current sender nonce
2026.10.01-20:50:36.053 error [caliper] [ethereum-connector] 	Failed tx on registroDeBatches; calling method: registrarBatch; nonce: 0x6a4
2026.10.01-20:50:36.053 error [caliper] [ethereum-connector] 	Error: Returned error: Transaction nonce is too distant from current sender nonce
2026.10.01-20:50:36.077 error [caliper] [ethereum-connector] 	Failed tx on registroDeBatches; calling method: registrarBatch; nonce: 0x6a5
2026.10.01-20:50:36.077 error [caliper] [ethereum-connector] 	Error: Returned error: Transaction nonce is too distant from current sender nonce
2026.10.01-20:50:36.101 error [caliper] [ethereum-connector] 	Failed tx on registroDeBatches; calling method: registrarBatch; nonce: 0x6a6
2026.10.01-20:50:36.101 error [caliper] [ethereum-connector] 	Error: Returned error: Transaction nonce is too distant from current sender nonce
2026.10.01-20:50:36.122 info  [caliper] [default-observer] 	[tps-40 Round 2 Transaction Info] - Submitted: 761 Succ: 288 Fail:432 Unfinished:41
2026.10.01-20:50:36.127 error [caliper] [ethereum-connector] 	Failed tx on registroDeBatches; calling method: registrarBatch; nonce: 0x6a7
2026.10.01-20:50:36.127 error [caliper] [ethereum-connector] 	Error: Returned error: Transaction nonce is too distant from current sender nonce
2026.10.01-20:50:36.153 error [caliper] [ethereum-connector] 	Failed tx on registroDeBatches; calling method: registrarBatch; nonce: 0x6a8
2026.10.01-20:50:36.153 error [caliper] [ethereum-connector] 	Error: Returned error: Transaction nonce is too distant from current sender nonce
2026.10.01-20:50:36.178 error [caliper] [ethereum-connector] 	Failed tx on registroDeBatches; calling method: registrarBatch; nonce: 0x6a9
2026.10.01-20:50:36.178 error [caliper] [ethereum-connector] 	Error: Returned error: Transaction nonce is too distant from current sender nonce
2026.10.01-20:50:36.202 error [caliper] [ethereum-connector] 	Failed tx on registroDeBatches; calling method: registrarBatch; nonce: 0x6aa
2026.10.01-20:50:36.202 error [caliper] [ethereum-connector] 	Error: Returned error: Transaction nonce is too distant from current sender nonce
2026.10.01-20:50:36.227 error [caliper] [ethereum-connector] 	Failed tx on registroDeBatches; calling method: registrarBatch; nonce: 0x6ab
2026.10.01-20:50:36.227 error [caliper] [ethereum-connector] 	Error: Returned error: Transaction nonce is too distant from current sender nonce
2026.10.01-20:50:36.251 error [caliper] [ethereum-connector] 	Failed tx on registroDeBatches; calling method: registrarBatch; nonce: 0x6ac
2026.10.01-20:50:36.251 error [caliper] [ethereum-connector] 	Error: Returned error: Transaction nonce is too distant from current sender nonce
2026.10.01-20:50:36.276 error [caliper] [ethereum-connector] 	Failed tx on registroDeBatches; calling method: registrarBatch; nonce: 0x6ad
2026.10.01-20:50:36.276 error [caliper] [ethereum-connector] 	Error: Returned error: Transaction nonce is too distant from current sender nonce
2026.10.01-20:50:36.301 error [caliper] [ethereum-connector] 	Failed tx on registroDeBatches; calling method: registrarBatch; nonce: 0x6ae
2026.10.01-20:50:36.301 error [caliper] [ethereum-connector] 	Error: Returned error: Transaction nonce is too distant from current sender nonce
2026.10.01-20:50:36.326 error [caliper] [ethereum-connector] 	Failed tx on registroDeBatches; calling method: registrarBatch; nonce: 0x6af
2026.10.01-20:50:36.326 error [caliper] [ethereum-connector] 	Error: Returned error: Transaction nonce is too distant from current sender nonce
2026.10.01-20:50:36.350 error [caliper] [ethereum-connector] 	Failed tx on registroDeBatches; calling method: registrarBatch; nonce: 0x6b0
2026.10.01-20:50:36.350 error [caliper] [ethereum-connector] 	Error: Returned error: Transaction nonce is too distant from current sender nonce
2026.10.01-20:50:36.376 error [caliper] [ethereum-connector] 	Failed tx on registroDeBatches; calling method: registrarBatch; nonce: 0x6b1
2026.10.01-20:50:36.376 error [caliper] [ethereum-connector] 	Error: Returned error: Transaction nonce is too distant from current sender nonce
2026.10.01-20:50:36.400 error [caliper] [ethereum-connector] 	Failed tx on registroDeBatches; calling method: registrarBatch; nonce: 0x6b2
2026.10.01-20:50:36.400 error [caliper] [ethereum-connector] 	Error: Returned error: Transaction nonce is too distant from current sender nonce
2026.10.01-20:50:36.426 error [caliper] [ethereum-connector] 	Failed tx on registroDeBatches; calling method: registrarBatch; nonce: 0x6b3
2026.10.01-20:50:36.426 error [caliper] [ethereum-connector] 	Error: Returned error: Transaction nonce is too distant from current sender nonce
2026.10.01-20:50:36.452 error [caliper] [ethereum-connector] 	Failed tx on registroDeBatches; calling method: registrarBatch; nonce: 0x6b4
2026.10.01-20:50:36.453 error [caliper] [ethereum-connector] 	Error: Returned error: Transaction nonce is too distant from current sender nonce
2026.10.01-20:50:36.477 error [caliper] [ethereum-connector] 	Failed tx on registroDeBatches; calling method: registrarBatch; nonce: 0x6b5
2026.10.01-20:50:36.477 error [caliper] [ethereum-connector] 	Error: Returned error: Transaction nonce is too distant from current sender nonce
2026.10.01-20:50:36.504 error [caliper] [ethereum-connector] 	Failed tx on registroDeBatches; calling method: registrarBatch; nonce: 0x6b6
2026.10.01-20:50:36.504 error [caliper] [ethereum-connector] 	Error: Returned error: Transaction nonce is too distant from current sender nonce
2026.10.01-20:50:36.528 error [caliper] [ethereum-connector] 	Failed tx on registroDeBatches; calling method: registrarBatch; nonce: 0x6b7
2026.10.01-20:50:36.528 error [caliper] [ethereum-connector] 	Error: Returned error: Transaction nonce is too distant from current sender nonce
2026.10.01-20:50:36.552 error [caliper] [ethereum-connector] 	Failed tx on registroDeBatches; calling method: registrarBatch; nonce: 0x6b8
2026.10.01-20:50:36.552 error [caliper] [ethereum-connector] 	Error: Returned error: Transaction nonce is too distant from current sender nonce
2026.10.01-20:50:36.577 error [caliper] [ethereum-connector] 	Failed tx on registroDeBatches; calling method: registrarBatch; nonce: 0x6b9
2026.10.01-20:50:36.577 error [caliper] [ethereum-connector] 	Error: Returned error: Transaction nonce is too distant from current sender nonce
2026.10.01-20:50:36.602 error [caliper] [ethereum-connector] 	Failed tx on registroDeBatches; calling method: registrarBatch; nonce: 0x6ba
2026.10.01-20:50:36.602 error [caliper] [ethereum-connector] 	Error: Returned error: Transaction nonce is too distant from current sender nonce
2026.10.01-20:50:36.626 error [caliper] [ethereum-connector] 	Failed tx on registroDeBatches; calling method: registrarBatch; nonce: 0x6bb
2026.10.01-20:50:36.626 error [caliper] [ethereum-connector] 	Error: Returned error: Transaction nonce is too distant from current sender nonce
2026.10.01-20:50:36.650 error [caliper] [ethereum-connector] 	Failed tx on registroDeBatches; calling method: registrarBatch; nonce: 0x6bc
2026.10.01-20:50:36.650 error [caliper] [ethereum-connector] 	Error: Returned error: Transaction nonce is too distant from current sender nonce
2026.10.01-20:50:36.677 error [caliper] [ethereum-connector] 	Failed tx on registroDeBatches; calling method: registrarBatch; nonce: 0x6bd
2026.10.01-20:50:36.677 error [caliper] [ethereum-connector] 	Error: Returned error: Transaction nonce is too distant from current sender nonce
2026.10.01-20:50:36.702 error [caliper] [ethereum-connector] 	Failed tx on registroDeBatches; calling method: registrarBatch; nonce: 0x6be
2026.10.01-20:50:36.702 error [caliper] [ethereum-connector] 	Error: Returned error: Transaction nonce is too distant from current sender nonce
2026.10.01-20:50:36.726 error [caliper] [ethereum-connector] 	Failed tx on registroDeBatches; calling method: registrarBatch; nonce: 0x6bf
2026.10.01-20:50:36.726 error [caliper] [ethereum-connector] 	Error: Returned error: Transaction nonce is too distant from current sender nonce
2026.10.01-20:50:36.751 error [caliper] [ethereum-connector] 	Failed tx on registroDeBatches; calling method: registrarBatch; nonce: 0x6c0
2026.10.01-20:50:36.751 error [caliper] [ethereum-connector] 	Error: Returned error: Transaction nonce is too distant from current sender nonce
2026.10.01-20:50:36.777 error [caliper] [ethereum-connector] 	Failed tx on registroDeBatches; calling method: registrarBatch; nonce: 0x6c1
2026.10.01-20:50:36.777 error [caliper] [ethereum-connector] 	Error: Returned error: Transaction nonce is too distant from current sender nonce
2026.10.01-20:50:36.804 error [caliper] [ethereum-connector] 	Failed tx on registroDeBatches; calling method: registrarBatch; nonce: 0x6c2
2026.10.01-20:50:36.804 error [caliper] [ethereum-connector] 	Error: Returned error: Transaction nonce is too distant from current sender nonce
2026.10.01-20:50:36.828 error [caliper] [ethereum-connector] 	Failed tx on registroDeBatches; calling method: registrarBatch; nonce: 0x6c3
2026.10.01-20:50:36.828 error [caliper] [ethereum-connector] 	Error: Returned error: Transaction nonce is too distant from current sender nonce
2026.10.01-20:50:36.853 error [caliper] [ethereum-connector] 	Failed tx on registroDeBatches; calling method: registrarBatch; nonce: 0x6c4
2026.10.01-20:50:36.853 error [caliper] [ethereum-connector] 	Error: Returned error: Transaction nonce is too distant from current sender nonce
2026.10.01-20:50:36.878 error [caliper] [ethereum-connector] 	Failed tx on registroDeBatches; calling method: registrarBatch; nonce: 0x6c5
2026.10.01-20:50:36.878 error [caliper] [ethereum-connector] 	Error: Returned error: Transaction nonce is too distant from current sender nonce
2026.10.01-20:50:36.902 error [caliper] [ethereum-connector] 	Failed tx on registroDeBatches; calling method: registrarBatch; nonce: 0x6c6
2026.10.01-20:50:36.902 error [caliper] [ethereum-connector] 	Error: Returned error: Transaction nonce is too distant from current sender nonce
2026.10.01-20:50:36.929 error [caliper] [ethereum-connector] 	Failed tx on registroDeBatches; calling method: registrarBatch; nonce: 0x6c7
2026.10.01-20:50:36.929 error [caliper] [ethereum-connector] 	Error: Returned error: Transaction nonce is too distant from current sender nonce
2026.10.01-20:50:36.952 error [caliper] [ethereum-connector] 	Failed tx on registroDeBatches; calling method: registrarBatch; nonce: 0x6c8
2026.10.01-20:50:36.952 error [caliper] [ethereum-connector] 	Error: Returned error: Transaction nonce is too distant from current sender nonce
2026.10.01-20:50:36.977 error [caliper] [ethereum-connector] 	Failed tx on registroDeBatches; calling method: registrarBatch; nonce: 0x6c9
2026.10.01-20:50:36.977 error [caliper] [ethereum-connector] 	Error: Returned error: Transaction nonce is too distant from current sender nonce
2026.10.01-20:50:37.003 error [caliper] [ethereum-connector] 	Failed tx on registroDeBatches; calling method: registrarBatch; nonce: 0x6ca
2026.10.01-20:50:37.003 error [caliper] [ethereum-connector] 	Error: Returned error: Transaction nonce is too distant from current sender nonce
2026.10.01-20:50:37.026 error [caliper] [ethereum-connector] 	Failed tx on registroDeBatches; calling method: registrarBatch; nonce: 0x6cb
2026.10.01-20:50:37.027 error [caliper] [ethereum-connector] 	Error: Returned error: Transaction nonce is too distant from current sender nonce
2026.10.01-20:50:37.056 error [caliper] [ethereum-connector] 	Failed tx on registroDeBatches; calling method: registrarBatch; nonce: 0x6cc
2026.10.01-20:50:37.056 error [caliper] [ethereum-connector] 	Error: Returned error: Transaction nonce is too distant from current sender nonce
2026.10.01-20:50:37.087 error [caliper] [ethereum-connector] 	Failed tx on registroDeBatches; calling method: registrarBatch; nonce: 0x6cd
2026.10.01-20:50:37.087 error [caliper] [ethereum-connector] 	Error: Returned error: Transaction nonce is too distant from current sender nonce
2026.10.01-20:50:37.101 error [caliper] [ethereum-connector] 	Failed tx on registroDeBatches; calling method: registrarBatch; nonce: 0x6ce
2026.10.01-20:50:37.101 error [caliper] [ethereum-connector] 	Error: Returned error: Transaction nonce is too distant from current sender nonce
2026.10.01-20:50:37.126 error [caliper] [ethereum-connector] 	Failed tx on registroDeBatches; calling method: registrarBatch; nonce: 0x6cf
2026.10.01-20:50:37.126 error [caliper] [ethereum-connector] 	Error: Returned error: Transaction nonce is too distant from current sender nonce
2026.10.01-20:50:37.152 error [caliper] [ethereum-connector] 	Failed tx on registroDeBatches; calling method: registrarBatch; nonce: 0x6d0
2026.10.01-20:50:37.152 error [caliper] [ethereum-connector] 	Error: Returned error: Transaction nonce is too distant from current sender nonce
2026.10.01-20:50:37.176 error [caliper] [ethereum-connector] 	Failed tx on registroDeBatches; calling method: registrarBatch; nonce: 0x6d1
2026.10.01-20:50:37.176 error [caliper] [ethereum-connector] 	Error: Returned error: Transaction nonce is too distant from current sender nonce
2026.10.01-20:50:37.201 error [caliper] [ethereum-connector] 	Failed tx on registroDeBatches; calling method: registrarBatch; nonce: 0x6d2
2026.10.01-20:50:37.201 error [caliper] [ethereum-connector] 	Error: Returned error: Transaction nonce is too distant from current sender nonce
2026.10.01-20:50:37.226 error [caliper] [ethereum-connector] 	Failed tx on registroDeBatches; calling method: registrarBatch; nonce: 0x6d3
2026.10.01-20:50:37.226 error [caliper] [ethereum-connector] 	Error: Returned error: Transaction nonce is too distant from current sender nonce
2026.10.01-20:50:37.251 error [caliper] [ethereum-connector] 	Failed tx on registroDeBatches; calling method: registrarBatch; nonce: 0x6d4
2026.10.01-20:50:37.251 error [caliper] [ethereum-connector] 	Error: Returned error: Transaction nonce is too distant from current sender nonce
2026.10.01-20:50:37.277 error [caliper] [ethereum-connector] 	Failed tx on registroDeBatches; calling method: registrarBatch; nonce: 0x6d5
2026.10.01-20:50:37.277 error [caliper] [ethereum-connector] 	Error: Returned error: Transaction nonce is too distant from current sender nonce
2026.10.01-20:50:37.302 error [caliper] [ethereum-connector] 	Failed tx on registroDeBatches; calling method: registrarBatch; nonce: 0x6d6
2026.10.01-20:50:37.302 error [caliper] [ethereum-connector] 	Error: Returned error: Transaction nonce is too distant from current sender nonce
2026.10.01-20:50:37.328 error [caliper] [ethereum-connector] 	Failed tx on registroDeBatches; calling method: registrarBatch; nonce: 0x6d7
2026.10.01-20:50:37.328 error [caliper] [ethereum-connector] 	Error: Returned error: Transaction nonce is too distant from current sender nonce
2026.10.01-20:50:37.352 error [caliper] [ethereum-connector] 	Failed tx on registroDeBatches; calling method: registrarBatch; nonce: 0x6d8
2026.10.01-20:50:37.352 error [caliper] [ethereum-connector] 	Error: Returned error: Transaction nonce is too distant from current sender nonce
2026.10.01-20:50:37.377 error [caliper] [ethereum-connector] 	Failed tx on registroDeBatches; calling method: registrarBatch; nonce: 0x6d9
2026.10.01-20:50:37.377 error [caliper] [ethereum-connector] 	Error: Returned error: Transaction nonce is too distant from current sender nonce
2026.10.01-20:50:37.405 error [caliper] [ethereum-connector] 	Failed tx on registroDeBatches; calling method: registrarBatch; nonce: 0x6da
2026.10.01-20:50:37.405 error [caliper] [ethereum-connector] 	Error: Returned error: Transaction nonce is too distant from current sender nonce
2026.10.01-20:50:37.427 error [caliper] [ethereum-connector] 	Failed tx on registroDeBatches; calling method: registrarBatch; nonce: 0x6db
2026.10.01-20:50:37.427 error [caliper] [ethereum-connector] 	Error: Returned error: Transaction nonce is too distant from current sender nonce
2026.10.01-20:50:37.455 error [caliper] [ethereum-connector] 	Failed tx on registroDeBatches; calling method: registrarBatch; nonce: 0x6dc
2026.10.01-20:50:37.455 error [caliper] [ethereum-connector] 	Error: Returned error: Transaction nonce is too distant from current sender nonce
2026.10.01-20:50:37.477 error [caliper] [ethereum-connector] 	Failed tx on registroDeBatches; calling method: registrarBatch; nonce: 0x6dd
2026.10.01-20:50:37.477 error [caliper] [ethereum-connector] 	Error: Returned error: Transaction nonce is too distant from current sender nonce
2026.10.01-20:50:37.503 error [caliper] [ethereum-connector] 	Failed tx on registroDeBatches; calling method: registrarBatch; nonce: 0x6de
2026.10.01-20:50:37.503 error [caliper] [ethereum-connector] 	Error: Returned error: Transaction nonce is too distant from current sender nonce
2026.10.01-20:50:37.526 error [caliper] [ethereum-connector] 	Failed tx on registroDeBatches; calling method: registrarBatch; nonce: 0x6df
2026.10.01-20:50:37.526 error [caliper] [ethereum-connector] 	Error: Returned error: Transaction nonce is too distant from current sender nonce
2026.10.01-20:50:37.552 error [caliper] [ethereum-connector] 	Failed tx on registroDeBatches; calling method: registrarBatch; nonce: 0x6e0
2026.10.01-20:50:37.553 error [caliper] [ethereum-connector] 	Error: Returned error: Transaction nonce is too distant from current sender nonce
2026.10.01-20:50:37.577 error [caliper] [ethereum-connector] 	Failed tx on registroDeBatches; calling method: registrarBatch; nonce: 0x6e1
2026.10.01-20:50:37.577 error [caliper] [ethereum-connector] 	Error: Returned error: Transaction nonce is too distant from current sender nonce
2026.10.01-20:50:37.602 error [caliper] [ethereum-connector] 	Failed tx on registroDeBatches; calling method: registrarBatch; nonce: 0x6e2
2026.10.01-20:50:37.602 error [caliper] [ethereum-connector] 	Error: Returned error: Transaction nonce is too distant from current sender nonce
2026.10.01-20:50:37.628 error [caliper] [ethereum-connector] 	Failed tx on registroDeBatches; calling method: registrarBatch; nonce: 0x6e3
2026.10.01-20:50:37.628 error [caliper] [ethereum-connector] 	Error: Returned error: Transaction nonce is too distant from current sender nonce
2026.10.01-20:50:37.654 error [caliper] [ethereum-connector] 	Failed tx on registroDeBatches; calling method: registrarBatch; nonce: 0x6e4
2026.10.01-20:50:37.654 error [caliper] [ethereum-connector] 	Error: Returned error: Transaction nonce is too distant from current sender nonce
2026.10.01-20:50:37.677 error [caliper] [ethereum-connector] 	Failed tx on registroDeBatches; calling method: registrarBatch; nonce: 0x6e5
2026.10.01-20:50:37.677 error [caliper] [ethereum-connector] 	Error: Returned error: Transaction nonce is too distant from current sender nonce
2026.10.01-20:50:37.701 error [caliper] [ethereum-connector] 	Failed tx on registroDeBatches; calling method: registrarBatch; nonce: 0x6e6
2026.10.01-20:50:37.701 error [caliper] [ethereum-connector] 	Error: Returned error: Transaction nonce is too distant from current sender nonce
2026.10.01-20:50:37.727 error [caliper] [ethereum-connector] 	Failed tx on registroDeBatches; calling method: registrarBatch; nonce: 0x6e7
2026.10.01-20:50:37.727 error [caliper] [ethereum-connector] 	Error: Returned error: Transaction nonce is too distant from current sender nonce
2026.10.01-20:50:37.752 error [caliper] [ethereum-connector] 	Failed tx on registroDeBatches; calling method: registrarBatch; nonce: 0x6e8
2026.10.01-20:50:37.752 error [caliper] [ethereum-connector] 	Error: Returned error: Transaction nonce is too distant from current sender nonce
2026.10.01-20:50:37.776 error [caliper] [ethereum-connector] 	Failed tx on registroDeBatches; calling method: registrarBatch; nonce: 0x6e9
2026.10.01-20:50:37.776 error [caliper] [ethereum-connector] 	Error: Returned error: Transaction nonce is too distant from current sender nonce
2026.10.01-20:50:37.803 error [caliper] [ethereum-connector] 	Failed tx on registroDeBatches; calling method: registrarBatch; nonce: 0x6ea
2026.10.01-20:50:37.803 error [caliper] [ethereum-connector] 	Error: Returned error: Transaction nonce is too distant from current sender nonce
2026.10.01-20:50:37.828 error [caliper] [ethereum-connector] 	Failed tx on registroDeBatches; calling method: registrarBatch; nonce: 0x6eb
2026.10.01-20:50:37.828 error [caliper] [ethereum-connector] 	Error: Returned error: Transaction nonce is too distant from current sender nonce
2026.10.01-20:50:37.851 error [caliper] [ethereum-connector] 	Failed tx on registroDeBatches; calling method: registrarBatch; nonce: 0x6ec
2026.10.01-20:50:37.851 error [caliper] [ethereum-connector] 	Error: Returned error: Transaction nonce is too distant from current sender nonce
2026.10.01-20:50:37.878 error [caliper] [ethereum-connector] 	Failed tx on registroDeBatches; calling method: registrarBatch; nonce: 0x6ed
2026.10.01-20:50:37.878 error [caliper] [ethereum-connector] 	Error: Returned error: Transaction nonce is too distant from current sender nonce
2026.10.01-20:50:37.902 error [caliper] [ethereum-connector] 	Failed tx on registroDeBatches; calling method: registrarBatch; nonce: 0x6ee
2026.10.01-20:50:37.902 error [caliper] [ethereum-connector] 	Error: Returned error: Transaction nonce is too distant from current sender nonce
2026.10.01-20:50:37.926 error [caliper] [ethereum-connector] 	Failed tx on registroDeBatches; calling method: registrarBatch; nonce: 0x6ef
2026.10.01-20:50:37.926 error [caliper] [ethereum-connector] 	Error: Returned error: Transaction nonce is too distant from current sender nonce
2026.10.01-20:50:37.951 error [caliper] [ethereum-connector] 	Failed tx on registroDeBatches; calling method: registrarBatch; nonce: 0x6f0
2026.10.01-20:50:37.951 error [caliper] [ethereum-connector] 	Error: Returned error: Transaction nonce is too distant from current sender nonce
2026.10.01-20:50:37.976 error [caliper] [ethereum-connector] 	Failed tx on registroDeBatches; calling method: registrarBatch; nonce: 0x6f1
2026.10.01-20:50:37.976 error [caliper] [ethereum-connector] 	Error: Returned error: Transaction nonce is too distant from current sender nonce
2026.10.01-20:50:38.003 error [caliper] [ethereum-connector] 	Failed tx on registroDeBatches; calling method: registrarBatch; nonce: 0x6f2
2026.10.01-20:50:38.003 error [caliper] [ethereum-connector] 	Error: Returned error: Transaction nonce is too distant from current sender nonce
2026.10.01-20:50:38.028 error [caliper] [ethereum-connector] 	Failed tx on registroDeBatches; calling method: registrarBatch; nonce: 0x6f3
2026.10.01-20:50:38.028 error [caliper] [ethereum-connector] 	Error: Returned error: Transaction nonce is too distant from current sender nonce
2026.10.01-20:50:38.051 error [caliper] [ethereum-connector] 	Failed tx on registroDeBatches; calling method: registrarBatch; nonce: 0x6f4
2026.10.01-20:50:38.051 error [caliper] [ethereum-connector] 	Error: Returned error: Transaction nonce is too distant from current sender nonce
2026.10.01-20:50:38.076 error [caliper] [ethereum-connector] 	Failed tx on registroDeBatches; calling method: registrarBatch; nonce: 0x6f5
2026.10.01-20:50:38.076 error [caliper] [ethereum-connector] 	Error: Returned error: Transaction nonce is too distant from current sender nonce
2026.10.01-20:50:38.103 error [caliper] [ethereum-connector] 	Failed tx on registroDeBatches; calling method: registrarBatch; nonce: 0x6f6
2026.10.01-20:50:38.103 error [caliper] [ethereum-connector] 	Error: Returned error: Transaction nonce is too distant from current sender nonce
2026.10.01-20:50:38.127 error [caliper] [ethereum-connector] 	Failed tx on registroDeBatches; calling method: registrarBatch; nonce: 0x6f7
2026.10.01-20:50:38.127 error [caliper] [ethereum-connector] 	Error: Returned error: Transaction nonce is too distant from current sender nonce
2026.10.01-20:50:38.152 error [caliper] [ethereum-connector] 	Failed tx on registroDeBatches; calling method: registrarBatch; nonce: 0x6f8
2026.10.01-20:50:38.152 error [caliper] [ethereum-connector] 	Error: Returned error: Transaction nonce is too distant from current sender nonce
2026.10.01-20:50:38.178 error [caliper] [ethereum-connector] 	Failed tx on registroDeBatches; calling method: registrarBatch; nonce: 0x6f9
2026.10.01-20:50:38.178 error [caliper] [ethereum-connector] 	Error: Returned error: Transaction nonce is too distant from current sender nonce
2026.10.01-20:50:38.203 error [caliper] [ethereum-connector] 	Failed tx on registroDeBatches; calling method: registrarBatch; nonce: 0x6fa
2026.10.01-20:50:38.203 error [caliper] [ethereum-connector] 	Error: Returned error: Transaction nonce is too distant from current sender nonce
2026.10.01-20:50:38.234 error [caliper] [ethereum-connector] 	Failed tx on registroDeBatches; calling method: registrarBatch; nonce: 0x6fb
2026.10.01-20:50:38.234 error [caliper] [ethereum-connector] 	Error: Returned error: Transaction nonce is too distant from current sender nonce
2026.10.01-20:50:38.251 error [caliper] [ethereum-connector] 	Failed tx on registroDeBatches; calling method: registrarBatch; nonce: 0x6fc
2026.10.01-20:50:38.251 error [caliper] [ethereum-connector] 	Error: Returned error: Transaction nonce is too distant from current sender nonce
2026.10.01-20:50:38.277 error [caliper] [ethereum-connector] 	Failed tx on registroDeBatches; calling method: registrarBatch; nonce: 0x6fd
2026.10.01-20:50:38.277 error [caliper] [ethereum-connector] 	Error: Returned error: Transaction nonce is too distant from current sender nonce
2026.10.01-20:50:38.301 error [caliper] [ethereum-connector] 	Failed tx on registroDeBatches; calling method: registrarBatch; nonce: 0x6fe
2026.10.01-20:50:38.301 error [caliper] [ethereum-connector] 	Error: Returned error: Transaction nonce is too distant from current sender nonce
2026.10.01-20:50:38.327 error [caliper] [ethereum-connector] 	Failed tx on registroDeBatches; calling method: registrarBatch; nonce: 0x6ff
2026.10.01-20:50:38.327 error [caliper] [ethereum-connector] 	Error: Returned error: Transaction nonce is too distant from current sender nonce
2026.10.01-20:50:38.351 error [caliper] [ethereum-connector] 	Failed tx on registroDeBatches; calling method: registrarBatch; nonce: 0x700
2026.10.01-20:50:38.351 error [caliper] [ethereum-connector] 	Error: Returned error: Transaction nonce is too distant from current sender nonce
2026.10.01-20:50:38.376 error [caliper] [ethereum-connector] 	Failed tx on registroDeBatches; calling method: registrarBatch; nonce: 0x701
2026.10.01-20:50:38.376 error [caliper] [ethereum-connector] 	Error: Returned error: Transaction nonce is too distant from current sender nonce
2026.10.01-20:50:38.402 error [caliper] [ethereum-connector] 	Failed tx on registroDeBatches; calling method: registrarBatch; nonce: 0x702
2026.10.01-20:50:38.402 error [caliper] [ethereum-connector] 	Error: Returned error: Transaction nonce is too distant from current sender nonce
2026.10.01-20:50:38.427 error [caliper] [ethereum-connector] 	Failed tx on registroDeBatches; calling method: registrarBatch; nonce: 0x703
2026.10.01-20:50:38.427 error [caliper] [ethereum-connector] 	Error: Returned error: Transaction nonce is too distant from current sender nonce
2026.10.01-20:50:38.452 error [caliper] [ethereum-connector] 	Failed tx on registroDeBatches; calling method: registrarBatch; nonce: 0x704
2026.10.01-20:50:38.452 error [caliper] [ethereum-connector] 	Error: Returned error: Transaction nonce is too distant from current sender nonce
2026.10.01-20:50:38.477 error [caliper] [ethereum-connector] 	Failed tx on registroDeBatches; calling method: registrarBatch; nonce: 0x705
2026.10.01-20:50:38.477 error [caliper] [ethereum-connector] 	Error: Returned error: Transaction nonce is too distant from current sender nonce
2026.10.01-20:50:38.503 error [caliper] [ethereum-connector] 	Failed tx on registroDeBatches; calling method: registrarBatch; nonce: 0x706
2026.10.01-20:50:38.503 error [caliper] [ethereum-connector] 	Error: Returned error: Transaction nonce is too distant from current sender nonce
2026.10.01-20:50:38.528 error [caliper] [ethereum-connector] 	Failed tx on registroDeBatches; calling method: registrarBatch; nonce: 0x707
2026.10.01-20:50:38.528 error [caliper] [ethereum-connector] 	Error: Returned error: Transaction nonce is too distant from current sender nonce
2026.10.01-20:50:38.551 error [caliper] [ethereum-connector] 	Failed tx on registroDeBatches; calling method: registrarBatch; nonce: 0x708
2026.10.01-20:50:38.551 error [caliper] [ethereum-connector] 	Error: Returned error: Transaction nonce is too distant from current sender nonce
2026.10.01-20:50:38.578 error [caliper] [ethereum-connector] 	Failed tx on registroDeBatches; calling method: registrarBatch; nonce: 0x709
2026.10.01-20:50:38.578 error [caliper] [ethereum-connector] 	Error: Returned error: Transaction nonce is too distant from current sender nonce
2026.10.01-20:50:38.602 error [caliper] [ethereum-connector] 	Failed tx on registroDeBatches; calling method: registrarBatch; nonce: 0x70a
2026.10.01-20:50:38.602 error [caliper] [ethereum-connector] 	Error: Returned error: Transaction nonce is too distant from current sender nonce
2026.10.01-20:50:38.627 error [caliper] [ethereum-connector] 	Failed tx on registroDeBatches; calling method: registrarBatch; nonce: 0x70b
2026.10.01-20:50:38.627 error [caliper] [ethereum-connector] 	Error: Returned error: Transaction nonce is too distant from current sender nonce
2026.10.01-20:50:38.653 error [caliper] [ethereum-connector] 	Failed tx on registroDeBatches; calling method: registrarBatch; nonce: 0x70c
2026.10.01-20:50:38.653 error [caliper] [ethereum-connector] 	Error: Returned error: Transaction nonce is too distant from current sender nonce
2026.10.01-20:50:38.676 error [caliper] [ethereum-connector] 	Failed tx on registroDeBatches; calling method: registrarBatch; nonce: 0x70d
2026.10.01-20:50:38.676 error [caliper] [ethereum-connector] 	Error: Returned error: Transaction nonce is too distant from current sender nonce
2026.10.01-20:50:38.703 error [caliper] [ethereum-connector] 	Failed tx on registroDeBatches; calling method: registrarBatch; nonce: 0x70e
2026.10.01-20:50:38.703 error [caliper] [ethereum-connector] 	Error: Returned error: Transaction nonce is too distant from current sender nonce
2026.10.01-20:50:38.727 error [caliper] [ethereum-connector] 	Failed tx on registroDeBatches; calling method: registrarBatch; nonce: 0x70f
2026.10.01-20:50:38.727 error [caliper] [ethereum-connector] 	Error: Returned error: Transaction nonce is too distant from current sender nonce
2026.10.01-20:50:38.751 error [caliper] [ethereum-connector] 	Failed tx on registroDeBatches; calling method: registrarBatch; nonce: 0x710
2026.10.01-20:50:38.751 error [caliper] [ethereum-connector] 	Error: Returned error: Transaction nonce is too distant from current sender nonce
2026.10.01-20:50:38.777 error [caliper] [ethereum-connector] 	Failed tx on registroDeBatches; calling method: registrarBatch; nonce: 0x711
2026.10.01-20:50:38.777 error [caliper] [ethereum-connector] 	Error: Returned error: Transaction nonce is too distant from current sender nonce
2026.10.01-20:50:38.803 error [caliper] [ethereum-connector] 	Failed tx on registroDeBatches; calling method: registrarBatch; nonce: 0x712
2026.10.01-20:50:38.803 error [caliper] [ethereum-connector] 	Error: Returned error: Transaction nonce is too distant from current sender nonce
2026.10.01-20:50:38.826 error [caliper] [ethereum-connector] 	Failed tx on registroDeBatches; calling method: registrarBatch; nonce: 0x713
2026.10.01-20:50:38.826 error [caliper] [ethereum-connector] 	Error: Returned error: Transaction nonce is too distant from current sender nonce
2026.10.01-20:50:38.853 error [caliper] [ethereum-connector] 	Failed tx on registroDeBatches; calling method: registrarBatch; nonce: 0x714
2026.10.01-20:50:38.853 error [caliper] [ethereum-connector] 	Error: Returned error: Transaction nonce is too distant from current sender nonce
2026.10.01-20:50:38.877 error [caliper] [ethereum-connector] 	Failed tx on registroDeBatches; calling method: registrarBatch; nonce: 0x715
2026.10.01-20:50:38.877 error [caliper] [ethereum-connector] 	Error: Returned error: Transaction nonce is too distant from current sender nonce
2026.10.01-20:50:38.903 error [caliper] [ethereum-connector] 	Failed tx on registroDeBatches; calling method: registrarBatch; nonce: 0x716
2026.10.01-20:50:38.903 error [caliper] [ethereum-connector] 	Error: Returned error: Transaction nonce is too distant from current sender nonce
2026.10.01-20:50:38.929 error [caliper] [ethereum-connector] 	Failed tx on registroDeBatches; calling method: registrarBatch; nonce: 0x717
2026.10.01-20:50:38.929 error [caliper] [ethereum-connector] 	Error: Returned error: Transaction nonce is too distant from current sender nonce
2026.10.01-20:50:38.951 error [caliper] [ethereum-connector] 	Failed tx on registroDeBatches; calling method: registrarBatch; nonce: 0x718
2026.10.01-20:50:38.951 error [caliper] [ethereum-connector] 	Error: Returned error: Transaction nonce is too distant from current sender nonce
2026.10.01-20:50:38.976 error [caliper] [ethereum-connector] 	Failed tx on registroDeBatches; calling method: registrarBatch; nonce: 0x719
2026.10.01-20:50:38.976 error [caliper] [ethereum-connector] 	Error: Returned error: Transaction nonce is too distant from current sender nonce
2026.10.01-20:50:39.002 error [caliper] [ethereum-connector] 	Failed tx on registroDeBatches; calling method: registrarBatch; nonce: 0x71a
2026.10.01-20:50:39.002 error [caliper] [ethereum-connector] 	Error: Returned error: Transaction nonce is too distant from current sender nonce
2026.10.01-20:50:39.025 error [caliper] [ethereum-connector] 	Failed tx on registroDeBatches; calling method: registrarBatch; nonce: 0x71b
2026.10.01-20:50:39.025 error [caliper] [ethereum-connector] 	Error: Returned error: Transaction nonce is too distant from current sender nonce
2026.10.01-20:50:39.051 error [caliper] [ethereum-connector] 	Failed tx on registroDeBatches; calling method: registrarBatch; nonce: 0x71c
2026.10.01-20:50:39.051 error [caliper] [ethereum-connector] 	Error: Returned error: Transaction nonce is too distant from current sender nonce
2026.10.01-20:50:39.076 error [caliper] [ethereum-connector] 	Failed tx on registroDeBatches; calling method: registrarBatch; nonce: 0x71d
2026.10.01-20:50:39.076 error [caliper] [ethereum-connector] 	Error: Returned error: Transaction nonce is too distant from current sender nonce
2026.10.01-20:50:39.101 error [caliper] [ethereum-connector] 	Failed tx on registroDeBatches; calling method: registrarBatch; nonce: 0x71e
2026.10.01-20:50:39.101 error [caliper] [ethereum-connector] 	Error: Returned error: Transaction nonce is too distant from current sender nonce
2026.10.01-20:50:39.126 error [caliper] [ethereum-connector] 	Failed tx on registroDeBatches; calling method: registrarBatch; nonce: 0x71f
2026.10.01-20:50:39.126 error [caliper] [ethereum-connector] 	Error: Returned error: Transaction nonce is too distant from current sender nonce
2026.10.01-20:50:39.151 error [caliper] [ethereum-connector] 	Failed tx on registroDeBatches; calling method: registrarBatch; nonce: 0x720
2026.10.01-20:50:39.151 error [caliper] [ethereum-connector] 	Error: Returned error: Transaction nonce is too distant from current sender nonce
2026.10.01-20:50:39.176 error [caliper] [ethereum-connector] 	Failed tx on registroDeBatches; calling method: registrarBatch; nonce: 0x721
2026.10.01-20:50:39.176 error [caliper] [ethereum-connector] 	Error: Returned error: Transaction nonce is too distant from current sender nonce
2026.10.01-20:50:39.201 error [caliper] [ethereum-connector] 	Failed tx on registroDeBatches; calling method: registrarBatch; nonce: 0x722
2026.10.01-20:50:39.201 error [caliper] [ethereum-connector] 	Error: Returned error: Transaction nonce is too distant from current sender nonce
2026.10.01-20:50:39.227 error [caliper] [ethereum-connector] 	Failed tx on registroDeBatches; calling method: registrarBatch; nonce: 0x723
2026.10.01-20:50:39.227 error [caliper] [ethereum-connector] 	Error: Returned error: Transaction nonce is too distant from current sender nonce
2026.10.01-20:50:39.254 error [caliper] [ethereum-connector] 	Failed tx on registroDeBatches; calling method: registrarBatch; nonce: 0x724
2026.10.01-20:50:39.254 error [caliper] [ethereum-connector] 	Error: Returned error: Transaction nonce is too distant from current sender nonce
2026.10.01-20:50:39.279 error [caliper] [ethereum-connector] 	Failed tx on registroDeBatches; calling method: registrarBatch; nonce: 0x725
2026.10.01-20:50:39.279 error [caliper] [ethereum-connector] 	Error: Returned error: Transaction nonce is too distant from current sender nonce
2026.10.01-20:50:39.303 error [caliper] [ethereum-connector] 	Failed tx on registroDeBatches; calling method: registrarBatch; nonce: 0x726
2026.10.01-20:50:39.303 error [caliper] [ethereum-connector] 	Error: Returned error: Transaction nonce is too distant from current sender nonce
2026.10.01-20:50:39.327 error [caliper] [ethereum-connector] 	Failed tx on registroDeBatches; calling method: registrarBatch; nonce: 0x727
2026.10.01-20:50:39.327 error [caliper] [ethereum-connector] 	Error: Returned error: Transaction nonce is too distant from current sender nonce
2026.10.01-20:50:39.352 error [caliper] [ethereum-connector] 	Failed tx on registroDeBatches; calling method: registrarBatch; nonce: 0x728
2026.10.01-20:50:39.352 error [caliper] [ethereum-connector] 	Error: Returned error: Transaction nonce is too distant from current sender nonce
2026.10.01-20:50:39.378 error [caliper] [ethereum-connector] 	Failed tx on registroDeBatches; calling method: registrarBatch; nonce: 0x729
2026.10.01-20:50:39.378 error [caliper] [ethereum-connector] 	Error: Returned error: Transaction nonce is too distant from current sender nonce
2026.10.01-20:50:39.402 error [caliper] [ethereum-connector] 	Failed tx on registroDeBatches; calling method: registrarBatch; nonce: 0x72a
2026.10.01-20:50:39.402 error [caliper] [ethereum-connector] 	Error: Returned error: Transaction nonce is too distant from current sender nonce
2026.10.01-20:50:39.427 error [caliper] [ethereum-connector] 	Failed tx on registroDeBatches; calling method: registrarBatch; nonce: 0x72b
2026.10.01-20:50:39.427 error [caliper] [ethereum-connector] 	Error: Returned error: Transaction nonce is too distant from current sender nonce
2026.10.01-20:50:39.452 error [caliper] [ethereum-connector] 	Failed tx on registroDeBatches; calling method: registrarBatch; nonce: 0x72c
2026.10.01-20:50:39.452 error [caliper] [ethereum-connector] 	Error: Returned error: Transaction nonce is too distant from current sender nonce
2026.10.01-20:50:39.479 error [caliper] [ethereum-connector] 	Failed tx on registroDeBatches; calling method: registrarBatch; nonce: 0x72d
2026.10.01-20:50:39.479 error [caliper] [ethereum-connector] 	Error: Returned error: Transaction nonce is too distant from current sender nonce
2026.10.01-20:50:39.503 error [caliper] [ethereum-connector] 	Failed tx on registroDeBatches; calling method: registrarBatch; nonce: 0x72e
2026.10.01-20:50:39.503 error [caliper] [ethereum-connector] 	Error: Returned error: Transaction nonce is too distant from current sender nonce
2026.10.01-20:50:39.526 error [caliper] [ethereum-connector] 	Failed tx on registroDeBatches; calling method: registrarBatch; nonce: 0x72f
2026.10.01-20:50:39.526 error [caliper] [ethereum-connector] 	Error: Returned error: Transaction nonce is too distant from current sender nonce
2026.10.01-20:50:39.553 error [caliper] [ethereum-connector] 	Failed tx on registroDeBatches; calling method: registrarBatch; nonce: 0x730
2026.10.01-20:50:39.553 error [caliper] [ethereum-connector] 	Error: Returned error: Transaction nonce is too distant from current sender nonce
2026.10.01-20:50:39.578 error [caliper] [ethereum-connector] 	Failed tx on registroDeBatches; calling method: registrarBatch; nonce: 0x731
2026.10.01-20:50:39.578 error [caliper] [ethereum-connector] 	Error: Returned error: Transaction nonce is too distant from current sender nonce
2026.10.01-20:50:39.601 error [caliper] [ethereum-connector] 	Failed tx on registroDeBatches; calling method: registrarBatch; nonce: 0x732
2026.10.01-20:50:39.601 error [caliper] [ethereum-connector] 	Error: Returned error: Transaction nonce is too distant from current sender nonce
2026.10.01-20:50:39.628 error [caliper] [ethereum-connector] 	Failed tx on registroDeBatches; calling method: registrarBatch; nonce: 0x733
2026.10.01-20:50:39.628 error [caliper] [ethereum-connector] 	Error: Returned error: Transaction nonce is too distant from current sender nonce
2026.10.01-20:50:39.651 error [caliper] [ethereum-connector] 	Failed tx on registroDeBatches; calling method: registrarBatch; nonce: 0x734
2026.10.01-20:50:39.651 error [caliper] [ethereum-connector] 	Error: Returned error: Transaction nonce is too distant from current sender nonce
2026.10.01-20:50:39.676 error [caliper] [ethereum-connector] 	Failed tx on registroDeBatches; calling method: registrarBatch; nonce: 0x735
2026.10.01-20:50:39.676 error [caliper] [ethereum-connector] 	Error: Returned error: Transaction nonce is too distant from current sender nonce
2026.10.01-20:50:39.703 error [caliper] [ethereum-connector] 	Failed tx on registroDeBatches; calling method: registrarBatch; nonce: 0x736
2026.10.01-20:50:39.703 error [caliper] [ethereum-connector] 	Error: Returned error: Transaction nonce is too distant from current sender nonce
2026.10.01-20:50:39.728 error [caliper] [ethereum-connector] 	Failed tx on registroDeBatches; calling method: registrarBatch; nonce: 0x737
2026.10.01-20:50:39.728 error [caliper] [ethereum-connector] 	Error: Returned error: Transaction nonce is too distant from current sender nonce
2026.10.01-20:50:39.751 error [caliper] [ethereum-connector] 	Failed tx on registroDeBatches; calling method: registrarBatch; nonce: 0x738
2026.10.01-20:50:39.751 error [caliper] [ethereum-connector] 	Error: Returned error: Transaction nonce is too distant from current sender nonce
2026.10.01-20:50:39.777 error [caliper] [ethereum-connector] 	Failed tx on registroDeBatches; calling method: registrarBatch; nonce: 0x739
2026.10.01-20:50:39.777 error [caliper] [ethereum-connector] 	Error: Returned error: Transaction nonce is too distant from current sender nonce
2026.10.01-20:50:39.802 error [caliper] [ethereum-connector] 	Failed tx on registroDeBatches; calling method: registrarBatch; nonce: 0x73a
2026.10.01-20:50:39.802 error [caliper] [ethereum-connector] 	Error: Returned error: Transaction nonce is too distant from current sender nonce
2026.10.01-20:50:39.827 error [caliper] [ethereum-connector] 	Failed tx on registroDeBatches; calling method: registrarBatch; nonce: 0x73b
2026.10.01-20:50:39.827 error [caliper] [ethereum-connector] 	Error: Returned error: Transaction nonce is too distant from current sender nonce
2026.10.01-20:50:39.854 error [caliper] [ethereum-connector] 	Failed tx on registroDeBatches; calling method: registrarBatch; nonce: 0x73c
2026.10.01-20:50:39.854 error [caliper] [ethereum-connector] 	Error: Returned error: Transaction nonce is too distant from current sender nonce
2026.10.01-20:50:39.877 error [caliper] [ethereum-connector] 	Failed tx on registroDeBatches; calling method: registrarBatch; nonce: 0x73d
2026.10.01-20:50:39.877 error [caliper] [ethereum-connector] 	Error: Returned error: Transaction nonce is too distant from current sender nonce
2026.10.01-20:50:39.902 error [caliper] [ethereum-connector] 	Failed tx on registroDeBatches; calling method: registrarBatch; nonce: 0x73e
2026.10.01-20:50:39.902 error [caliper] [ethereum-connector] 	Error: Returned error: Transaction nonce is too distant from current sender nonce
2026.10.01-20:50:39.927 error [caliper] [ethereum-connector] 	Failed tx on registroDeBatches; calling method: registrarBatch; nonce: 0x73f
2026.10.01-20:50:39.928 error [caliper] [ethereum-connector] 	Error: Returned error: Transaction nonce is too distant from current sender nonce
2026.10.01-20:50:39.953 error [caliper] [ethereum-connector] 	Failed tx on registroDeBatches; calling method: registrarBatch; nonce: 0x740
2026.10.01-20:50:39.953 error [caliper] [ethereum-connector] 	Error: Returned error: Transaction nonce is too distant from current sender nonce
2026.10.01-20:50:39.977 error [caliper] [ethereum-connector] 	Failed tx on registroDeBatches; calling method: registrarBatch; nonce: 0x741
2026.10.01-20:50:39.977 error [caliper] [ethereum-connector] 	Error: Returned error: Transaction nonce is too distant from current sender nonce
2026.10.01-20:50:40.003 error [caliper] [ethereum-connector] 	Failed tx on registroDeBatches; calling method: registrarBatch; nonce: 0x742
2026.10.01-20:50:40.003 error [caliper] [ethereum-connector] 	Error: Returned error: Transaction nonce is too distant from current sender nonce
2026.10.01-20:50:40.028 error [caliper] [ethereum-connector] 	Failed tx on registroDeBatches; calling method: registrarBatch; nonce: 0x743
2026.10.01-20:50:40.028 error [caliper] [ethereum-connector] 	Error: Returned error: Transaction nonce is too distant from current sender nonce
2026.10.01-20:50:40.055 error [caliper] [ethereum-connector] 	Failed tx on registroDeBatches; calling method: registrarBatch; nonce: 0x744
2026.10.01-20:50:40.056 error [caliper] [ethereum-connector] 	Error: Returned error: Transaction nonce is too distant from current sender nonce
2026.10.01-20:50:40.081 error [caliper] [ethereum-connector] 	Failed tx on registroDeBatches; calling method: registrarBatch; nonce: 0x745
2026.10.01-20:50:40.081 error [caliper] [ethereum-connector] 	Error: Returned error: Transaction nonce is too distant from current sender nonce
2026.10.01-20:50:40.102 error [caliper] [ethereum-connector] 	Failed tx on registroDeBatches; calling method: registrarBatch; nonce: 0x746
2026.10.01-20:50:40.102 error [caliper] [ethereum-connector] 	Error: Returned error: Transaction nonce is too distant from current sender nonce
2026.10.01-20:50:40.127 error [caliper] [ethereum-connector] 	Failed tx on registroDeBatches; calling method: registrarBatch; nonce: 0x747
2026.10.01-20:50:40.127 error [caliper] [ethereum-connector] 	Error: Returned error: Transaction nonce is too distant from current sender nonce
2026.10.01-20:50:40.153 error [caliper] [ethereum-connector] 	Failed tx on registroDeBatches; calling method: registrarBatch; nonce: 0x748
2026.10.01-20:50:40.153 error [caliper] [ethereum-connector] 	Error: Returned error: Transaction nonce is too distant from current sender nonce
2026.10.01-20:50:40.177 error [caliper] [ethereum-connector] 	Failed tx on registroDeBatches; calling method: registrarBatch; nonce: 0x749
2026.10.01-20:50:40.177 error [caliper] [ethereum-connector] 	Error: Returned error: Transaction nonce is too distant from current sender nonce
2026.10.01-20:50:40.202 error [caliper] [ethereum-connector] 	Failed tx on registroDeBatches; calling method: registrarBatch; nonce: 0x74a
2026.10.01-20:50:40.202 error [caliper] [ethereum-connector] 	Error: Returned error: Transaction nonce is too distant from current sender nonce
2026.10.01-20:50:40.226 error [caliper] [ethereum-connector] 	Failed tx on registroDeBatches; calling method: registrarBatch; nonce: 0x74b
2026.10.01-20:50:40.226 error [caliper] [ethereum-connector] 	Error: Returned error: Transaction nonce is too distant from current sender nonce
2026.10.01-20:50:40.252 error [caliper] [ethereum-connector] 	Failed tx on registroDeBatches; calling method: registrarBatch; nonce: 0x74c
2026.10.01-20:50:40.252 error [caliper] [ethereum-connector] 	Error: Returned error: Transaction nonce is too distant from current sender nonce
2026.10.01-20:50:40.278 error [caliper] [ethereum-connector] 	Failed tx on registroDeBatches; calling method: registrarBatch; nonce: 0x74d
2026.10.01-20:50:40.278 error [caliper] [ethereum-connector] 	Error: Returned error: Transaction nonce is too distant from current sender nonce
2026.10.01-20:50:40.302 error [caliper] [ethereum-connector] 	Failed tx on registroDeBatches; calling method: registrarBatch; nonce: 0x74e
2026.10.01-20:50:40.302 error [caliper] [ethereum-connector] 	Error: Returned error: Transaction nonce is too distant from current sender nonce
2026.10.01-20:50:40.326 error [caliper] [ethereum-connector] 	Failed tx on registroDeBatches; calling method: registrarBatch; nonce: 0x74f
2026.10.01-20:50:40.327 error [caliper] [ethereum-connector] 	Error: Returned error: Transaction nonce is too distant from current sender nonce
2026.10.01-20:50:40.353 error [caliper] [ethereum-connector] 	Failed tx on registroDeBatches; calling method: registrarBatch; nonce: 0x750
2026.10.01-20:50:40.353 error [caliper] [ethereum-connector] 	Error: Returned error: Transaction nonce is too distant from current sender nonce
2026.10.01-20:50:40.377 error [caliper] [ethereum-connector] 	Failed tx on registroDeBatches; calling method: registrarBatch; nonce: 0x751
2026.10.01-20:50:40.377 error [caliper] [ethereum-connector] 	Error: Returned error: Transaction nonce is too distant from current sender nonce
2026.10.01-20:50:40.401 error [caliper] [ethereum-connector] 	Failed tx on registroDeBatches; calling method: registrarBatch; nonce: 0x752
2026.10.01-20:50:40.402 error [caliper] [ethereum-connector] 	Error: Returned error: Transaction nonce is too distant from current sender nonce
2026.10.01-20:50:40.427 error [caliper] [ethereum-connector] 	Failed tx on registroDeBatches; calling method: registrarBatch; nonce: 0x753
2026.10.01-20:50:40.427 error [caliper] [ethereum-connector] 	Error: Returned error: Transaction nonce is too distant from current sender nonce
2026.10.01-20:50:40.452 error [caliper] [ethereum-connector] 	Failed tx on registroDeBatches; calling method: registrarBatch; nonce: 0x754
2026.10.01-20:50:40.452 error [caliper] [ethereum-connector] 	Error: Returned error: Transaction nonce is too distant from current sender nonce
2026.10.01-20:50:40.478 error [caliper] [ethereum-connector] 	Failed tx on registroDeBatches; calling method: registrarBatch; nonce: 0x755
2026.10.01-20:50:40.478 error [caliper] [ethereum-connector] 	Error: Returned error: Transaction nonce is too distant from current sender nonce
2026.10.01-20:50:40.501 error [caliper] [ethereum-connector] 	Failed tx on registroDeBatches; calling method: registrarBatch; nonce: 0x756
2026.10.01-20:50:40.501 error [caliper] [ethereum-connector] 	Error: Returned error: Transaction nonce is too distant from current sender nonce
2026.10.01-20:50:40.527 error [caliper] [ethereum-connector] 	Failed tx on registroDeBatches; calling method: registrarBatch; nonce: 0x757
2026.10.01-20:50:40.527 error [caliper] [ethereum-connector] 	Error: Returned error: Transaction nonce is too distant from current sender nonce
2026.10.01-20:50:40.553 error [caliper] [ethereum-connector] 	Failed tx on registroDeBatches; calling method: registrarBatch; nonce: 0x758
2026.10.01-20:50:40.553 error [caliper] [ethereum-connector] 	Error: Returned error: Transaction nonce is too distant from current sender nonce
2026.10.01-20:50:40.577 error [caliper] [ethereum-connector] 	Failed tx on registroDeBatches; calling method: registrarBatch; nonce: 0x759
2026.10.01-20:50:40.577 error [caliper] [ethereum-connector] 	Error: Returned error: Transaction nonce is too distant from current sender nonce
2026.10.01-20:50:40.602 error [caliper] [ethereum-connector] 	Failed tx on registroDeBatches; calling method: registrarBatch; nonce: 0x75a
2026.10.01-20:50:40.602 error [caliper] [ethereum-connector] 	Error: Returned error: Transaction nonce is too distant from current sender nonce
2026.10.01-20:50:40.626 error [caliper] [ethereum-connector] 	Failed tx on registroDeBatches; calling method: registrarBatch; nonce: 0x75b
2026.10.01-20:50:40.626 error [caliper] [ethereum-connector] 	Error: Returned error: Transaction nonce is too distant from current sender nonce
2026.10.01-20:50:40.653 error [caliper] [ethereum-connector] 	Failed tx on registroDeBatches; calling method: registrarBatch; nonce: 0x75c
2026.10.01-20:50:40.653 error [caliper] [ethereum-connector] 	Error: Returned error: Transaction nonce is too distant from current sender nonce
2026.10.01-20:50:40.679 error [caliper] [ethereum-connector] 	Failed tx on registroDeBatches; calling method: registrarBatch; nonce: 0x75d
2026.10.01-20:50:40.679 error [caliper] [ethereum-connector] 	Error: Returned error: Transaction nonce is too distant from current sender nonce
2026.10.01-20:50:40.703 error [caliper] [ethereum-connector] 	Failed tx on registroDeBatches; calling method: registrarBatch; nonce: 0x75e
2026.10.01-20:50:40.703 error [caliper] [ethereum-connector] 	Error: Returned error: Transaction nonce is too distant from current sender nonce
2026.10.01-20:50:40.727 error [caliper] [ethereum-connector] 	Failed tx on registroDeBatches; calling method: registrarBatch; nonce: 0x75f
2026.10.01-20:50:40.727 error [caliper] [ethereum-connector] 	Error: Returned error: Transaction nonce is too distant from current sender nonce
2026.10.01-20:50:40.751 error [caliper] [ethereum-connector] 	Failed tx on registroDeBatches; calling method: registrarBatch; nonce: 0x760
2026.10.01-20:50:40.751 error [caliper] [ethereum-connector] 	Error: Returned error: Transaction nonce is too distant from current sender nonce
2026.10.01-20:50:40.778 error [caliper] [ethereum-connector] 	Failed tx on registroDeBatches; calling method: registrarBatch; nonce: 0x761
2026.10.01-20:50:40.778 error [caliper] [ethereum-connector] 	Error: Returned error: Transaction nonce is too distant from current sender nonce
2026.10.01-20:50:40.802 error [caliper] [ethereum-connector] 	Failed tx on registroDeBatches; calling method: registrarBatch; nonce: 0x762
2026.10.01-20:50:40.802 error [caliper] [ethereum-connector] 	Error: Returned error: Transaction nonce is too distant from current sender nonce
2026.10.01-20:50:40.827 error [caliper] [ethereum-connector] 	Failed tx on registroDeBatches; calling method: registrarBatch; nonce: 0x763
2026.10.01-20:50:40.827 error [caliper] [ethereum-connector] 	Error: Returned error: Transaction nonce is too distant from current sender nonce
2026.10.01-20:50:40.852 error [caliper] [ethereum-connector] 	Failed tx on registroDeBatches; calling method: registrarBatch; nonce: 0x764
2026.10.01-20:50:40.852 error [caliper] [ethereum-connector] 	Error: Returned error: Transaction nonce is too distant from current sender nonce
2026.10.01-20:50:40.879 error [caliper] [ethereum-connector] 	Failed tx on registroDeBatches; calling method: registrarBatch; nonce: 0x765
2026.10.01-20:50:40.879 error [caliper] [ethereum-connector] 	Error: Returned error: Transaction nonce is too distant from current sender nonce
2026.10.01-20:50:40.903 error [caliper] [ethereum-connector] 	Failed tx on registroDeBatches; calling method: registrarBatch; nonce: 0x766
2026.10.01-20:50:40.903 error [caliper] [ethereum-connector] 	Error: Returned error: Transaction nonce is too distant from current sender nonce
2026.10.01-20:50:40.926 error [caliper] [ethereum-connector] 	Failed tx on registroDeBatches; calling method: registrarBatch; nonce: 0x767
2026.10.01-20:50:40.926 error [caliper] [ethereum-connector] 	Error: Returned error: Transaction nonce is too distant from current sender nonce
2026.10.01-20:50:40.953 error [caliper] [ethereum-connector] 	Failed tx on registroDeBatches; calling method: registrarBatch; nonce: 0x768
2026.10.01-20:50:40.953 error [caliper] [ethereum-connector] 	Error: Returned error: Transaction nonce is too distant from current sender nonce
2026.10.01-20:50:40.977 error [caliper] [ethereum-connector] 	Failed tx on registroDeBatches; calling method: registrarBatch; nonce: 0x769
2026.10.01-20:50:40.977 error [caliper] [ethereum-connector] 	Error: Returned error: Transaction nonce is too distant from current sender nonce
2026.10.01-20:50:41.003 error [caliper] [ethereum-connector] 	Failed tx on registroDeBatches; calling method: registrarBatch; nonce: 0x76a
2026.10.01-20:50:41.003 error [caliper] [ethereum-connector] 	Error: Returned error: Transaction nonce is too distant from current sender nonce
2026.10.01-20:50:41.028 error [caliper] [ethereum-connector] 	Failed tx on registroDeBatches; calling method: registrarBatch; nonce: 0x76b
2026.10.01-20:50:41.028 error [caliper] [ethereum-connector] 	Error: Returned error: Transaction nonce is too distant from current sender nonce
2026.10.01-20:50:41.051 error [caliper] [ethereum-connector] 	Failed tx on registroDeBatches; calling method: registrarBatch; nonce: 0x76c
2026.10.01-20:50:41.052 error [caliper] [ethereum-connector] 	Error: Returned error: Transaction nonce is too distant from current sender nonce
2026.10.01-20:50:41.077 error [caliper] [ethereum-connector] 	Failed tx on registroDeBatches; calling method: registrarBatch; nonce: 0x76d
2026.10.01-20:50:41.077 error [caliper] [ethereum-connector] 	Error: Returned error: Transaction nonce is too distant from current sender nonce
2026.10.01-20:50:41.101 error [caliper] [ethereum-connector] 	Failed tx on registroDeBatches; calling method: registrarBatch; nonce: 0x76e
2026.10.01-20:50:41.101 error [caliper] [ethereum-connector] 	Error: Returned error: Transaction nonce is too distant from current sender nonce
2026.10.01-20:50:41.123 info  [caliper] [default-observer] 	[tps-40 Round 2 Transaction Info] - Submitted: 961 Succ: 328 Fail:633 Unfinished:0
2026.10.01-20:50:41.128 error [caliper] [ethereum-connector] 	Failed tx on registroDeBatches; calling method: registrarBatch; nonce: 0x76f
2026.10.01-20:50:41.128 error [caliper] [ethereum-connector] 	Error: Returned error: Transaction nonce is too distant from current sender nonce
2026.10.01-20:50:41.152 error [caliper] [ethereum-connector] 	Failed tx on registroDeBatches; calling method: registrarBatch; nonce: 0x770
2026.10.01-20:50:41.152 error [caliper] [ethereum-connector] 	Error: Returned error: Transaction nonce is too distant from current sender nonce
2026.10.01-20:50:41.177 error [caliper] [ethereum-connector] 	Failed tx on registroDeBatches; calling method: registrarBatch; nonce: 0x771
2026.10.01-20:50:41.177 error [caliper] [ethereum-connector] 	Error: Returned error: Transaction nonce is too distant from current sender nonce
2026.10.01-20:50:41.203 error [caliper] [ethereum-connector] 	Failed tx on registroDeBatches; calling method: registrarBatch; nonce: 0x772
2026.10.01-20:50:41.203 error [caliper] [ethereum-connector] 	Error: Returned error: Transaction nonce is too distant from current sender nonce
2026.10.01-20:50:41.228 error [caliper] [ethereum-connector] 	Failed tx on registroDeBatches; calling method: registrarBatch; nonce: 0x773
2026.10.01-20:50:41.228 error [caliper] [ethereum-connector] 	Error: Returned error: Transaction nonce is too distant from current sender nonce
2026.10.01-20:50:41.253 error [caliper] [ethereum-connector] 	Failed tx on registroDeBatches; calling method: registrarBatch; nonce: 0x774
2026.10.01-20:50:41.253 error [caliper] [ethereum-connector] 	Error: Returned error: Transaction nonce is too distant from current sender nonce
2026.10.01-20:50:41.278 error [caliper] [ethereum-connector] 	Failed tx on registroDeBatches; calling method: registrarBatch; nonce: 0x775
2026.10.01-20:50:41.278 error [caliper] [ethereum-connector] 	Error: Returned error: Transaction nonce is too distant from current sender nonce
2026.10.01-20:50:41.303 error [caliper] [ethereum-connector] 	Failed tx on registroDeBatches; calling method: registrarBatch; nonce: 0x776
2026.10.01-20:50:41.303 error [caliper] [ethereum-connector] 	Error: Returned error: Transaction nonce is too distant from current sender nonce
2026.10.01-20:50:41.327 error [caliper] [ethereum-connector] 	Failed tx on registroDeBatches; calling method: registrarBatch; nonce: 0x777
2026.10.01-20:50:41.327 error [caliper] [ethereum-connector] 	Error: Returned error: Transaction nonce is too distant from current sender nonce
2026.10.01-20:50:41.353 error [caliper] [ethereum-connector] 	Failed tx on registroDeBatches; calling method: registrarBatch; nonce: 0x778
2026.10.01-20:50:41.353 error [caliper] [ethereum-connector] 	Error: Returned error: Transaction nonce is too distant from current sender nonce
2026.10.01-20:50:41.377 error [caliper] [ethereum-connector] 	Failed tx on registroDeBatches; calling method: registrarBatch; nonce: 0x779
2026.10.01-20:50:41.377 error [caliper] [ethereum-connector] 	Error: Returned error: Transaction nonce is too distant from current sender nonce
2026.10.01-20:50:41.401 error [caliper] [ethereum-connector] 	Failed tx on registroDeBatches; calling method: registrarBatch; nonce: 0x77a
2026.10.01-20:50:41.401 error [caliper] [ethereum-connector] 	Error: Returned error: Transaction nonce is too distant from current sender nonce
2026.10.01-20:50:41.429 error [caliper] [ethereum-connector] 	Failed tx on registroDeBatches; calling method: registrarBatch; nonce: 0x77b
2026.10.01-20:50:41.429 error [caliper] [ethereum-connector] 	Error: Returned error: Transaction nonce is too distant from current sender nonce
2026.10.01-20:50:41.452 error [caliper] [ethereum-connector] 	Failed tx on registroDeBatches; calling method: registrarBatch; nonce: 0x77c
2026.10.01-20:50:41.452 error [caliper] [ethereum-connector] 	Error: Returned error: Transaction nonce is too distant from current sender nonce
2026.10.01-20:50:41.478 error [caliper] [ethereum-connector] 	Failed tx on registroDeBatches; calling method: registrarBatch; nonce: 0x77d
2026.10.01-20:50:41.478 error [caliper] [ethereum-connector] 	Error: Returned error: Transaction nonce is too distant from current sender nonce
2026.10.01-20:50:41.501 error [caliper] [ethereum-connector] 	Failed tx on registroDeBatches; calling method: registrarBatch; nonce: 0x77e
2026.10.01-20:50:41.501 error [caliper] [ethereum-connector] 	Error: Returned error: Transaction nonce is too distant from current sender nonce
2026.10.01-20:50:41.525 error [caliper] [ethereum-connector] 	Failed tx on registroDeBatches; calling method: registrarBatch; nonce: 0x77f
2026.10.01-20:50:41.525 error [caliper] [ethereum-connector] 	Error: Returned error: Transaction nonce is too distant from current sender nonce
2026.10.01-20:50:41.551 error [caliper] [ethereum-connector] 	Failed tx on registroDeBatches; calling method: registrarBatch; nonce: 0x780
2026.10.01-20:50:41.551 error [caliper] [ethereum-connector] 	Error: Returned error: Transaction nonce is too distant from current sender nonce
2026.10.01-20:50:41.577 error [caliper] [ethereum-connector] 	Failed tx on registroDeBatches; calling method: registrarBatch; nonce: 0x781
2026.10.01-20:50:41.578 error [caliper] [ethereum-connector] 	Error: Returned error: Transaction nonce is too distant from current sender nonce
2026.10.01-20:50:41.602 error [caliper] [ethereum-connector] 	Failed tx on registroDeBatches; calling method: registrarBatch; nonce: 0x782
2026.10.01-20:50:41.602 error [caliper] [ethereum-connector] 	Error: Returned error: Transaction nonce is too distant from current sender nonce
2026.10.01-20:50:41.627 error [caliper] [ethereum-connector] 	Failed tx on registroDeBatches; calling method: registrarBatch; nonce: 0x783
2026.10.01-20:50:41.627 error [caliper] [ethereum-connector] 	Error: Returned error: Transaction nonce is too distant from current sender nonce
2026.10.01-20:50:41.653 error [caliper] [ethereum-connector] 	Failed tx on registroDeBatches; calling method: registrarBatch; nonce: 0x784
2026.10.01-20:50:41.653 error [caliper] [ethereum-connector] 	Error: Returned error: Transaction nonce is too distant from current sender nonce
2026.10.01-20:50:41.677 error [caliper] [ethereum-connector] 	Failed tx on registroDeBatches; calling method: registrarBatch; nonce: 0x785
2026.10.01-20:50:41.677 error [caliper] [ethereum-connector] 	Error: Returned error: Transaction nonce is too distant from current sender nonce
2026.10.01-20:50:41.703 error [caliper] [ethereum-connector] 	Failed tx on registroDeBatches; calling method: registrarBatch; nonce: 0x786
2026.10.01-20:50:41.703 error [caliper] [ethereum-connector] 	Error: Returned error: Transaction nonce is too distant from current sender nonce
2026.10.01-20:50:41.727 error [caliper] [ethereum-connector] 	Failed tx on registroDeBatches; calling method: registrarBatch; nonce: 0x787
2026.10.01-20:50:41.727 error [caliper] [ethereum-connector] 	Error: Returned error: Transaction nonce is too distant from current sender nonce
2026.10.01-20:50:41.752 error [caliper] [ethereum-connector] 	Failed tx on registroDeBatches; calling method: registrarBatch; nonce: 0x788
2026.10.01-20:50:41.752 error [caliper] [ethereum-connector] 	Error: Returned error: Transaction nonce is too distant from current sender nonce
2026.10.01-20:50:41.777 error [caliper] [ethereum-connector] 	Failed tx on registroDeBatches; calling method: registrarBatch; nonce: 0x789
2026.10.01-20:50:41.777 error [caliper] [ethereum-connector] 	Error: Returned error: Transaction nonce is too distant from current sender nonce
2026.10.01-20:50:41.801 error [caliper] [ethereum-connector] 	Failed tx on registroDeBatches; calling method: registrarBatch; nonce: 0x78a
2026.10.01-20:50:41.801 error [caliper] [ethereum-connector] 	Error: Returned error: Transaction nonce is too distant from current sender nonce
2026.10.01-20:50:41.828 error [caliper] [ethereum-connector] 	Failed tx on registroDeBatches; calling method: registrarBatch; nonce: 0x78b
2026.10.01-20:50:41.828 error [caliper] [ethereum-connector] 	Error: Returned error: Transaction nonce is too distant from current sender nonce
2026.10.01-20:50:41.853 error [caliper] [ethereum-connector] 	Failed tx on registroDeBatches; calling method: registrarBatch; nonce: 0x78c
2026.10.01-20:50:41.853 error [caliper] [ethereum-connector] 	Error: Returned error: Transaction nonce is too distant from current sender nonce
2026.10.01-20:50:41.877 error [caliper] [ethereum-connector] 	Failed tx on registroDeBatches; calling method: registrarBatch; nonce: 0x78d
2026.10.01-20:50:41.877 error [caliper] [ethereum-connector] 	Error: Returned error: Transaction nonce is too distant from current sender nonce
2026.10.01-20:50:41.901 error [caliper] [ethereum-connector] 	Failed tx on registroDeBatches; calling method: registrarBatch; nonce: 0x78e
2026.10.01-20:50:41.901 error [caliper] [ethereum-connector] 	Error: Returned error: Transaction nonce is too distant from current sender nonce
2026.10.01-20:50:41.926 error [caliper] [ethereum-connector] 	Failed tx on registroDeBatches; calling method: registrarBatch; nonce: 0x78f
2026.10.01-20:50:41.926 error [caliper] [ethereum-connector] 	Error: Returned error: Transaction nonce is too distant from current sender nonce
2026.10.01-20:50:41.951 error [caliper] [ethereum-connector] 	Failed tx on registroDeBatches; calling method: registrarBatch; nonce: 0x790
2026.10.01-20:50:41.951 error [caliper] [ethereum-connector] 	Error: Returned error: Transaction nonce is too distant from current sender nonce
2026.10.01-20:50:41.977 error [caliper] [ethereum-connector] 	Failed tx on registroDeBatches; calling method: registrarBatch; nonce: 0x791
2026.10.01-20:50:41.977 error [caliper] [ethereum-connector] 	Error: Returned error: Transaction nonce is too distant from current sender nonce
2026.10.01-20:50:42.001 error [caliper] [ethereum-connector] 	Failed tx on registroDeBatches; calling method: registrarBatch; nonce: 0x792
2026.10.01-20:50:42.001 error [caliper] [ethereum-connector] 	Error: Returned error: Transaction nonce is too distant from current sender nonce
2026.10.01-20:50:42.027 error [caliper] [ethereum-connector] 	Failed tx on registroDeBatches; calling method: registrarBatch; nonce: 0x793
2026.10.01-20:50:42.027 error [caliper] [ethereum-connector] 	Error: Returned error: Transaction nonce is too distant from current sender nonce
2026.10.01-20:50:42.052 error [caliper] [ethereum-connector] 	Failed tx on registroDeBatches; calling method: registrarBatch; nonce: 0x794
2026.10.01-20:50:42.052 error [caliper] [ethereum-connector] 	Error: Returned error: Transaction nonce is too distant from current sender nonce
2026.10.01-20:50:42.080 error [caliper] [ethereum-connector] 	Failed tx on registroDeBatches; calling method: registrarBatch; nonce: 0x795
2026.10.01-20:50:42.080 error [caliper] [ethereum-connector] 	Error: Returned error: Transaction nonce is too distant from current sender nonce
2026.10.01-20:50:42.102 error [caliper] [ethereum-connector] 	Failed tx on registroDeBatches; calling method: registrarBatch; nonce: 0x796
2026.10.01-20:50:42.102 error [caliper] [ethereum-connector] 	Error: Returned error: Transaction nonce is too distant from current sender nonce
2026.10.01-20:50:42.127 error [caliper] [ethereum-connector] 	Failed tx on registroDeBatches; calling method: registrarBatch; nonce: 0x797
2026.10.01-20:50:42.127 error [caliper] [ethereum-connector] 	Error: Returned error: Transaction nonce is too distant from current sender nonce
2026.10.01-20:50:42.152 error [caliper] [ethereum-connector] 	Failed tx on registroDeBatches; calling method: registrarBatch; nonce: 0x798
2026.10.01-20:50:42.152 error [caliper] [ethereum-connector] 	Error: Returned error: Transaction nonce is too distant from current sender nonce
2026.10.01-20:50:42.176 error [caliper] [ethereum-connector] 	Failed tx on registroDeBatches; calling method: registrarBatch; nonce: 0x799
2026.10.01-20:50:42.176 error [caliper] [ethereum-connector] 	Error: Returned error: Transaction nonce is too distant from current sender nonce
2026.10.01-20:50:42.201 error [caliper] [ethereum-connector] 	Failed tx on registroDeBatches; calling method: registrarBatch; nonce: 0x79a
2026.10.01-20:50:42.201 error [caliper] [ethereum-connector] 	Error: Returned error: Transaction nonce is too distant from current sender nonce
2026.10.01-20:50:42.228 error [caliper] [ethereum-connector] 	Failed tx on registroDeBatches; calling method: registrarBatch; nonce: 0x79b
2026.10.01-20:50:42.228 error [caliper] [ethereum-connector] 	Error: Returned error: Transaction nonce is too distant from current sender nonce
2026.10.01-20:50:42.254 error [caliper] [ethereum-connector] 	Failed tx on registroDeBatches; calling method: registrarBatch; nonce: 0x79c
2026.10.01-20:50:42.254 error [caliper] [ethereum-connector] 	Error: Returned error: Transaction nonce is too distant from current sender nonce
2026.10.01-20:50:42.278 error [caliper] [ethereum-connector] 	Failed tx on registroDeBatches; calling method: registrarBatch; nonce: 0x79d
2026.10.01-20:50:42.278 error [caliper] [ethereum-connector] 	Error: Returned error: Transaction nonce is too distant from current sender nonce
2026.10.01-20:50:42.301 error [caliper] [ethereum-connector] 	Failed tx on registroDeBatches; calling method: registrarBatch; nonce: 0x79e
2026.10.01-20:50:42.301 error [caliper] [ethereum-connector] 	Error: Returned error: Transaction nonce is too distant from current sender nonce
2026.10.01-20:50:42.328 error [caliper] [ethereum-connector] 	Failed tx on registroDeBatches; calling method: registrarBatch; nonce: 0x79f
2026.10.01-20:50:42.328 error [caliper] [ethereum-connector] 	Error: Returned error: Transaction nonce is too distant from current sender nonce
2026.10.01-20:50:42.353 error [caliper] [ethereum-connector] 	Failed tx on registroDeBatches; calling method: registrarBatch; nonce: 0x7a0
2026.10.01-20:50:42.353 error [caliper] [ethereum-connector] 	Error: Returned error: Transaction nonce is too distant from current sender nonce
2026.10.01-20:50:42.378 error [caliper] [ethereum-connector] 	Failed tx on registroDeBatches; calling method: registrarBatch; nonce: 0x7a1
2026.10.01-20:50:42.378 error [caliper] [ethereum-connector] 	Error: Returned error: Transaction nonce is too distant from current sender nonce
2026.10.01-20:50:42.403 error [caliper] [ethereum-connector] 	Failed tx on registroDeBatches; calling method: registrarBatch; nonce: 0x7a2
2026.10.01-20:50:42.403 error [caliper] [ethereum-connector] 	Error: Returned error: Transaction nonce is too distant from current sender nonce
2026.10.01-20:50:42.427 error [caliper] [ethereum-connector] 	Failed tx on registroDeBatches; calling method: registrarBatch; nonce: 0x7a3
2026.10.01-20:50:42.427 error [caliper] [ethereum-connector] 	Error: Returned error: Transaction nonce is too distant from current sender nonce
2026.10.01-20:50:42.452 error [caliper] [ethereum-connector] 	Failed tx on registroDeBatches; calling method: registrarBatch; nonce: 0x7a4
2026.10.01-20:50:42.453 error [caliper] [ethereum-connector] 	Error: Returned error: Transaction nonce is too distant from current sender nonce
2026.10.01-20:50:42.478 error [caliper] [ethereum-connector] 	Failed tx on registroDeBatches; calling method: registrarBatch; nonce: 0x7a5
2026.10.01-20:50:42.478 error [caliper] [ethereum-connector] 	Error: Returned error: Transaction nonce is too distant from current sender nonce
2026.10.01-20:50:42.502 error [caliper] [ethereum-connector] 	Failed tx on registroDeBatches; calling method: registrarBatch; nonce: 0x7a6
2026.10.01-20:50:42.502 error [caliper] [ethereum-connector] 	Error: Returned error: Transaction nonce is too distant from current sender nonce
2026.10.01-20:50:42.531 error [caliper] [ethereum-connector] 	Failed tx on registroDeBatches; calling method: registrarBatch; nonce: 0x7a7
2026.10.01-20:50:42.531 error [caliper] [ethereum-connector] 	Error: Returned error: Transaction nonce is too distant from current sender nonce
2026.10.01-20:50:42.552 error [caliper] [ethereum-connector] 	Failed tx on registroDeBatches; calling method: registrarBatch; nonce: 0x7a8
2026.10.01-20:50:42.552 error [caliper] [ethereum-connector] 	Error: Returned error: Transaction nonce is too distant from current sender nonce
2026.10.01-20:50:42.578 error [caliper] [ethereum-connector] 	Failed tx on registroDeBatches; calling method: registrarBatch; nonce: 0x7a9
2026.10.01-20:50:42.578 error [caliper] [ethereum-connector] 	Error: Returned error: Transaction nonce is too distant from current sender nonce
2026.10.01-20:50:42.604 error [caliper] [ethereum-connector] 	Failed tx on registroDeBatches; calling method: registrarBatch; nonce: 0x7aa
2026.10.01-20:50:42.604 error [caliper] [ethereum-connector] 	Error: Returned error: Transaction nonce is too distant from current sender nonce
2026.10.01-20:50:42.628 error [caliper] [ethereum-connector] 	Failed tx on registroDeBatches; calling method: registrarBatch; nonce: 0x7ab
2026.10.01-20:50:42.628 error [caliper] [ethereum-connector] 	Error: Returned error: Transaction nonce is too distant from current sender nonce
2026.10.01-20:50:42.652 error [caliper] [ethereum-connector] 	Failed tx on registroDeBatches; calling method: registrarBatch; nonce: 0x7ac
2026.10.01-20:50:42.652 error [caliper] [ethereum-connector] 	Error: Returned error: Transaction nonce is too distant from current sender nonce
2026.10.01-20:50:42.677 error [caliper] [ethereum-connector] 	Failed tx on registroDeBatches; calling method: registrarBatch; nonce: 0x7ad
2026.10.01-20:50:42.677 error [caliper] [ethereum-connector] 	Error: Returned error: Transaction nonce is too distant from current sender nonce
2026.10.01-20:50:42.703 error [caliper] [ethereum-connector] 	Failed tx on registroDeBatches; calling method: registrarBatch; nonce: 0x7ae
2026.10.01-20:50:42.703 error [caliper] [ethereum-connector] 	Error: Returned error: Transaction nonce is too distant from current sender nonce
2026.10.01-20:50:42.727 error [caliper] [ethereum-connector] 	Failed tx on registroDeBatches; calling method: registrarBatch; nonce: 0x7af
2026.10.01-20:50:42.727 error [caliper] [ethereum-connector] 	Error: Returned error: Transaction nonce is too distant from current sender nonce
2026.10.01-20:50:42.752 error [caliper] [ethereum-connector] 	Failed tx on registroDeBatches; calling method: registrarBatch; nonce: 0x7b0
2026.10.01-20:50:42.752 error [caliper] [ethereum-connector] 	Error: Returned error: Transaction nonce is too distant from current sender nonce
2026.10.01-20:50:42.777 error [caliper] [ethereum-connector] 	Failed tx on registroDeBatches; calling method: registrarBatch; nonce: 0x7b1
2026.10.01-20:50:42.777 error [caliper] [ethereum-connector] 	Error: Returned error: Transaction nonce is too distant from current sender nonce
2026.10.01-20:50:42.802 error [caliper] [ethereum-connector] 	Failed tx on registroDeBatches; calling method: registrarBatch; nonce: 0x7b2
2026.10.01-20:50:42.802 error [caliper] [ethereum-connector] 	Error: Returned error: Transaction nonce is too distant from current sender nonce
2026.10.01-20:50:42.828 error [caliper] [ethereum-connector] 	Failed tx on registroDeBatches; calling method: registrarBatch; nonce: 0x7b3
2026.10.01-20:50:42.828 error [caliper] [ethereum-connector] 	Error: Returned error: Transaction nonce is too distant from current sender nonce
2026.10.01-20:50:42.852 error [caliper] [ethereum-connector] 	Failed tx on registroDeBatches; calling method: registrarBatch; nonce: 0x7b4
2026.10.01-20:50:42.852 error [caliper] [ethereum-connector] 	Error: Returned error: Transaction nonce is too distant from current sender nonce
2026.10.01-20:50:42.877 error [caliper] [ethereum-connector] 	Failed tx on registroDeBatches; calling method: registrarBatch; nonce: 0x7b5
2026.10.01-20:50:42.877 error [caliper] [ethereum-connector] 	Error: Returned error: Transaction nonce is too distant from current sender nonce
2026.10.01-20:50:42.902 error [caliper] [ethereum-connector] 	Failed tx on registroDeBatches; calling method: registrarBatch; nonce: 0x7b6
2026.10.01-20:50:42.902 error [caliper] [ethereum-connector] 	Error: Returned error: Transaction nonce is too distant from current sender nonce
2026.10.01-20:50:42.927 error [caliper] [ethereum-connector] 	Failed tx on registroDeBatches; calling method: registrarBatch; nonce: 0x7b7
2026.10.01-20:50:42.927 error [caliper] [ethereum-connector] 	Error: Returned error: Transaction nonce is too distant from current sender nonce
2026.10.01-20:50:42.953 error [caliper] [ethereum-connector] 	Failed tx on registroDeBatches; calling method: registrarBatch; nonce: 0x7b8
2026.10.01-20:50:42.953 error [caliper] [ethereum-connector] 	Error: Returned error: Transaction nonce is too distant from current sender nonce
2026.10.01-20:50:42.976 error [caliper] [ethereum-connector] 	Failed tx on registroDeBatches; calling method: registrarBatch; nonce: 0x7b9
2026.10.01-20:50:42.976 error [caliper] [ethereum-connector] 	Error: Returned error: Transaction nonce is too distant from current sender nonce
2026.10.01-20:50:43.003 error [caliper] [ethereum-connector] 	Failed tx on registroDeBatches; calling method: registrarBatch; nonce: 0x7ba
2026.10.01-20:50:43.003 error [caliper] [ethereum-connector] 	Error: Returned error: Transaction nonce is too distant from current sender nonce
2026.10.01-20:50:43.028 error [caliper] [ethereum-connector] 	Failed tx on registroDeBatches; calling method: registrarBatch; nonce: 0x7bb
2026.10.01-20:50:43.028 error [caliper] [ethereum-connector] 	Error: Returned error: Transaction nonce is too distant from current sender nonce
2026.10.01-20:50:43.052 error [caliper] [ethereum-connector] 	Failed tx on registroDeBatches; calling method: registrarBatch; nonce: 0x7bc
2026.10.01-20:50:43.052 error [caliper] [ethereum-connector] 	Error: Returned error: Transaction nonce is too distant from current sender nonce
2026.10.01-20:50:43.076 error [caliper] [ethereum-connector] 	Failed tx on registroDeBatches; calling method: registrarBatch; nonce: 0x7bd
2026.10.01-20:50:43.076 error [caliper] [ethereum-connector] 	Error: Returned error: Transaction nonce is too distant from current sender nonce
2026.10.01-20:50:43.102 error [caliper] [ethereum-connector] 	Failed tx on registroDeBatches; calling method: registrarBatch; nonce: 0x7be
2026.10.01-20:50:43.102 error [caliper] [ethereum-connector] 	Error: Returned error: Transaction nonce is too distant from current sender nonce
2026.10.01-20:50:43.126 error [caliper] [ethereum-connector] 	Failed tx on registroDeBatches; calling method: registrarBatch; nonce: 0x7bf
2026.10.01-20:50:43.126 error [caliper] [ethereum-connector] 	Error: Returned error: Transaction nonce is too distant from current sender nonce
2026.10.01-20:50:43.150 error [caliper] [ethereum-connector] 	Failed tx on registroDeBatches; calling method: registrarBatch; nonce: 0x7c0
2026.10.01-20:50:43.150 error [caliper] [ethereum-connector] 	Error: Returned error: Transaction nonce is too distant from current sender nonce
2026.10.01-20:50:43.176 error [caliper] [ethereum-connector] 	Failed tx on registroDeBatches; calling method: registrarBatch; nonce: 0x7c1
2026.10.01-20:50:43.176 error [caliper] [ethereum-connector] 	Error: Returned error: Transaction nonce is too distant from current sender nonce
2026.10.01-20:50:43.201 error [caliper] [ethereum-connector] 	Failed tx on registroDeBatches; calling method: registrarBatch; nonce: 0x7c2
2026.10.01-20:50:43.201 error [caliper] [ethereum-connector] 	Error: Returned error: Transaction nonce is too distant from current sender nonce
2026.10.01-20:50:43.226 error [caliper] [ethereum-connector] 	Failed tx on registroDeBatches; calling method: registrarBatch; nonce: 0x7c3
2026.10.01-20:50:43.226 error [caliper] [ethereum-connector] 	Error: Returned error: Transaction nonce is too distant from current sender nonce
2026.10.01-20:50:43.251 error [caliper] [ethereum-connector] 	Failed tx on registroDeBatches; calling method: registrarBatch; nonce: 0x7c4
2026.10.01-20:50:43.251 error [caliper] [ethereum-connector] 	Error: Returned error: Transaction nonce is too distant from current sender nonce
2026.10.01-20:50:43.276 error [caliper] [ethereum-connector] 	Failed tx on registroDeBatches; calling method: registrarBatch; nonce: 0x7c5
2026.10.01-20:50:43.276 error [caliper] [ethereum-connector] 	Error: Returned error: Transaction nonce is too distant from current sender nonce
2026.10.01-20:50:43.303 error [caliper] [ethereum-connector] 	Failed tx on registroDeBatches; calling method: registrarBatch; nonce: 0x7c6
2026.10.01-20:50:43.303 error [caliper] [ethereum-connector] 	Error: Returned error: Transaction nonce is too distant from current sender nonce
2026.10.01-20:50:43.327 error [caliper] [ethereum-connector] 	Failed tx on registroDeBatches; calling method: registrarBatch; nonce: 0x7c7
2026.10.01-20:50:43.327 error [caliper] [ethereum-connector] 	Error: Returned error: Transaction nonce is too distant from current sender nonce
2026.10.01-20:50:43.353 error [caliper] [ethereum-connector] 	Failed tx on registroDeBatches; calling method: registrarBatch; nonce: 0x7c8
2026.10.01-20:50:43.353 error [caliper] [ethereum-connector] 	Error: Returned error: Transaction nonce is too distant from current sender nonce
2026.10.01-20:50:43.378 error [caliper] [ethereum-connector] 	Failed tx on registroDeBatches; calling method: registrarBatch; nonce: 0x7c9
2026.10.01-20:50:43.378 error [caliper] [ethereum-connector] 	Error: Returned error: Transaction nonce is too distant from current sender nonce
2026.10.01-20:50:43.402 error [caliper] [ethereum-connector] 	Failed tx on registroDeBatches; calling method: registrarBatch; nonce: 0x7ca
2026.10.01-20:50:43.402 error [caliper] [ethereum-connector] 	Error: Returned error: Transaction nonce is too distant from current sender nonce
2026.10.01-20:50:43.428 error [caliper] [ethereum-connector] 	Failed tx on registroDeBatches; calling method: registrarBatch; nonce: 0x7cb
2026.10.01-20:50:43.428 error [caliper] [ethereum-connector] 	Error: Returned error: Transaction nonce is too distant from current sender nonce
2026.10.01-20:50:43.453 error [caliper] [ethereum-connector] 	Failed tx on registroDeBatches; calling method: registrarBatch; nonce: 0x7cc
2026.10.01-20:50:43.453 error [caliper] [ethereum-connector] 	Error: Returned error: Transaction nonce is too distant from current sender nonce
2026.10.01-20:50:43.478 error [caliper] [ethereum-connector] 	Failed tx on registroDeBatches; calling method: registrarBatch; nonce: 0x7cd
2026.10.01-20:50:43.478 error [caliper] [ethereum-connector] 	Error: Returned error: Transaction nonce is too distant from current sender nonce
2026.10.01-20:50:43.502 error [caliper] [ethereum-connector] 	Failed tx on registroDeBatches; calling method: registrarBatch; nonce: 0x7ce
2026.10.01-20:50:43.502 error [caliper] [ethereum-connector] 	Error: Returned error: Transaction nonce is too distant from current sender nonce
2026.10.01-20:50:43.528 error [caliper] [ethereum-connector] 	Failed tx on registroDeBatches; calling method: registrarBatch; nonce: 0x7cf
2026.10.01-20:50:43.528 error [caliper] [ethereum-connector] 	Error: Returned error: Transaction nonce is too distant from current sender nonce
2026.10.01-20:50:43.552 error [caliper] [ethereum-connector] 	Failed tx on registroDeBatches; calling method: registrarBatch; nonce: 0x7d0
2026.10.01-20:50:43.552 error [caliper] [ethereum-connector] 	Error: Returned error: Transaction nonce is too distant from current sender nonce
2026.10.01-20:50:43.576 error [caliper] [ethereum-connector] 	Failed tx on registroDeBatches; calling method: registrarBatch; nonce: 0x7d1
2026.10.01-20:50:43.576 error [caliper] [ethereum-connector] 	Error: Returned error: Transaction nonce is too distant from current sender nonce
2026.10.01-20:50:43.602 error [caliper] [ethereum-connector] 	Failed tx on registroDeBatches; calling method: registrarBatch; nonce: 0x7d2
2026.10.01-20:50:43.602 error [caliper] [ethereum-connector] 	Error: Returned error: Transaction nonce is too distant from current sender nonce
2026.10.01-20:50:43.626 error [caliper] [ethereum-connector] 	Failed tx on registroDeBatches; calling method: registrarBatch; nonce: 0x7d3
2026.10.01-20:50:43.626 error [caliper] [ethereum-connector] 	Error: Returned error: Transaction nonce is too distant from current sender nonce
2026.10.01-20:50:43.653 error [caliper] [ethereum-connector] 	Failed tx on registroDeBatches; calling method: registrarBatch; nonce: 0x7d4
2026.10.01-20:50:43.653 error [caliper] [ethereum-connector] 	Error: Returned error: Transaction nonce is too distant from current sender nonce
2026.10.01-20:50:43.678 error [caliper] [ethereum-connector] 	Failed tx on registroDeBatches; calling method: registrarBatch; nonce: 0x7d5
2026.10.01-20:50:43.678 error [caliper] [ethereum-connector] 	Error: Returned error: Transaction nonce is too distant from current sender nonce
2026.10.01-20:50:43.702 error [caliper] [ethereum-connector] 	Failed tx on registroDeBatches; calling method: registrarBatch; nonce: 0x7d6
2026.10.01-20:50:43.702 error [caliper] [ethereum-connector] 	Error: Returned error: Transaction nonce is too distant from current sender nonce
2026.10.01-20:50:43.728 error [caliper] [ethereum-connector] 	Failed tx on registroDeBatches; calling method: registrarBatch; nonce: 0x7d7
2026.10.01-20:50:43.728 error [caliper] [ethereum-connector] 	Error: Returned error: Transaction nonce is too distant from current sender nonce
2026.10.01-20:50:43.751 error [caliper] [ethereum-connector] 	Failed tx on registroDeBatches; calling method: registrarBatch; nonce: 0x7d8
2026.10.01-20:50:43.751 error [caliper] [ethereum-connector] 	Error: Returned error: Transaction nonce is too distant from current sender nonce
2026.10.01-20:50:43.777 error [caliper] [ethereum-connector] 	Failed tx on registroDeBatches; calling method: registrarBatch; nonce: 0x7d9
2026.10.01-20:50:43.777 error [caliper] [ethereum-connector] 	Error: Returned error: Transaction nonce is too distant from current sender nonce
2026.10.01-20:50:43.801 error [caliper] [ethereum-connector] 	Failed tx on registroDeBatches; calling method: registrarBatch; nonce: 0x7da
2026.10.01-20:50:43.801 error [caliper] [ethereum-connector] 	Error: Returned error: Transaction nonce is too distant from current sender nonce
2026.10.01-20:50:43.827 error [caliper] [ethereum-connector] 	Failed tx on registroDeBatches; calling method: registrarBatch; nonce: 0x7db
2026.10.01-20:50:43.827 error [caliper] [ethereum-connector] 	Error: Returned error: Transaction nonce is too distant from current sender nonce
2026.10.01-20:50:43.853 error [caliper] [ethereum-connector] 	Failed tx on registroDeBatches; calling method: registrarBatch; nonce: 0x7dc
2026.10.01-20:50:43.853 error [caliper] [ethereum-connector] 	Error: Returned error: Transaction nonce is too distant from current sender nonce
2026.10.01-20:50:43.877 error [caliper] [ethereum-connector] 	Failed tx on registroDeBatches; calling method: registrarBatch; nonce: 0x7dd
2026.10.01-20:50:43.877 error [caliper] [ethereum-connector] 	Error: Returned error: Transaction nonce is too distant from current sender nonce
2026.10.01-20:50:43.903 error [caliper] [ethereum-connector] 	Failed tx on registroDeBatches; calling method: registrarBatch; nonce: 0x7de
2026.10.01-20:50:43.904 error [caliper] [ethereum-connector] 	Error: Returned error: Transaction nonce is too distant from current sender nonce
2026.10.01-20:50:44.027 error [caliper] [ethereum-connector] 	Failed tx on registroDeBatches; calling method: registrarBatch; nonce: 0x7df
2026.10.01-20:50:44.027 error [caliper] [ethereum-connector] 	Error: Returned error: Transaction nonce is too distant from current sender nonce
2026.10.01-20:50:44.027 error [caliper] [ethereum-connector] 	Failed tx on registroDeBatches; calling method: registrarBatch; nonce: 0x7e0
2026.10.01-20:50:44.027 error [caliper] [ethereum-connector] 	Error: Returned error: Transaction nonce is too distant from current sender nonce
2026.10.01-20:50:44.029 error [caliper] [ethereum-connector] 	Failed tx on registroDeBatches; calling method: registrarBatch; nonce: 0x7e1
2026.10.01-20:50:44.029 error [caliper] [ethereum-connector] 	Error: Returned error: Transaction nonce is too distant from current sender nonce
2026.10.01-20:50:44.029 error [caliper] [ethereum-connector] 	Failed tx on registroDeBatches; calling method: registrarBatch; nonce: 0x7e2
2026.10.01-20:50:44.029 error [caliper] [ethereum-connector] 	Error: Returned error: Transaction nonce is too distant from current sender nonce
2026.10.01-20:50:44.031 error [caliper] [ethereum-connector] 	Failed tx on registroDeBatches; calling method: registrarBatch; nonce: 0x7e3
2026.10.01-20:50:44.031 error [caliper] [ethereum-connector] 	Error: Returned error: Transaction nonce is too distant from current sender nonce
2026.10.01-20:50:44.079 error [caliper] [ethereum-connector] 	Failed tx on registroDeBatches; calling method: registrarBatch; nonce: 0x7e4
2026.10.01-20:50:44.079 error [caliper] [ethereum-connector] 	Error: Returned error: Transaction nonce is too distant from current sender nonce
2026.10.01-20:50:44.081 error [caliper] [ethereum-connector] 	Failed tx on registroDeBatches; calling method: registrarBatch; nonce: 0x7e5
2026.10.01-20:50:44.081 error [caliper] [ethereum-connector] 	Error: Returned error: Transaction nonce is too distant from current sender nonce
2026.10.01-20:50:44.103 error [caliper] [ethereum-connector] 	Failed tx on registroDeBatches; calling method: registrarBatch; nonce: 0x7e6
2026.10.01-20:50:44.103 error [caliper] [ethereum-connector] 	Error: Returned error: Transaction nonce is too distant from current sender nonce
2026.10.01-20:50:44.127 error [caliper] [ethereum-connector] 	Failed tx on registroDeBatches; calling method: registrarBatch; nonce: 0x7e7
2026.10.01-20:50:44.127 error [caliper] [ethereum-connector] 	Error: Returned error: Transaction nonce is too distant from current sender nonce
2026.10.01-20:50:44.151 error [caliper] [ethereum-connector] 	Failed tx on registroDeBatches; calling method: registrarBatch; nonce: 0x7e8
2026.10.01-20:50:44.151 error [caliper] [ethereum-connector] 	Error: Returned error: Transaction nonce is too distant from current sender nonce
2026.10.01-20:50:44.176 error [caliper] [ethereum-connector] 	Failed tx on registroDeBatches; calling method: registrarBatch; nonce: 0x7e9
2026.10.01-20:50:44.176 error [caliper] [ethereum-connector] 	Error: Returned error: Transaction nonce is too distant from current sender nonce
2026.10.01-20:50:44.200 error [caliper] [ethereum-connector] 	Failed tx on registroDeBatches; calling method: registrarBatch; nonce: 0x7ea
2026.10.01-20:50:44.200 error [caliper] [ethereum-connector] 	Error: Returned error: Transaction nonce is too distant from current sender nonce
2026.10.01-20:50:44.225 error [caliper] [ethereum-connector] 	Failed tx on registroDeBatches; calling method: registrarBatch; nonce: 0x7eb
2026.10.01-20:50:44.226 error [caliper] [ethereum-connector] 	Error: Returned error: Transaction nonce is too distant from current sender nonce
2026.10.01-20:50:44.252 error [caliper] [ethereum-connector] 	Failed tx on registroDeBatches; calling method: registrarBatch; nonce: 0x7ec
2026.10.01-20:50:44.252 error [caliper] [ethereum-connector] 	Error: Returned error: Transaction nonce is too distant from current sender nonce
2026.10.01-20:50:44.276 error [caliper] [ethereum-connector] 	Failed tx on registroDeBatches; calling method: registrarBatch; nonce: 0x7ed
2026.10.01-20:50:44.276 error [caliper] [ethereum-connector] 	Error: Returned error: Transaction nonce is too distant from current sender nonce
2026.10.01-20:50:44.302 error [caliper] [ethereum-connector] 	Failed tx on registroDeBatches; calling method: registrarBatch; nonce: 0x7ee
2026.10.01-20:50:44.302 error [caliper] [ethereum-connector] 	Error: Returned error: Transaction nonce is too distant from current sender nonce
2026.10.01-20:50:44.327 error [caliper] [ethereum-connector] 	Failed tx on registroDeBatches; calling method: registrarBatch; nonce: 0x7ef
2026.10.01-20:50:44.327 error [caliper] [ethereum-connector] 	Error: Returned error: Transaction nonce is too distant from current sender nonce
2026.10.01-20:50:44.353 error [caliper] [ethereum-connector] 	Failed tx on registroDeBatches; calling method: registrarBatch; nonce: 0x7f0
2026.10.01-20:50:44.353 error [caliper] [ethereum-connector] 	Error: Returned error: Transaction nonce is too distant from current sender nonce
2026.10.01-20:50:44.376 error [caliper] [ethereum-connector] 	Failed tx on registroDeBatches; calling method: registrarBatch; nonce: 0x7f1
2026.10.01-20:50:44.376 error [caliper] [ethereum-connector] 	Error: Returned error: Transaction nonce is too distant from current sender nonce
2026.10.01-20:50:44.403 error [caliper] [ethereum-connector] 	Failed tx on registroDeBatches; calling method: registrarBatch; nonce: 0x7f2
2026.10.01-20:50:44.403 error [caliper] [ethereum-connector] 	Error: Returned error: Transaction nonce is too distant from current sender nonce
2026.10.01-20:50:44.427 error [caliper] [ethereum-connector] 	Failed tx on registroDeBatches; calling method: registrarBatch; nonce: 0x7f3
2026.10.01-20:50:44.427 error [caliper] [ethereum-connector] 	Error: Returned error: Transaction nonce is too distant from current sender nonce
2026.10.01-20:50:44.453 error [caliper] [ethereum-connector] 	Failed tx on registroDeBatches; calling method: registrarBatch; nonce: 0x7f4
2026.10.01-20:50:44.453 error [caliper] [ethereum-connector] 	Error: Returned error: Transaction nonce is too distant from current sender nonce
2026.10.01-20:50:44.477 error [caliper] [ethereum-connector] 	Failed tx on registroDeBatches; calling method: registrarBatch; nonce: 0x7f5
2026.10.01-20:50:44.477 error [caliper] [ethereum-connector] 	Error: Returned error: Transaction nonce is too distant from current sender nonce
2026.10.01-20:50:44.503 error [caliper] [ethereum-connector] 	Failed tx on registroDeBatches; calling method: registrarBatch; nonce: 0x7f6
2026.10.01-20:50:44.503 error [caliper] [ethereum-connector] 	Error: Returned error: Transaction nonce is too distant from current sender nonce
2026.10.01-20:50:44.528 error [caliper] [ethereum-connector] 	Failed tx on registroDeBatches; calling method: registrarBatch; nonce: 0x7f7
2026.10.01-20:50:44.528 error [caliper] [ethereum-connector] 	Error: Returned error: Transaction nonce is too distant from current sender nonce
2026.10.01-20:50:44.551 error [caliper] [ethereum-connector] 	Failed tx on registroDeBatches; calling method: registrarBatch; nonce: 0x7f8
2026.10.01-20:50:44.551 error [caliper] [ethereum-connector] 	Error: Returned error: Transaction nonce is too distant from current sender nonce
2026.10.01-20:50:44.576 error [caliper] [ethereum-connector] 	Failed tx on registroDeBatches; calling method: registrarBatch; nonce: 0x7f9
2026.10.01-20:50:44.576 error [caliper] [ethereum-connector] 	Error: Returned error: Transaction nonce is too distant from current sender nonce
2026.10.01-20:50:44.603 error [caliper] [ethereum-connector] 	Failed tx on registroDeBatches; calling method: registrarBatch; nonce: 0x7fa
2026.10.01-20:50:44.603 error [caliper] [ethereum-connector] 	Error: Returned error: Transaction nonce is too distant from current sender nonce
2026.10.01-20:50:44.627 error [caliper] [ethereum-connector] 	Failed tx on registroDeBatches; calling method: registrarBatch; nonce: 0x7fb
2026.10.01-20:50:44.627 error [caliper] [ethereum-connector] 	Error: Returned error: Transaction nonce is too distant from current sender nonce
2026.10.01-20:50:44.653 error [caliper] [ethereum-connector] 	Failed tx on registroDeBatches; calling method: registrarBatch; nonce: 0x7fc
2026.10.01-20:50:44.653 error [caliper] [ethereum-connector] 	Error: Returned error: Transaction nonce is too distant from current sender nonce
2026.10.01-20:50:44.678 error [caliper] [ethereum-connector] 	Failed tx on registroDeBatches; calling method: registrarBatch; nonce: 0x7fd
2026.10.01-20:50:44.678 error [caliper] [ethereum-connector] 	Error: Returned error: Transaction nonce is too distant from current sender nonce
2026.10.01-20:50:44.702 error [caliper] [ethereum-connector] 	Failed tx on registroDeBatches; calling method: registrarBatch; nonce: 0x7fe
2026.10.01-20:50:44.702 error [caliper] [ethereum-connector] 	Error: Returned error: Transaction nonce is too distant from current sender nonce
2026.10.01-20:50:44.727 error [caliper] [ethereum-connector] 	Failed tx on registroDeBatches; calling method: registrarBatch; nonce: 0x7ff
2026.10.01-20:50:44.727 error [caliper] [ethereum-connector] 	Error: Returned error: Transaction nonce is too distant from current sender nonce
2026.10.01-20:50:44.752 error [caliper] [ethereum-connector] 	Failed tx on registroDeBatches; calling method: registrarBatch; nonce: 0x800
2026.10.01-20:50:44.752 error [caliper] [ethereum-connector] 	Error: Returned error: Transaction nonce is too distant from current sender nonce
2026.10.01-20:50:44.779 error [caliper] [ethereum-connector] 	Failed tx on registroDeBatches; calling method: registrarBatch; nonce: 0x801
2026.10.01-20:50:44.779 error [caliper] [ethereum-connector] 	Error: Returned error: Transaction nonce is too distant from current sender nonce
2026.10.01-20:50:44.804 error [caliper] [ethereum-connector] 	Failed tx on registroDeBatches; calling method: registrarBatch; nonce: 0x802
2026.10.01-20:50:44.804 error [caliper] [ethereum-connector] 	Error: Returned error: Transaction nonce is too distant from current sender nonce
2026.10.01-20:50:44.827 error [caliper] [ethereum-connector] 	Failed tx on registroDeBatches; calling method: registrarBatch; nonce: 0x803
2026.10.01-20:50:44.827 error [caliper] [ethereum-connector] 	Error: Returned error: Transaction nonce is too distant from current sender nonce
2026.10.01-20:50:44.852 error [caliper] [ethereum-connector] 	Failed tx on registroDeBatches; calling method: registrarBatch; nonce: 0x804
2026.10.01-20:50:44.852 error [caliper] [ethereum-connector] 	Error: Returned error: Transaction nonce is too distant from current sender nonce
2026.10.01-20:50:44.877 error [caliper] [ethereum-connector] 	Failed tx on registroDeBatches; calling method: registrarBatch; nonce: 0x805
2026.10.01-20:50:44.877 error [caliper] [ethereum-connector] 	Error: Returned error: Transaction nonce is too distant from current sender nonce
2026.10.01-20:50:44.903 error [caliper] [ethereum-connector] 	Failed tx on registroDeBatches; calling method: registrarBatch; nonce: 0x806
2026.10.01-20:50:44.903 error [caliper] [ethereum-connector] 	Error: Returned error: Transaction nonce is too distant from current sender nonce
2026.10.01-20:50:44.929 error [caliper] [ethereum-connector] 	Failed tx on registroDeBatches; calling method: registrarBatch; nonce: 0x807
2026.10.01-20:50:44.929 error [caliper] [ethereum-connector] 	Error: Returned error: Transaction nonce is too distant from current sender nonce
2026.10.01-20:50:44.953 error [caliper] [ethereum-connector] 	Failed tx on registroDeBatches; calling method: registrarBatch; nonce: 0x808
2026.10.01-20:50:44.953 error [caliper] [ethereum-connector] 	Error: Returned error: Transaction nonce is too distant from current sender nonce
2026.10.01-20:50:44.978 error [caliper] [ethereum-connector] 	Failed tx on registroDeBatches; calling method: registrarBatch; nonce: 0x809
2026.10.01-20:50:44.978 error [caliper] [ethereum-connector] 	Error: Returned error: Transaction nonce is too distant from current sender nonce
2026.10.01-20:50:45.002 error [caliper] [ethereum-connector] 	Failed tx on registroDeBatches; calling method: registrarBatch; nonce: 0x80a
2026.10.01-20:50:45.002 error [caliper] [ethereum-connector] 	Error: Returned error: Transaction nonce is too distant from current sender nonce
2026.10.01-20:50:45.029 error [caliper] [ethereum-connector] 	Failed tx on registroDeBatches; calling method: registrarBatch; nonce: 0x80b
2026.10.01-20:50:45.029 error [caliper] [ethereum-connector] 	Error: Returned error: Transaction nonce is too distant from current sender nonce
2026.10.01-20:50:45.051 error [caliper] [ethereum-connector] 	Failed tx on registroDeBatches; calling method: registrarBatch; nonce: 0x80c
2026.10.01-20:50:45.051 error [caliper] [ethereum-connector] 	Error: Returned error: Transaction nonce is too distant from current sender nonce
2026.10.01-20:50:45.077 error [caliper] [ethereum-connector] 	Failed tx on registroDeBatches; calling method: registrarBatch; nonce: 0x80d
2026.10.01-20:50:45.077 error [caliper] [ethereum-connector] 	Error: Returned error: Transaction nonce is too distant from current sender nonce
2026.10.01-20:50:45.102 error [caliper] [ethereum-connector] 	Failed tx on registroDeBatches; calling method: registrarBatch; nonce: 0x80e
2026.10.01-20:50:45.102 error [caliper] [ethereum-connector] 	Error: Returned error: Transaction nonce is too distant from current sender nonce
2026.10.01-20:50:45.128 error [caliper] [ethereum-connector] 	Failed tx on registroDeBatches; calling method: registrarBatch; nonce: 0x80f
2026.10.01-20:50:45.128 error [caliper] [ethereum-connector] 	Error: Returned error: Transaction nonce is too distant from current sender nonce
2026.10.01-20:50:45.155 error [caliper] [ethereum-connector] 	Failed tx on registroDeBatches; calling method: registrarBatch; nonce: 0x810
2026.10.01-20:50:45.157 error [caliper] [ethereum-connector] 	Error: Returned error: Transaction nonce is too distant from current sender nonce
2026.10.01-20:50:45.176 error [caliper] [ethereum-connector] 	Failed tx on registroDeBatches; calling method: registrarBatch; nonce: 0x811
2026.10.01-20:50:45.176 error [caliper] [ethereum-connector] 	Error: Returned error: Transaction nonce is too distant from current sender nonce
2026.10.01-20:50:45.202 error [caliper] [ethereum-connector] 	Failed tx on registroDeBatches; calling method: registrarBatch; nonce: 0x812
2026.10.01-20:50:45.202 error [caliper] [ethereum-connector] 	Error: Returned error: Transaction nonce is too distant from current sender nonce
2026.10.01-20:50:45.227 error [caliper] [ethereum-connector] 	Failed tx on registroDeBatches; calling method: registrarBatch; nonce: 0x813
2026.10.01-20:50:45.227 error [caliper] [ethereum-connector] 	Error: Returned error: Transaction nonce is too distant from current sender nonce
2026.10.01-20:50:45.252 error [caliper] [ethereum-connector] 	Failed tx on registroDeBatches; calling method: registrarBatch; nonce: 0x814
2026.10.01-20:50:45.252 error [caliper] [ethereum-connector] 	Error: Returned error: Transaction nonce is too distant from current sender nonce
2026.10.01-20:50:45.277 error [caliper] [ethereum-connector] 	Failed tx on registroDeBatches; calling method: registrarBatch; nonce: 0x815
2026.10.01-20:50:45.277 error [caliper] [ethereum-connector] 	Error: Returned error: Transaction nonce is too distant from current sender nonce
2026.10.01-20:50:45.302 error [caliper] [ethereum-connector] 	Failed tx on registroDeBatches; calling method: registrarBatch; nonce: 0x816
2026.10.01-20:50:45.302 error [caliper] [ethereum-connector] 	Error: Returned error: Transaction nonce is too distant from current sender nonce
2026.10.01-20:50:45.327 error [caliper] [ethereum-connector] 	Failed tx on registroDeBatches; calling method: registrarBatch; nonce: 0x817
2026.10.01-20:50:45.327 error [caliper] [ethereum-connector] 	Error: Returned error: Transaction nonce is too distant from current sender nonce
2026.10.01-20:50:45.352 error [caliper] [ethereum-connector] 	Failed tx on registroDeBatches; calling method: registrarBatch; nonce: 0x818
2026.10.01-20:50:45.352 error [caliper] [ethereum-connector] 	Error: Returned error: Transaction nonce is too distant from current sender nonce
2026.10.01-20:50:45.377 error [caliper] [ethereum-connector] 	Failed tx on registroDeBatches; calling method: registrarBatch; nonce: 0x819
2026.10.01-20:50:45.377 error [caliper] [ethereum-connector] 	Error: Returned error: Transaction nonce is too distant from current sender nonce
2026.10.01-20:50:45.404 error [caliper] [ethereum-connector] 	Failed tx on registroDeBatches; calling method: registrarBatch; nonce: 0x81a
2026.10.01-20:50:45.404 error [caliper] [ethereum-connector] 	Error: Returned error: Transaction nonce is too distant from current sender nonce
2026.10.01-20:50:45.427 error [caliper] [ethereum-connector] 	Failed tx on registroDeBatches; calling method: registrarBatch; nonce: 0x81b
2026.10.01-20:50:45.427 error [caliper] [ethereum-connector] 	Error: Returned error: Transaction nonce is too distant from current sender nonce
2026.10.01-20:50:45.453 error [caliper] [ethereum-connector] 	Failed tx on registroDeBatches; calling method: registrarBatch; nonce: 0x81c
2026.10.01-20:50:45.453 error [caliper] [ethereum-connector] 	Error: Returned error: Transaction nonce is too distant from current sender nonce
2026.10.01-20:50:45.480 error [caliper] [ethereum-connector] 	Failed tx on registroDeBatches; calling method: registrarBatch; nonce: 0x81d
2026.10.01-20:50:45.480 error [caliper] [ethereum-connector] 	Error: Returned error: Transaction nonce is too distant from current sender nonce
2026.10.01-20:50:45.503 error [caliper] [ethereum-connector] 	Failed tx on registroDeBatches; calling method: registrarBatch; nonce: 0x81e
2026.10.01-20:50:45.503 error [caliper] [ethereum-connector] 	Error: Returned error: Transaction nonce is too distant from current sender nonce
2026.10.01-20:50:45.527 error [caliper] [ethereum-connector] 	Failed tx on registroDeBatches; calling method: registrarBatch; nonce: 0x81f
2026.10.01-20:50:45.527 error [caliper] [ethereum-connector] 	Error: Returned error: Transaction nonce is too distant from current sender nonce
2026.10.01-20:50:45.552 error [caliper] [ethereum-connector] 	Failed tx on registroDeBatches; calling method: registrarBatch; nonce: 0x820
2026.10.01-20:50:45.552 error [caliper] [ethereum-connector] 	Error: Returned error: Transaction nonce is too distant from current sender nonce
2026.10.01-20:50:45.577 error [caliper] [ethereum-connector] 	Failed tx on registroDeBatches; calling method: registrarBatch; nonce: 0x821
2026.10.01-20:50:45.577 error [caliper] [ethereum-connector] 	Error: Returned error: Transaction nonce is too distant from current sender nonce
2026.10.01-20:50:45.604 error [caliper] [ethereum-connector] 	Failed tx on registroDeBatches; calling method: registrarBatch; nonce: 0x822
2026.10.01-20:50:45.604 error [caliper] [ethereum-connector] 	Error: Returned error: Transaction nonce is too distant from current sender nonce
2026.10.01-20:50:45.627 error [caliper] [ethereum-connector] 	Failed tx on registroDeBatches; calling method: registrarBatch; nonce: 0x823
2026.10.01-20:50:45.627 error [caliper] [ethereum-connector] 	Error: Returned error: Transaction nonce is too distant from current sender nonce
2026.10.01-20:50:45.654 error [caliper] [ethereum-connector] 	Failed tx on registroDeBatches; calling method: registrarBatch; nonce: 0x824
2026.10.01-20:50:45.654 error [caliper] [ethereum-connector] 	Error: Returned error: Transaction nonce is too distant from current sender nonce
2026.10.01-20:50:45.677 error [caliper] [ethereum-connector] 	Failed tx on registroDeBatches; calling method: registrarBatch; nonce: 0x825
2026.10.01-20:50:45.677 error [caliper] [ethereum-connector] 	Error: Returned error: Transaction nonce is too distant from current sender nonce
2026.10.01-20:50:45.703 error [caliper] [ethereum-connector] 	Failed tx on registroDeBatches; calling method: registrarBatch; nonce: 0x826
2026.10.01-20:50:45.703 error [caliper] [ethereum-connector] 	Error: Returned error: Transaction nonce is too distant from current sender nonce
2026.10.01-20:50:45.729 error [caliper] [ethereum-connector] 	Failed tx on registroDeBatches; calling method: registrarBatch; nonce: 0x827
2026.10.01-20:50:45.729 error [caliper] [ethereum-connector] 	Error: Returned error: Transaction nonce is too distant from current sender nonce
2026.10.01-20:50:45.753 error [caliper] [ethereum-connector] 	Failed tx on registroDeBatches; calling method: registrarBatch; nonce: 0x828
2026.10.01-20:50:45.753 error [caliper] [ethereum-connector] 	Error: Returned error: Transaction nonce is too distant from current sender nonce
2026.10.01-20:50:45.777 error [caliper] [ethereum-connector] 	Failed tx on registroDeBatches; calling method: registrarBatch; nonce: 0x829
2026.10.01-20:50:45.778 error [caliper] [ethereum-connector] 	Error: Returned error: Transaction nonce is too distant from current sender nonce
2026.10.01-20:50:45.802 error [caliper] [ethereum-connector] 	Failed tx on registroDeBatches; calling method: registrarBatch; nonce: 0x82a
2026.10.01-20:50:45.802 error [caliper] [ethereum-connector] 	Error: Returned error: Transaction nonce is too distant from current sender nonce
2026.10.01-20:50:45.827 error [caliper] [ethereum-connector] 	Failed tx on registroDeBatches; calling method: registrarBatch; nonce: 0x82b
2026.10.01-20:50:45.827 error [caliper] [ethereum-connector] 	Error: Returned error: Transaction nonce is too distant from current sender nonce
2026.10.01-20:50:45.852 error [caliper] [ethereum-connector] 	Failed tx on registroDeBatches; calling method: registrarBatch; nonce: 0x82c
2026.10.01-20:50:45.852 error [caliper] [ethereum-connector] 	Error: Returned error: Transaction nonce is too distant from current sender nonce
2026.10.01-20:50:45.878 error [caliper] [ethereum-connector] 	Failed tx on registroDeBatches; calling method: registrarBatch; nonce: 0x82d
2026.10.01-20:50:45.878 error [caliper] [ethereum-connector] 	Error: Returned error: Transaction nonce is too distant from current sender nonce
2026.10.01-20:50:45.903 error [caliper] [ethereum-connector] 	Failed tx on registroDeBatches; calling method: registrarBatch; nonce: 0x82e
2026.10.01-20:50:45.903 error [caliper] [ethereum-connector] 	Error: Returned error: Transaction nonce is too distant from current sender nonce
2026.10.01-20:50:45.928 error [caliper] [ethereum-connector] 	Failed tx on registroDeBatches; calling method: registrarBatch; nonce: 0x82f
2026.10.01-20:50:45.928 error [caliper] [ethereum-connector] 	Error: Returned error: Transaction nonce is too distant from current sender nonce
2026.10.01-20:50:45.953 error [caliper] [ethereum-connector] 	Failed tx on registroDeBatches; calling method: registrarBatch; nonce: 0x830
2026.10.01-20:50:45.953 error [caliper] [ethereum-connector] 	Error: Returned error: Transaction nonce is too distant from current sender nonce
2026.10.01-20:50:45.978 error [caliper] [ethereum-connector] 	Failed tx on registroDeBatches; calling method: registrarBatch; nonce: 0x831
2026.10.01-20:50:45.978 error [caliper] [ethereum-connector] 	Error: Returned error: Transaction nonce is too distant from current sender nonce
2026.10.01-20:50:46.003 error [caliper] [ethereum-connector] 	Failed tx on registroDeBatches; calling method: registrarBatch; nonce: 0x832
2026.10.01-20:50:46.003 error [caliper] [ethereum-connector] 	Error: Returned error: Transaction nonce is too distant from current sender nonce
2026.10.01-20:50:46.028 error [caliper] [ethereum-connector] 	Failed tx on registroDeBatches; calling method: registrarBatch; nonce: 0x833
2026.10.01-20:50:46.028 error [caliper] [ethereum-connector] 	Error: Returned error: Transaction nonce is too distant from current sender nonce
2026.10.01-20:50:46.053 error [caliper] [ethereum-connector] 	Failed tx on registroDeBatches; calling method: registrarBatch; nonce: 0x834
2026.10.01-20:50:46.053 error [caliper] [ethereum-connector] 	Error: Returned error: Transaction nonce is too distant from current sender nonce
2026.10.01-20:50:46.076 error [caliper] [ethereum-connector] 	Failed tx on registroDeBatches; calling method: registrarBatch; nonce: 0x835
2026.10.01-20:50:46.076 error [caliper] [ethereum-connector] 	Error: Returned error: Transaction nonce is too distant from current sender nonce
2026.10.01-20:50:46.101 error [caliper] [ethereum-connector] 	Failed tx on registroDeBatches; calling method: registrarBatch; nonce: 0x836
2026.10.01-20:50:46.102 error [caliper] [ethereum-connector] 	Error: Returned error: Transaction nonce is too distant from current sender nonce
2026.10.01-20:50:46.125 info  [caliper] [default-observer] 	[tps-40 Round 2 Transaction Info] - Submitted: 1161 Succ: 328 Fail:832 Unfinished:1
2026.10.01-20:50:46.127 error [caliper] [ethereum-connector] 	Failed tx on registroDeBatches; calling method: registrarBatch; nonce: 0x837
2026.10.01-20:50:46.127 error [caliper] [ethereum-connector] 	Error: Returned error: Transaction nonce is too distant from current sender nonce
2026.10.01-20:50:47.226 info  [caliper] [worker-message-handler] 	Worker#0 finished Round#2
2026.10.01-20:50:52.227 info  [caliper] [default-observer] 	Resetting txCount indicator count
2026.10.01-20:50:52.228 info  [caliper] [report-builder] 	### Test result ###
2026.10.01-20:50:52.229 info  [caliper] [report-builder] 	
+--------+------+------+-----------------+-----------------+-----------------+-----------------+------------------+
| Name   | Succ | Fail | Send Rate (TPS) | Max Latency (s) | Min Latency (s) | Avg Latency (s) | Throughput (TPS) |
|--------|------|------|-----------------|-----------------|-----------------|-----------------|------------------|
| tps-40 | 328  | 873  | 40.0            | 12.95           | 0.32            | 6.34            | 40.0             |
+--------+------+------+-----------------+-----------------+-----------------+-----------------+------------------+

2026.10.01-20:50:52.229 info  [caliper] [round-orchestrator] 	Finished round 3 (tps-40) in 30.103 seconds
2026.10.01-20:50:52.229 info  [caliper] [monitor.js] 	Stopping all monitors
2026.10.01-20:50:52.229 info  [caliper] [report-builder] 	### All test results ###
2026.10.01-20:50:52.230 info  [caliper] [report-builder] 	
+--------+------+------+-----------------+-----------------+-----------------+-----------------+------------------+
| Name   | Succ | Fail | Send Rate (TPS) | Max Latency (s) | Min Latency (s) | Avg Latency (s) | Throughput (TPS) |
|--------|------|------|-----------------|-----------------|-----------------|-----------------|------------------|
| tps-10 | 301  | 0    | 10.0            | 5.29            | 0.19            | 1.71            | 9.5              |
|--------|------|------|-----------------|-----------------|-----------------|-----------------|------------------|
| tps-20 | 601  | 0    | 20.0            | 9.27            | 0.18            | 4.70            | 15.4             |
|--------|------|------|-----------------|-----------------|-----------------|-----------------|------------------|
| tps-40 | 328  | 873  | 40.0            | 12.95           | 0.32            | 6.34            | 40.0             |
+--------+------+------+-----------------+-----------------+-----------------+-----------------+------------------+

2026.10.01-20:50:52.235 info  [caliper] [report-builder] 	Generated report with path /Users/manubjb/Desktop/QBFT-network-docker/caliper-workspace/resultados/A-txpool-padrao/rep3/report.html
2026.10.01-20:50:52.236 info  [caliper] [monitor.js] 	Stopping all monitors
2026.10.01-20:50:52.236 info  [caliper] [worker-orchestrator] 	Sending exit message to connected workers
2026.10.01-20:50:52.236 info  [caliper] [round-orchestrator] 	Benchmark finished in 128.829 seconds. Total rounds: 3. Successful rounds: 3. Failed rounds: 0.
2026.10.01-20:50:52.236 info  [caliper] [caliper-engine] 	Network configuration attribute "caliper.command.end" is not present, skipping end command
2026.10.01-20:50:52.236 info  [caliper] [cli-launch-manager] 	Benchmark successfully finished!
2026.10.01-20:50:52.236 info  [caliper] [worker-message-handler] 	Worker#0 is exiting
