2026.10.01-20:38:32.543 info  [caliper] [cli-launch-manager] 	Set workspace path: /Users/manubjb/Desktop/QBFT-network-docker/caliper-workspace
2026.10.01-20:38:32.544 info  [caliper] [cli-launch-manager] 	Set benchmark configuration path: /Users/manubjb/Desktop/QBFT-network-docker/caliper-workspace/benchmarks/config.yaml
2026.10.01-20:38:32.544 info  [caliper] [cli-launch-manager] 	Set network configuration path: /Users/manubjb/Desktop/QBFT-network-docker/caliper-workspace/networks/besuDocker.json
2026.10.01-20:38:32.544 info  [caliper] [cli-launch-manager] 	Set SUT type: ethereum
2026.10.01-20:38:32.848 info  [caliper] [benchmark-validator] 	No observer specified, will default to `none`
2026.10.01-20:38:32.849 info  [caliper] [caliper-engine] 	Starting benchmark flow
2026.10.01-20:38:32.849 info  [caliper] [caliper-engine] 	Network configuration attribute "caliper.command.start" is not present, skipping start command
2026.10.01-20:38:32.878 info  [caliper] [caliper-engine] 	Executed "init" step in 0.012 seconds
2026.10.01-20:38:32.878 info  [caliper] [ethereum-connector] 	Creating contracts...
2026.10.01-20:38:35.270 info  [caliper] [ethereum-connector] 	Deployed contract undefined at 0x8CdaF0CD259887258Bc13a92C0a6dA92698644C0
2026.10.01-20:38:35.270 info  [caliper] [caliper-engine] 	Executed "install" step in 2.392 seconds
2026.10.01-20:38:35.272 info  [caliper] [monitor.js] 	No resource monitors specified
2026.10.01-20:38:35.273 info  [caliper] [default-observer] 	Observer interval set to 5000 milliseconds
2026.10.01-20:38:35.275 info  [caliper] [round-orchestrator] 	Preparing worker connections
2026.10.01-20:38:35.275 info  [caliper] [worker-orchestrator] 	Launching worker 1 of 1
2026.10.01-20:38:35.277 info  [caliper] [worker-orchestrator] 	Messenger not configured, entering configure phase...
2026.10.01-20:38:35.277 info  [caliper] [worker-orchestrator] 	No existing workers detected, entering worker launch phase...
2026.10.01-20:38:35.278 info  [caliper] [worker-orchestrator] 	Waiting for 1 workers to be connected...
2026.10.01-20:38:35.441 info  [caliper] [cli-launch-worker] 	Set workspace path: /Users/manubjb/Desktop/QBFT-network-docker/caliper-workspace
2026.10.01-20:38:35.442 info  [caliper] [cli-launch-worker] 	Set benchmark configuration path: /Users/manubjb/Desktop/QBFT-network-docker/caliper-workspace/benchmarks/config.yaml
2026.10.01-20:38:35.442 info  [caliper] [cli-launch-worker] 	Set network configuration path: /Users/manubjb/Desktop/QBFT-network-docker/caliper-workspace/networks/besuDocker.json
2026.10.01-20:38:35.442 info  [caliper] [cli-launch-worker] 	Set SUT type: ethereum
2026.10.01-20:38:35.648 info  [caliper] [worker-orchestrator] 	1 workers connected, progressing to worker assignment phase.
2026.10.01-20:38:35.648 info  [caliper] [worker-orchestrator] 	Workers currently unassigned, awaiting index assignment...
2026.10.01-20:38:35.648 info  [caliper] [worker-orchestrator] 	Waiting for 1 workers to be assigned...
2026.10.01-20:38:35.662 info  [caliper] [worker-orchestrator] 	1 workers assigned, progressing to worker initialization phase.
2026.10.01-20:38:35.662 info  [caliper] [worker-orchestrator] 	Waiting for 1 workers to be ready...
2026.10.01-20:38:35.667 info  [caliper] [worker-message-handler] 	Initializing Worker#0...
2026.10.01-20:38:35.680 info  [caliper] [worker-message-handler] 	Worker#0 initialized
2026.10.01-20:38:35.681 info  [caliper] [worker-orchestrator] 	1 workers ready, progressing to test preparation phase.
2026.10.01-20:38:35.681 info  [caliper] [round-orchestrator] 	Started round 1 (tps-10)
2026.10.01-20:38:35.681 info  [caliper] [worker-message-handler] 	Preparing Worker#0 for Round#0
2026.10.01-20:38:35.712 info  [caliper] [caliper-worker] 	Info: worker 0 prepare test phase for round 0 is starting...
2026.10.01-20:38:35.713 info  [caliper] [caliper-worker] 	Info: worker 0 prepare test phase for round 0 is completed
2026.10.01-20:38:35.714 info  [caliper] [worker-message-handler] 	Worker#0 prepared for Round#0
2026.10.01-20:38:35.714 info  [caliper] [worker-orchestrator] 	1 workers prepared, progressing to test phase.
2026.10.01-20:38:35.714 info  [caliper] [round-orchestrator] 	Monitors successfully started
2026.10.01-20:38:35.715 info  [caliper] [worker-message-handler] 	Worker#0 is starting Round#0
2026.10.01-20:38:35.732 info  [caliper] [caliper-worker] 	Worker #0 starting workload loop
2026.10.01-20:38:40.722 info  [caliper] [default-observer] 	[tps-10 Round 0 Transaction Info] - Submitted: 40 Succ: 10 Fail:0 Unfinished:30
2026.10.01-20:38:45.719 info  [caliper] [default-observer] 	[tps-10 Round 0 Transaction Info] - Submitted: 90 Succ: 42 Fail:0 Unfinished:48
2026.10.01-20:38:50.719 info  [caliper] [default-observer] 	[tps-10 Round 0 Transaction Info] - Submitted: 141 Succ: 132 Fail:0 Unfinished:9
2026.10.01-20:38:55.720 info  [caliper] [default-observer] 	[tps-10 Round 0 Transaction Info] - Submitted: 191 Succ: 173 Fail:0 Unfinished:18
2026.10.01-20:39:00.724 info  [caliper] [default-observer] 	[tps-10 Round 0 Transaction Info] - Submitted: 241 Succ: 233 Fail:0 Unfinished:8
2026.10.01-20:39:05.722 info  [caliper] [default-observer] 	[tps-10 Round 0 Transaction Info] - Submitted: 291 Succ: 273 Fail:0 Unfinished:18
2026.10.01-20:39:08.146 info  [caliper] [worker-message-handler] 	Worker#0 finished Round#0
2026.10.01-20:39:13.148 info  [caliper] [default-observer] 	Resetting txCount indicator count
2026.10.01-20:39:13.150 info  [caliper] [report-builder] 	### Test result ###
2026.10.01-20:39:13.159 info  [caliper] [report-builder] 	
+--------+------+------+-----------------+-----------------+-----------------+-----------------+------------------+
| Name   | Succ | Fail | Send Rate (TPS) | Max Latency (s) | Min Latency (s) | Avg Latency (s) | Throughput (TPS) |
|--------|------|------|-----------------|-----------------|-----------------|-----------------|------------------|
| tps-10 | 301  | 0    | 10.0            | 6.73            | 0.21            | 2.34            | 9.6              |
+--------+------+------+-----------------+-----------------+-----------------+-----------------+------------------+

2026.10.01-20:39:13.160 info  [caliper] [round-orchestrator] 	Finished round 1 (tps-10) in 31.414 seconds
2026.10.01-20:39:13.160 info  [caliper] [monitor.js] 	Stopping all monitors
2026.10.01-20:39:13.160 info  [caliper] [round-orchestrator] 	Waiting 5 seconds for the next round...
2026.10.01-20:39:18.161 info  [caliper] [round-orchestrator] 	Started round 2 (tps-20)
2026.10.01-20:39:18.162 info  [caliper] [worker-message-handler] 	Preparing Worker#0 for Round#1
2026.10.01-20:39:18.190 info  [caliper] [caliper-worker] 	Info: worker 0 prepare test phase for round 1 is starting...
2026.10.01-20:39:18.192 info  [caliper] [caliper-worker] 	Info: worker 0 prepare test phase for round 1 is completed
2026.10.01-20:39:18.192 info  [caliper] [worker-message-handler] 	Worker#0 prepared for Round#1
2026.10.01-20:39:18.193 info  [caliper] [worker-orchestrator] 	1 workers prepared, progressing to test phase.
2026.10.01-20:39:18.193 info  [caliper] [round-orchestrator] 	Monitors successfully started
2026.10.01-20:39:18.193 info  [caliper] [worker-message-handler] 	Worker#0 is starting Round#1
2026.10.01-20:39:18.201 info  [caliper] [caliper-worker] 	Worker #0 starting workload loop
2026.10.01-20:39:23.194 info  [caliper] [default-observer] 	[tps-20 Round 1 Transaction Info] - Submitted: 80 Succ: 48 Fail:0 Unfinished:32
2026.10.01-20:39:28.195 info  [caliper] [default-observer] 	[tps-20 Round 1 Transaction Info] - Submitted: 181 Succ: 144 Fail:0 Unfinished:37
2026.10.01-20:39:33.196 info  [caliper] [default-observer] 	[tps-20 Round 1 Transaction Info] - Submitted: 281 Succ: 208 Fail:0 Unfinished:73
2026.10.01-20:39:38.196 info  [caliper] [default-observer] 	[tps-20 Round 1 Transaction Info] - Submitted: 381 Succ: 272 Fail:0 Unfinished:109
2026.10.01-20:39:43.196 info  [caliper] [default-observer] 	[tps-20 Round 1 Transaction Info] - Submitted: 481 Succ: 368 Fail:0 Unfinished:113
2026.10.01-20:39:48.197 info  [caliper] [default-observer] 	[tps-20 Round 1 Transaction Info] - Submitted: 581 Succ: 432 Fail:0 Unfinished:149
2026.10.01-20:39:53.197 info  [caliper] [default-observer] 	[tps-20 Round 1 Transaction Info] - Submitted: 601 Succ: 528 Fail:0 Unfinished:73
2026.10.01-20:39:58.197 info  [caliper] [default-observer] 	[tps-20 Round 1 Transaction Info] - Submitted: 601 Succ: 601 Fail:0 Unfinished:0
2026.10.01-20:39:58.409 info  [caliper] [worker-message-handler] 	Worker#0 finished Round#1
2026.10.01-20:40:03.411 info  [caliper] [default-observer] 	Resetting txCount indicator count
2026.10.01-20:40:03.412 info  [caliper] [report-builder] 	### Test result ###
2026.10.01-20:40:03.412 info  [caliper] [report-builder] 	
+--------+------+------+-----------------+-----------------+-----------------+-----------------+------------------+
| Name   | Succ | Fail | Send Rate (TPS) | Max Latency (s) | Min Latency (s) | Avg Latency (s) | Throughput (TPS) |
|--------|------|------|-----------------|-----------------|-----------------|-----------------|------------------|
| tps-20 | 601  | 0    | 20.0            | 9.60            | 0.18            | 4.83            | 15.3             |
+--------+------+------+-----------------+-----------------+-----------------+-----------------+------------------+

2026.10.01-20:40:03.412 info  [caliper] [round-orchestrator] 	Finished round 2 (tps-20) in 39.207 seconds
2026.10.01-20:40:03.412 info  [caliper] [monitor.js] 	Stopping all monitors
2026.10.01-20:40:03.412 info  [caliper] [round-orchestrator] 	Waiting 5 seconds for the next round...
2026.10.01-20:40:08.414 info  [caliper] [round-orchestrator] 	Started round 3 (tps-40)
2026.10.01-20:40:08.415 info  [caliper] [worker-message-handler] 	Preparing Worker#0 for Round#2
2026.10.01-20:40:08.424 info  [caliper] [caliper-worker] 	Info: worker 0 prepare test phase for round 2 is starting...
2026.10.01-20:40:08.425 info  [caliper] [caliper-worker] 	Info: worker 0 prepare test phase for round 2 is completed
2026.10.01-20:40:08.426 info  [caliper] [worker-message-handler] 	Worker#0 prepared for Round#2
2026.10.01-20:40:08.426 info  [caliper] [worker-orchestrator] 	1 workers prepared, progressing to test phase.
2026.10.01-20:40:08.426 info  [caliper] [round-orchestrator] 	Monitors successfully started
2026.10.01-20:40:08.426 info  [caliper] [worker-message-handler] 	Worker#0 is starting Round#2
2026.10.01-20:40:08.435 info  [caliper] [caliper-worker] 	Worker #0 starting workload loop
2026.10.01-20:40:13.427 info  [caliper] [default-observer] 	[tps-40 Round 2 Transaction Info] - Submitted: 161 Succ: 55 Fail:0 Unfinished:106
2026.10.01-20:40:16.434 error [caliper] [ethereum-connector] 	Failed tx on registroDeBatches; calling method: registrarBatch; nonce: 0x4c6
2026.10.01-20:40:16.434 error [caliper] [ethereum-connector] 	Error: Returned error: Transaction nonce is too distant from current sender nonce
2026.10.01-20:40:16.440 error [caliper] [ethereum-connector] 	Failed tx on registroDeBatches; calling method: registrarBatch; nonce: 0x4c7
2026.10.01-20:40:16.440 error [caliper] [ethereum-connector] 	Error: Returned error: Transaction nonce is too distant from current sender nonce
2026.10.01-20:40:16.465 error [caliper] [ethereum-connector] 	Failed tx on registroDeBatches; calling method: registrarBatch; nonce: 0x4c8
2026.10.01-20:40:16.466 error [caliper] [ethereum-connector] 	Error: Returned error: Transaction nonce is too distant from current sender nonce
2026.10.01-20:40:16.493 error [caliper] [ethereum-connector] 	Failed tx on registroDeBatches; calling method: registrarBatch; nonce: 0x4c9
2026.10.01-20:40:16.493 error [caliper] [ethereum-connector] 	Error: Returned error: Transaction nonce is too distant from current sender nonce
2026.10.01-20:40:16.515 error [caliper] [ethereum-connector] 	Failed tx on registroDeBatches; calling method: registrarBatch; nonce: 0x4ca
2026.10.01-20:40:16.515 error [caliper] [ethereum-connector] 	Error: Returned error: Transaction nonce is too distant from current sender nonce
2026.10.01-20:40:16.541 error [caliper] [ethereum-connector] 	Failed tx on registroDeBatches; calling method: registrarBatch; nonce: 0x4cb
2026.10.01-20:40:16.541 error [caliper] [ethereum-connector] 	Error: Returned error: Transaction nonce is too distant from current sender nonce
2026.10.01-20:40:16.564 error [caliper] [ethereum-connector] 	Failed tx on registroDeBatches; calling method: registrarBatch; nonce: 0x4cc
2026.10.01-20:40:16.564 error [caliper] [ethereum-connector] 	Error: Returned error: Transaction nonce is too distant from current sender nonce
2026.10.01-20:40:16.591 error [caliper] [ethereum-connector] 	Failed tx on registroDeBatches; calling method: registrarBatch; nonce: 0x4cd
2026.10.01-20:40:16.591 error [caliper] [ethereum-connector] 	Error: Returned error: Transaction nonce is too distant from current sender nonce
2026.10.01-20:40:16.619 error [caliper] [ethereum-connector] 	Failed tx on registroDeBatches; calling method: registrarBatch; nonce: 0x4ce
2026.10.01-20:40:16.619 error [caliper] [ethereum-connector] 	Error: Returned error: Transaction nonce is too distant from current sender nonce
2026.10.01-20:40:16.640 error [caliper] [ethereum-connector] 	Failed tx on registroDeBatches; calling method: registrarBatch; nonce: 0x4cf
2026.10.01-20:40:16.640 error [caliper] [ethereum-connector] 	Error: Returned error: Transaction nonce is too distant from current sender nonce
2026.10.01-20:40:16.664 error [caliper] [ethereum-connector] 	Failed tx on registroDeBatches; calling method: registrarBatch; nonce: 0x4d0
2026.10.01-20:40:16.664 error [caliper] [ethereum-connector] 	Error: Returned error: Transaction nonce is too distant from current sender nonce
2026.10.01-20:40:16.690 error [caliper] [ethereum-connector] 	Failed tx on registroDeBatches; calling method: registrarBatch; nonce: 0x4d1
2026.10.01-20:40:16.690 error [caliper] [ethereum-connector] 	Error: Returned error: Transaction nonce is too distant from current sender nonce
2026.10.01-20:40:16.719 error [caliper] [ethereum-connector] 	Failed tx on registroDeBatches; calling method: registrarBatch; nonce: 0x4d2
2026.10.01-20:40:16.719 error [caliper] [ethereum-connector] 	Error: Returned error: Transaction nonce is too distant from current sender nonce
2026.10.01-20:40:16.741 error [caliper] [ethereum-connector] 	Failed tx on registroDeBatches; calling method: registrarBatch; nonce: 0x4d3
2026.10.01-20:40:16.741 error [caliper] [ethereum-connector] 	Error: Returned error: Transaction nonce is too distant from current sender nonce
2026.10.01-20:40:16.765 error [caliper] [ethereum-connector] 	Failed tx on registroDeBatches; calling method: registrarBatch; nonce: 0x4d4
2026.10.01-20:40:16.765 error [caliper] [ethereum-connector] 	Error: Returned error: Transaction nonce is too distant from current sender nonce
2026.10.01-20:40:16.790 error [caliper] [ethereum-connector] 	Failed tx on registroDeBatches; calling method: registrarBatch; nonce: 0x4d5
2026.10.01-20:40:16.790 error [caliper] [ethereum-connector] 	Error: Returned error: Transaction nonce is too distant from current sender nonce
2026.10.01-20:40:16.814 error [caliper] [ethereum-connector] 	Failed tx on registroDeBatches; calling method: registrarBatch; nonce: 0x4d6
2026.10.01-20:40:16.814 error [caliper] [ethereum-connector] 	Error: Returned error: Transaction nonce is too distant from current sender nonce
2026.10.01-20:40:16.841 error [caliper] [ethereum-connector] 	Failed tx on registroDeBatches; calling method: registrarBatch; nonce: 0x4d7
2026.10.01-20:40:16.841 error [caliper] [ethereum-connector] 	Error: Returned error: Transaction nonce is too distant from current sender nonce
2026.10.01-20:40:16.864 error [caliper] [ethereum-connector] 	Failed tx on registroDeBatches; calling method: registrarBatch; nonce: 0x4d8
2026.10.01-20:40:16.864 error [caliper] [ethereum-connector] 	Error: Returned error: Transaction nonce is too distant from current sender nonce
2026.10.01-20:40:16.890 error [caliper] [ethereum-connector] 	Failed tx on registroDeBatches; calling method: registrarBatch; nonce: 0x4d9
2026.10.01-20:40:16.890 error [caliper] [ethereum-connector] 	Error: Returned error: Transaction nonce is too distant from current sender nonce
2026.10.01-20:40:16.914 error [caliper] [ethereum-connector] 	Failed tx on registroDeBatches; calling method: registrarBatch; nonce: 0x4da
2026.10.01-20:40:16.914 error [caliper] [ethereum-connector] 	Error: Returned error: Transaction nonce is too distant from current sender nonce
2026.10.01-20:40:16.950 error [caliper] [ethereum-connector] 	Failed tx on registroDeBatches; calling method: registrarBatch; nonce: 0x4db
2026.10.01-20:40:16.950 error [caliper] [ethereum-connector] 	Error: Returned error: Transaction nonce is too distant from current sender nonce
2026.10.01-20:40:16.968 error [caliper] [ethereum-connector] 	Failed tx on registroDeBatches; calling method: registrarBatch; nonce: 0x4dc
2026.10.01-20:40:16.968 error [caliper] [ethereum-connector] 	Error: Returned error: Transaction nonce is too distant from current sender nonce
2026.10.01-20:40:16.998 error [caliper] [ethereum-connector] 	Failed tx on registroDeBatches; calling method: registrarBatch; nonce: 0x4dd
2026.10.01-20:40:16.998 error [caliper] [ethereum-connector] 	Error: Returned error: Transaction nonce is too distant from current sender nonce
2026.10.01-20:40:17.014 error [caliper] [ethereum-connector] 	Failed tx on registroDeBatches; calling method: registrarBatch; nonce: 0x4de
2026.10.01-20:40:17.014 error [caliper] [ethereum-connector] 	Error: Returned error: Transaction nonce is too distant from current sender nonce
2026.10.01-20:40:17.044 error [caliper] [ethereum-connector] 	Failed tx on registroDeBatches; calling method: registrarBatch; nonce: 0x4df
2026.10.01-20:40:17.044 error [caliper] [ethereum-connector] 	Error: Returned error: Transaction nonce is too distant from current sender nonce
2026.10.01-20:40:17.068 error [caliper] [ethereum-connector] 	Failed tx on registroDeBatches; calling method: registrarBatch; nonce: 0x4e0
2026.10.01-20:40:17.068 error [caliper] [ethereum-connector] 	Error: Returned error: Transaction nonce is too distant from current sender nonce
2026.10.01-20:40:17.095 error [caliper] [ethereum-connector] 	Failed tx on registroDeBatches; calling method: registrarBatch; nonce: 0x4e1
2026.10.01-20:40:17.095 error [caliper] [ethereum-connector] 	Error: Returned error: Transaction nonce is too distant from current sender nonce
2026.10.01-20:40:17.126 error [caliper] [ethereum-connector] 	Failed tx on registroDeBatches; calling method: registrarBatch; nonce: 0x4e2
2026.10.01-20:40:17.126 error [caliper] [ethereum-connector] 	Error: Returned error: Transaction nonce is too distant from current sender nonce
2026.10.01-20:40:17.144 error [caliper] [ethereum-connector] 	Failed tx on registroDeBatches; calling method: registrarBatch; nonce: 0x4e3
2026.10.01-20:40:17.145 error [caliper] [ethereum-connector] 	Error: Returned error: Transaction nonce is too distant from current sender nonce
2026.10.01-20:40:17.177 error [caliper] [ethereum-connector] 	Failed tx on registroDeBatches; calling method: registrarBatch; nonce: 0x4e4
2026.10.01-20:40:17.177 error [caliper] [ethereum-connector] 	Error: Returned error: Transaction nonce is too distant from current sender nonce
2026.10.01-20:40:17.194 error [caliper] [ethereum-connector] 	Failed tx on registroDeBatches; calling method: registrarBatch; nonce: 0x4e5
2026.10.01-20:40:17.194 error [caliper] [ethereum-connector] 	Error: Returned error: Transaction nonce is too distant from current sender nonce
2026.10.01-20:40:17.237 error [caliper] [ethereum-connector] 	Failed tx on registroDeBatches; calling method: registrarBatch; nonce: 0x4e6
2026.10.01-20:40:17.237 error [caliper] [ethereum-connector] 	Error: Returned error: Transaction nonce is too distant from current sender nonce
2026.10.01-20:40:17.244 error [caliper] [ethereum-connector] 	Failed tx on registroDeBatches; calling method: registrarBatch; nonce: 0x4e7
2026.10.01-20:40:17.244 error [caliper] [ethereum-connector] 	Error: Returned error: Transaction nonce is too distant from current sender nonce
2026.10.01-20:40:17.271 error [caliper] [ethereum-connector] 	Failed tx on registroDeBatches; calling method: registrarBatch; nonce: 0x4e8
2026.10.01-20:40:17.271 error [caliper] [ethereum-connector] 	Error: Returned error: Transaction nonce is too distant from current sender nonce
2026.10.01-20:40:17.291 error [caliper] [ethereum-connector] 	Failed tx on registroDeBatches; calling method: registrarBatch; nonce: 0x4e9
2026.10.01-20:40:17.291 error [caliper] [ethereum-connector] 	Error: Returned error: Transaction nonce is too distant from current sender nonce
2026.10.01-20:40:17.324 error [caliper] [ethereum-connector] 	Failed tx on registroDeBatches; calling method: registrarBatch; nonce: 0x4ea
2026.10.01-20:40:17.324 error [caliper] [ethereum-connector] 	Error: Returned error: Transaction nonce is too distant from current sender nonce
2026.10.01-20:40:17.341 error [caliper] [ethereum-connector] 	Failed tx on registroDeBatches; calling method: registrarBatch; nonce: 0x4eb
2026.10.01-20:40:17.342 error [caliper] [ethereum-connector] 	Error: Returned error: Transaction nonce is too distant from current sender nonce
2026.10.01-20:40:17.424 error [caliper] [ethereum-connector] 	Failed tx on registroDeBatches; calling method: registrarBatch; nonce: 0x4ec
2026.10.01-20:40:17.424 error [caliper] [ethereum-connector] 	Error: Returned error: Transaction nonce is too distant from current sender nonce
2026.10.01-20:40:17.432 error [caliper] [ethereum-connector] 	Failed tx on registroDeBatches; calling method: registrarBatch; nonce: 0x4ed
2026.10.01-20:40:17.432 error [caliper] [ethereum-connector] 	Error: Returned error: Transaction nonce is too distant from current sender nonce
2026.10.01-20:40:17.444 error [caliper] [ethereum-connector] 	Failed tx on registroDeBatches; calling method: registrarBatch; nonce: 0x4ee
2026.10.01-20:40:17.444 error [caliper] [ethereum-connector] 	Error: Returned error: Transaction nonce is too distant from current sender nonce
2026.10.01-20:40:17.456 error [caliper] [ethereum-connector] 	Failed tx on registroDeBatches; calling method: registrarBatch; nonce: 0x4ef
2026.10.01-20:40:17.456 error [caliper] [ethereum-connector] 	Error: Returned error: Transaction nonce is too distant from current sender nonce
2026.10.01-20:40:17.477 error [caliper] [ethereum-connector] 	Failed tx on registroDeBatches; calling method: registrarBatch; nonce: 0x4f0
2026.10.01-20:40:17.477 error [caliper] [ethereum-connector] 	Error: Returned error: Transaction nonce is too distant from current sender nonce
2026.10.01-20:40:17.499 error [caliper] [ethereum-connector] 	Failed tx on registroDeBatches; calling method: registrarBatch; nonce: 0x4f1
2026.10.01-20:40:17.499 error [caliper] [ethereum-connector] 	Error: Returned error: Transaction nonce is too distant from current sender nonce
2026.10.01-20:40:17.516 error [caliper] [ethereum-connector] 	Failed tx on registroDeBatches; calling method: registrarBatch; nonce: 0x4f2
2026.10.01-20:40:17.517 error [caliper] [ethereum-connector] 	Error: Returned error: Transaction nonce is too distant from current sender nonce
2026.10.01-20:40:17.540 error [caliper] [ethereum-connector] 	Failed tx on registroDeBatches; calling method: registrarBatch; nonce: 0x4f3
2026.10.01-20:40:17.540 error [caliper] [ethereum-connector] 	Error: Returned error: Transaction nonce is too distant from current sender nonce
2026.10.01-20:40:17.564 error [caliper] [ethereum-connector] 	Failed tx on registroDeBatches; calling method: registrarBatch; nonce: 0x4f4
2026.10.01-20:40:17.564 error [caliper] [ethereum-connector] 	Error: Returned error: Transaction nonce is too distant from current sender nonce
2026.10.01-20:40:17.590 error [caliper] [ethereum-connector] 	Failed tx on registroDeBatches; calling method: registrarBatch; nonce: 0x4f5
2026.10.01-20:40:17.590 error [caliper] [ethereum-connector] 	Error: Returned error: Transaction nonce is too distant from current sender nonce
2026.10.01-20:40:17.616 error [caliper] [ethereum-connector] 	Failed tx on registroDeBatches; calling method: registrarBatch; nonce: 0x4f6
2026.10.01-20:40:17.616 error [caliper] [ethereum-connector] 	Error: Returned error: Transaction nonce is too distant from current sender nonce
2026.10.01-20:40:17.639 error [caliper] [ethereum-connector] 	Failed tx on registroDeBatches; calling method: registrarBatch; nonce: 0x4f7
2026.10.01-20:40:17.639 error [caliper] [ethereum-connector] 	Error: Returned error: Transaction nonce is too distant from current sender nonce
2026.10.01-20:40:17.663 error [caliper] [ethereum-connector] 	Failed tx on registroDeBatches; calling method: registrarBatch; nonce: 0x4f8
2026.10.01-20:40:17.663 error [caliper] [ethereum-connector] 	Error: Returned error: Transaction nonce is too distant from current sender nonce
2026.10.01-20:40:17.689 error [caliper] [ethereum-connector] 	Failed tx on registroDeBatches; calling method: registrarBatch; nonce: 0x4f9
2026.10.01-20:40:17.690 error [caliper] [ethereum-connector] 	Error: Returned error: Transaction nonce is too distant from current sender nonce
2026.10.01-20:40:17.717 error [caliper] [ethereum-connector] 	Failed tx on registroDeBatches; calling method: registrarBatch; nonce: 0x4fa
2026.10.01-20:40:17.717 error [caliper] [ethereum-connector] 	Error: Returned error: Transaction nonce is too distant from current sender nonce
2026.10.01-20:40:17.742 error [caliper] [ethereum-connector] 	Failed tx on registroDeBatches; calling method: registrarBatch; nonce: 0x4fb
2026.10.01-20:40:17.742 error [caliper] [ethereum-connector] 	Error: Returned error: Transaction nonce is too distant from current sender nonce
2026.10.01-20:40:17.764 error [caliper] [ethereum-connector] 	Failed tx on registroDeBatches; calling method: registrarBatch; nonce: 0x4fc
2026.10.01-20:40:17.764 error [caliper] [ethereum-connector] 	Error: Returned error: Transaction nonce is too distant from current sender nonce
2026.10.01-20:40:17.789 error [caliper] [ethereum-connector] 	Failed tx on registroDeBatches; calling method: registrarBatch; nonce: 0x4fd
2026.10.01-20:40:17.789 error [caliper] [ethereum-connector] 	Error: Returned error: Transaction nonce is too distant from current sender nonce
2026.10.01-20:40:17.814 error [caliper] [ethereum-connector] 	Failed tx on registroDeBatches; calling method: registrarBatch; nonce: 0x4fe
2026.10.01-20:40:17.814 error [caliper] [ethereum-connector] 	Error: Returned error: Transaction nonce is too distant from current sender nonce
2026.10.01-20:40:17.840 error [caliper] [ethereum-connector] 	Failed tx on registroDeBatches; calling method: registrarBatch; nonce: 0x4ff
2026.10.01-20:40:17.840 error [caliper] [ethereum-connector] 	Error: Returned error: Transaction nonce is too distant from current sender nonce
2026.10.01-20:40:17.864 error [caliper] [ethereum-connector] 	Failed tx on registroDeBatches; calling method: registrarBatch; nonce: 0x500
2026.10.01-20:40:17.864 error [caliper] [ethereum-connector] 	Error: Returned error: Transaction nonce is too distant from current sender nonce
2026.10.01-20:40:17.890 error [caliper] [ethereum-connector] 	Failed tx on registroDeBatches; calling method: registrarBatch; nonce: 0x501
2026.10.01-20:40:17.890 error [caliper] [ethereum-connector] 	Error: Returned error: Transaction nonce is too distant from current sender nonce
2026.10.01-20:40:17.914 error [caliper] [ethereum-connector] 	Failed tx on registroDeBatches; calling method: registrarBatch; nonce: 0x502
2026.10.01-20:40:17.914 error [caliper] [ethereum-connector] 	Error: Returned error: Transaction nonce is too distant from current sender nonce
2026.10.01-20:40:17.941 error [caliper] [ethereum-connector] 	Failed tx on registroDeBatches; calling method: registrarBatch; nonce: 0x503
2026.10.01-20:40:17.941 error [caliper] [ethereum-connector] 	Error: Returned error: Transaction nonce is too distant from current sender nonce
2026.10.01-20:40:17.963 error [caliper] [ethereum-connector] 	Failed tx on registroDeBatches; calling method: registrarBatch; nonce: 0x504
2026.10.01-20:40:17.963 error [caliper] [ethereum-connector] 	Error: Returned error: Transaction nonce is too distant from current sender nonce
2026.10.01-20:40:17.992 error [caliper] [ethereum-connector] 	Failed tx on registroDeBatches; calling method: registrarBatch; nonce: 0x505
2026.10.01-20:40:17.992 error [caliper] [ethereum-connector] 	Error: Returned error: Transaction nonce is too distant from current sender nonce
2026.10.01-20:40:18.015 error [caliper] [ethereum-connector] 	Failed tx on registroDeBatches; calling method: registrarBatch; nonce: 0x506
2026.10.01-20:40:18.015 error [caliper] [ethereum-connector] 	Error: Returned error: Transaction nonce is too distant from current sender nonce
2026.10.01-20:40:18.039 error [caliper] [ethereum-connector] 	Failed tx on registroDeBatches; calling method: registrarBatch; nonce: 0x507
2026.10.01-20:40:18.039 error [caliper] [ethereum-connector] 	Error: Returned error: Transaction nonce is too distant from current sender nonce
2026.10.01-20:40:18.065 error [caliper] [ethereum-connector] 	Failed tx on registroDeBatches; calling method: registrarBatch; nonce: 0x508
2026.10.01-20:40:18.066 error [caliper] [ethereum-connector] 	Error: Returned error: Transaction nonce is too distant from current sender nonce
2026.10.01-20:40:18.091 error [caliper] [ethereum-connector] 	Failed tx on registroDeBatches; calling method: registrarBatch; nonce: 0x509
2026.10.01-20:40:18.091 error [caliper] [ethereum-connector] 	Error: Returned error: Transaction nonce is too distant from current sender nonce
2026.10.01-20:40:18.115 error [caliper] [ethereum-connector] 	Failed tx on registroDeBatches; calling method: registrarBatch; nonce: 0x50a
2026.10.01-20:40:18.115 error [caliper] [ethereum-connector] 	Error: Returned error: Transaction nonce is too distant from current sender nonce
2026.10.01-20:40:18.142 error [caliper] [ethereum-connector] 	Failed tx on registroDeBatches; calling method: registrarBatch; nonce: 0x50b
2026.10.01-20:40:18.142 error [caliper] [ethereum-connector] 	Error: Returned error: Transaction nonce is too distant from current sender nonce
2026.10.01-20:40:18.167 error [caliper] [ethereum-connector] 	Failed tx on registroDeBatches; calling method: registrarBatch; nonce: 0x50c
2026.10.01-20:40:18.168 error [caliper] [ethereum-connector] 	Error: Returned error: Transaction nonce is too distant from current sender nonce
2026.10.01-20:40:18.194 error [caliper] [ethereum-connector] 	Failed tx on registroDeBatches; calling method: registrarBatch; nonce: 0x50d
2026.10.01-20:40:18.195 error [caliper] [ethereum-connector] 	Error: Returned error: Transaction nonce is too distant from current sender nonce
2026.10.01-20:40:18.218 error [caliper] [ethereum-connector] 	Failed tx on registroDeBatches; calling method: registrarBatch; nonce: 0x50e
2026.10.01-20:40:18.219 error [caliper] [ethereum-connector] 	Error: Returned error: Transaction nonce is too distant from current sender nonce
2026.10.01-20:40:18.243 error [caliper] [ethereum-connector] 	Failed tx on registroDeBatches; calling method: registrarBatch; nonce: 0x50f
2026.10.01-20:40:18.244 error [caliper] [ethereum-connector] 	Error: Returned error: Transaction nonce is too distant from current sender nonce
2026.10.01-20:40:18.268 error [caliper] [ethereum-connector] 	Failed tx on registroDeBatches; calling method: registrarBatch; nonce: 0x510
2026.10.01-20:40:18.268 error [caliper] [ethereum-connector] 	Error: Returned error: Transaction nonce is too distant from current sender nonce
2026.10.01-20:40:18.291 error [caliper] [ethereum-connector] 	Failed tx on registroDeBatches; calling method: registrarBatch; nonce: 0x511
2026.10.01-20:40:18.291 error [caliper] [ethereum-connector] 	Error: Returned error: Transaction nonce is too distant from current sender nonce
2026.10.01-20:40:18.318 error [caliper] [ethereum-connector] 	Failed tx on registroDeBatches; calling method: registrarBatch; nonce: 0x512
2026.10.01-20:40:18.318 error [caliper] [ethereum-connector] 	Error: Returned error: Transaction nonce is too distant from current sender nonce
2026.10.01-20:40:18.348 error [caliper] [ethereum-connector] 	Failed tx on registroDeBatches; calling method: registrarBatch; nonce: 0x513
2026.10.01-20:40:18.348 error [caliper] [ethereum-connector] 	Error: Returned error: Transaction nonce is too distant from current sender nonce
2026.10.01-20:40:18.372 error [caliper] [ethereum-connector] 	Failed tx on registroDeBatches; calling method: registrarBatch; nonce: 0x514
2026.10.01-20:40:18.372 error [caliper] [ethereum-connector] 	Error: Returned error: Transaction nonce is too distant from current sender nonce
2026.10.01-20:40:18.392 error [caliper] [ethereum-connector] 	Failed tx on registroDeBatches; calling method: registrarBatch; nonce: 0x515
2026.10.01-20:40:18.393 error [caliper] [ethereum-connector] 	Error: Returned error: Transaction nonce is too distant from current sender nonce
2026.10.01-20:40:18.415 error [caliper] [ethereum-connector] 	Failed tx on registroDeBatches; calling method: registrarBatch; nonce: 0x516
2026.10.01-20:40:18.416 error [caliper] [ethereum-connector] 	Error: Returned error: Transaction nonce is too distant from current sender nonce
2026.10.01-20:40:18.428 info  [caliper] [default-observer] 	[tps-40 Round 2 Transaction Info] - Submitted: 361 Succ: 150 Fail:40 Unfinished:171
2026.10.01-20:40:18.440 error [caliper] [ethereum-connector] 	Failed tx on registroDeBatches; calling method: registrarBatch; nonce: 0x517
2026.10.01-20:40:18.441 error [caliper] [ethereum-connector] 	Error: Returned error: Transaction nonce is too distant from current sender nonce
2026.10.01-20:40:18.464 error [caliper] [ethereum-connector] 	Failed tx on registroDeBatches; calling method: registrarBatch; nonce: 0x518
2026.10.01-20:40:18.464 error [caliper] [ethereum-connector] 	Error: Returned error: Transaction nonce is too distant from current sender nonce
2026.10.01-20:40:18.491 error [caliper] [ethereum-connector] 	Failed tx on registroDeBatches; calling method: registrarBatch; nonce: 0x519
2026.10.01-20:40:18.491 error [caliper] [ethereum-connector] 	Error: Returned error: Transaction nonce is too distant from current sender nonce
2026.10.01-20:40:18.515 error [caliper] [ethereum-connector] 	Failed tx on registroDeBatches; calling method: registrarBatch; nonce: 0x51a
2026.10.01-20:40:18.515 error [caliper] [ethereum-connector] 	Error: Returned error: Transaction nonce is too distant from current sender nonce
2026.10.01-20:40:18.541 error [caliper] [ethereum-connector] 	Failed tx on registroDeBatches; calling method: registrarBatch; nonce: 0x51b
2026.10.01-20:40:18.541 error [caliper] [ethereum-connector] 	Error: Returned error: Transaction nonce is too distant from current sender nonce
2026.10.01-20:40:18.565 error [caliper] [ethereum-connector] 	Failed tx on registroDeBatches; calling method: registrarBatch; nonce: 0x51c
2026.10.01-20:40:18.565 error [caliper] [ethereum-connector] 	Error: Returned error: Transaction nonce is too distant from current sender nonce
2026.10.01-20:40:18.590 error [caliper] [ethereum-connector] 	Failed tx on registroDeBatches; calling method: registrarBatch; nonce: 0x51d
2026.10.01-20:40:18.590 error [caliper] [ethereum-connector] 	Error: Returned error: Transaction nonce is too distant from current sender nonce
2026.10.01-20:40:18.616 error [caliper] [ethereum-connector] 	Failed tx on registroDeBatches; calling method: registrarBatch; nonce: 0x51e
2026.10.01-20:40:18.616 error [caliper] [ethereum-connector] 	Error: Returned error: Transaction nonce is too distant from current sender nonce
2026.10.01-20:40:18.640 error [caliper] [ethereum-connector] 	Failed tx on registroDeBatches; calling method: registrarBatch; nonce: 0x51f
2026.10.01-20:40:18.640 error [caliper] [ethereum-connector] 	Error: Returned error: Transaction nonce is too distant from current sender nonce
2026.10.01-20:40:18.664 error [caliper] [ethereum-connector] 	Failed tx on registroDeBatches; calling method: registrarBatch; nonce: 0x520
2026.10.01-20:40:18.664 error [caliper] [ethereum-connector] 	Error: Returned error: Transaction nonce is too distant from current sender nonce
2026.10.01-20:40:18.690 error [caliper] [ethereum-connector] 	Failed tx on registroDeBatches; calling method: registrarBatch; nonce: 0x521
2026.10.01-20:40:18.690 error [caliper] [ethereum-connector] 	Error: Returned error: Transaction nonce is too distant from current sender nonce
2026.10.01-20:40:18.715 error [caliper] [ethereum-connector] 	Failed tx on registroDeBatches; calling method: registrarBatch; nonce: 0x522
2026.10.01-20:40:18.715 error [caliper] [ethereum-connector] 	Error: Returned error: Transaction nonce is too distant from current sender nonce
2026.10.01-20:40:18.743 error [caliper] [ethereum-connector] 	Failed tx on registroDeBatches; calling method: registrarBatch; nonce: 0x523
2026.10.01-20:40:18.743 error [caliper] [ethereum-connector] 	Error: Returned error: Transaction nonce is too distant from current sender nonce
2026.10.01-20:40:18.765 error [caliper] [ethereum-connector] 	Failed tx on registroDeBatches; calling method: registrarBatch; nonce: 0x524
2026.10.01-20:40:18.765 error [caliper] [ethereum-connector] 	Error: Returned error: Transaction nonce is too distant from current sender nonce
2026.10.01-20:40:18.789 error [caliper] [ethereum-connector] 	Failed tx on registroDeBatches; calling method: registrarBatch; nonce: 0x525
2026.10.01-20:40:18.789 error [caliper] [ethereum-connector] 	Error: Returned error: Transaction nonce is too distant from current sender nonce
2026.10.01-20:40:18.815 error [caliper] [ethereum-connector] 	Failed tx on registroDeBatches; calling method: registrarBatch; nonce: 0x526
2026.10.01-20:40:18.815 error [caliper] [ethereum-connector] 	Error: Returned error: Transaction nonce is too distant from current sender nonce
2026.10.01-20:40:18.842 error [caliper] [ethereum-connector] 	Failed tx on registroDeBatches; calling method: registrarBatch; nonce: 0x527
2026.10.01-20:40:18.842 error [caliper] [ethereum-connector] 	Error: Returned error: Transaction nonce is too distant from current sender nonce
2026.10.01-20:40:18.864 error [caliper] [ethereum-connector] 	Failed tx on registroDeBatches; calling method: registrarBatch; nonce: 0x528
2026.10.01-20:40:18.864 error [caliper] [ethereum-connector] 	Error: Returned error: Transaction nonce is too distant from current sender nonce
2026.10.01-20:40:18.891 error [caliper] [ethereum-connector] 	Failed tx on registroDeBatches; calling method: registrarBatch; nonce: 0x529
2026.10.01-20:40:18.891 error [caliper] [ethereum-connector] 	Error: Returned error: Transaction nonce is too distant from current sender nonce
2026.10.01-20:40:18.917 error [caliper] [ethereum-connector] 	Failed tx on registroDeBatches; calling method: registrarBatch; nonce: 0x52a
2026.10.01-20:40:18.917 error [caliper] [ethereum-connector] 	Error: Returned error: Transaction nonce is too distant from current sender nonce
2026.10.01-20:40:18.942 error [caliper] [ethereum-connector] 	Failed tx on registroDeBatches; calling method: registrarBatch; nonce: 0x52b
2026.10.01-20:40:18.942 error [caliper] [ethereum-connector] 	Error: Returned error: Transaction nonce is too distant from current sender nonce
2026.10.01-20:40:18.966 error [caliper] [ethereum-connector] 	Failed tx on registroDeBatches; calling method: registrarBatch; nonce: 0x52c
2026.10.01-20:40:18.966 error [caliper] [ethereum-connector] 	Error: Returned error: Transaction nonce is too distant from current sender nonce
2026.10.01-20:40:18.992 error [caliper] [ethereum-connector] 	Failed tx on registroDeBatches; calling method: registrarBatch; nonce: 0x52d
2026.10.01-20:40:18.993 error [caliper] [ethereum-connector] 	Error: Returned error: Transaction nonce is too distant from current sender nonce
2026.10.01-20:40:19.015 error [caliper] [ethereum-connector] 	Failed tx on registroDeBatches; calling method: registrarBatch; nonce: 0x52e
2026.10.01-20:40:19.016 error [caliper] [ethereum-connector] 	Error: Returned error: Transaction nonce is too distant from current sender nonce
2026.10.01-20:40:19.045 error [caliper] [ethereum-connector] 	Failed tx on registroDeBatches; calling method: registrarBatch; nonce: 0x52f
2026.10.01-20:40:19.045 error [caliper] [ethereum-connector] 	Error: Returned error: Transaction nonce is too distant from current sender nonce
2026.10.01-20:40:19.067 error [caliper] [ethereum-connector] 	Failed tx on registroDeBatches; calling method: registrarBatch; nonce: 0x530
2026.10.01-20:40:19.067 error [caliper] [ethereum-connector] 	Error: Returned error: Transaction nonce is too distant from current sender nonce
2026.10.01-20:40:19.095 error [caliper] [ethereum-connector] 	Failed tx on registroDeBatches; calling method: registrarBatch; nonce: 0x531
2026.10.01-20:40:19.095 error [caliper] [ethereum-connector] 	Error: Returned error: Transaction nonce is too distant from current sender nonce
2026.10.01-20:40:19.122 error [caliper] [ethereum-connector] 	Failed tx on registroDeBatches; calling method: registrarBatch; nonce: 0x532
2026.10.01-20:40:19.123 error [caliper] [ethereum-connector] 	Error: Returned error: Transaction nonce is too distant from current sender nonce
2026.10.01-20:40:19.144 error [caliper] [ethereum-connector] 	Failed tx on registroDeBatches; calling method: registrarBatch; nonce: 0x533
2026.10.01-20:40:19.144 error [caliper] [ethereum-connector] 	Error: Returned error: Transaction nonce is too distant from current sender nonce
2026.10.01-20:40:19.174 error [caliper] [ethereum-connector] 	Failed tx on registroDeBatches; calling method: registrarBatch; nonce: 0x534
2026.10.01-20:40:19.174 error [caliper] [ethereum-connector] 	Error: Returned error: Transaction nonce is too distant from current sender nonce
2026.10.01-20:40:19.199 error [caliper] [ethereum-connector] 	Failed tx on registroDeBatches; calling method: registrarBatch; nonce: 0x535
2026.10.01-20:40:19.200 error [caliper] [ethereum-connector] 	Error: Returned error: Transaction nonce is too distant from current sender nonce
2026.10.01-20:40:19.224 error [caliper] [ethereum-connector] 	Failed tx on registroDeBatches; calling method: registrarBatch; nonce: 0x536
2026.10.01-20:40:19.224 error [caliper] [ethereum-connector] 	Error: Returned error: Transaction nonce is too distant from current sender nonce
2026.10.01-20:40:19.254 error [caliper] [ethereum-connector] 	Failed tx on registroDeBatches; calling method: registrarBatch; nonce: 0x537
2026.10.01-20:40:19.254 error [caliper] [ethereum-connector] 	Error: Returned error: Transaction nonce is too distant from current sender nonce
2026.10.01-20:40:19.275 error [caliper] [ethereum-connector] 	Failed tx on registroDeBatches; calling method: registrarBatch; nonce: 0x538
2026.10.01-20:40:19.275 error [caliper] [ethereum-connector] 	Error: Returned error: Transaction nonce is too distant from current sender nonce
2026.10.01-20:40:19.299 error [caliper] [ethereum-connector] 	Failed tx on registroDeBatches; calling method: registrarBatch; nonce: 0x539
2026.10.01-20:40:19.299 error [caliper] [ethereum-connector] 	Error: Returned error: Transaction nonce is too distant from current sender nonce
2026.10.01-20:40:19.319 error [caliper] [ethereum-connector] 	Failed tx on registroDeBatches; calling method: registrarBatch; nonce: 0x53a
2026.10.01-20:40:19.319 error [caliper] [ethereum-connector] 	Error: Returned error: Transaction nonce is too distant from current sender nonce
2026.10.01-20:40:19.342 error [caliper] [ethereum-connector] 	Failed tx on registroDeBatches; calling method: registrarBatch; nonce: 0x53b
2026.10.01-20:40:19.342 error [caliper] [ethereum-connector] 	Error: Returned error: Transaction nonce is too distant from current sender nonce
2026.10.01-20:40:19.422 error [caliper] [ethereum-connector] 	Failed tx on registroDeBatches; calling method: registrarBatch; nonce: 0x53c
2026.10.01-20:40:19.422 error [caliper] [ethereum-connector] 	Error: Returned error: Transaction nonce is too distant from current sender nonce
2026.10.01-20:40:19.429 error [caliper] [ethereum-connector] 	Failed tx on registroDeBatches; calling method: registrarBatch; nonce: 0x53d
2026.10.01-20:40:19.429 error [caliper] [ethereum-connector] 	Error: Returned error: Transaction nonce is too distant from current sender nonce
2026.10.01-20:40:19.429 error [caliper] [ethereum-connector] 	Failed tx on registroDeBatches; calling method: registrarBatch; nonce: 0x53e
2026.10.01-20:40:19.429 error [caliper] [ethereum-connector] 	Error: Returned error: Transaction nonce is too distant from current sender nonce
2026.10.01-20:40:19.440 error [caliper] [ethereum-connector] 	Failed tx on registroDeBatches; calling method: registrarBatch; nonce: 0x53f
2026.10.01-20:40:19.440 error [caliper] [ethereum-connector] 	Error: Returned error: Transaction nonce is too distant from current sender nonce
2026.10.01-20:40:19.466 error [caliper] [ethereum-connector] 	Failed tx on registroDeBatches; calling method: registrarBatch; nonce: 0x540
2026.10.01-20:40:19.466 error [caliper] [ethereum-connector] 	Error: Returned error: Transaction nonce is too distant from current sender nonce
2026.10.01-20:40:19.492 error [caliper] [ethereum-connector] 	Failed tx on registroDeBatches; calling method: registrarBatch; nonce: 0x541
2026.10.01-20:40:19.492 error [caliper] [ethereum-connector] 	Error: Returned error: Transaction nonce is too distant from current sender nonce
2026.10.01-20:40:19.515 error [caliper] [ethereum-connector] 	Failed tx on registroDeBatches; calling method: registrarBatch; nonce: 0x542
2026.10.01-20:40:19.516 error [caliper] [ethereum-connector] 	Error: Returned error: Transaction nonce is too distant from current sender nonce
2026.10.01-20:40:19.540 error [caliper] [ethereum-connector] 	Failed tx on registroDeBatches; calling method: registrarBatch; nonce: 0x543
2026.10.01-20:40:19.541 error [caliper] [ethereum-connector] 	Error: Returned error: Transaction nonce is too distant from current sender nonce
2026.10.01-20:40:19.565 error [caliper] [ethereum-connector] 	Failed tx on registroDeBatches; calling method: registrarBatch; nonce: 0x544
2026.10.01-20:40:19.565 error [caliper] [ethereum-connector] 	Error: Returned error: Transaction nonce is too distant from current sender nonce
2026.10.01-20:40:19.590 error [caliper] [ethereum-connector] 	Failed tx on registroDeBatches; calling method: registrarBatch; nonce: 0x545
2026.10.01-20:40:19.590 error [caliper] [ethereum-connector] 	Error: Returned error: Transaction nonce is too distant from current sender nonce
2026.10.01-20:40:19.616 error [caliper] [ethereum-connector] 	Failed tx on registroDeBatches; calling method: registrarBatch; nonce: 0x546
2026.10.01-20:40:19.616 error [caliper] [ethereum-connector] 	Error: Returned error: Transaction nonce is too distant from current sender nonce
2026.10.01-20:40:19.641 error [caliper] [ethereum-connector] 	Failed tx on registroDeBatches; calling method: registrarBatch; nonce: 0x547
2026.10.01-20:40:19.641 error [caliper] [ethereum-connector] 	Error: Returned error: Transaction nonce is too distant from current sender nonce
2026.10.01-20:40:19.664 error [caliper] [ethereum-connector] 	Failed tx on registroDeBatches; calling method: registrarBatch; nonce: 0x548
2026.10.01-20:40:19.664 error [caliper] [ethereum-connector] 	Error: Returned error: Transaction nonce is too distant from current sender nonce
2026.10.01-20:40:19.689 error [caliper] [ethereum-connector] 	Failed tx on registroDeBatches; calling method: registrarBatch; nonce: 0x549
2026.10.01-20:40:19.689 error [caliper] [ethereum-connector] 	Error: Returned error: Transaction nonce is too distant from current sender nonce
2026.10.01-20:40:19.716 error [caliper] [ethereum-connector] 	Failed tx on registroDeBatches; calling method: registrarBatch; nonce: 0x54a
2026.10.01-20:40:19.716 error [caliper] [ethereum-connector] 	Error: Returned error: Transaction nonce is too distant from current sender nonce
2026.10.01-20:40:19.742 error [caliper] [ethereum-connector] 	Failed tx on registroDeBatches; calling method: registrarBatch; nonce: 0x54b
2026.10.01-20:40:19.742 error [caliper] [ethereum-connector] 	Error: Returned error: Transaction nonce is too distant from current sender nonce
2026.10.01-20:40:19.768 error [caliper] [ethereum-connector] 	Failed tx on registroDeBatches; calling method: registrarBatch; nonce: 0x54c
2026.10.01-20:40:19.768 error [caliper] [ethereum-connector] 	Error: Returned error: Transaction nonce is too distant from current sender nonce
2026.10.01-20:40:19.794 error [caliper] [ethereum-connector] 	Failed tx on registroDeBatches; calling method: registrarBatch; nonce: 0x54d
2026.10.01-20:40:19.794 error [caliper] [ethereum-connector] 	Error: Returned error: Transaction nonce is too distant from current sender nonce
2026.10.01-20:40:19.814 error [caliper] [ethereum-connector] 	Failed tx on registroDeBatches; calling method: registrarBatch; nonce: 0x54e
2026.10.01-20:40:19.814 error [caliper] [ethereum-connector] 	Error: Returned error: Transaction nonce is too distant from current sender nonce
2026.10.01-20:40:19.842 error [caliper] [ethereum-connector] 	Failed tx on registroDeBatches; calling method: registrarBatch; nonce: 0x54f
2026.10.01-20:40:19.842 error [caliper] [ethereum-connector] 	Error: Returned error: Transaction nonce is too distant from current sender nonce
2026.10.01-20:40:19.865 error [caliper] [ethereum-connector] 	Failed tx on registroDeBatches; calling method: registrarBatch; nonce: 0x550
2026.10.01-20:40:19.865 error [caliper] [ethereum-connector] 	Error: Returned error: Transaction nonce is too distant from current sender nonce
2026.10.01-20:40:19.891 error [caliper] [ethereum-connector] 	Failed tx on registroDeBatches; calling method: registrarBatch; nonce: 0x551
2026.10.01-20:40:19.891 error [caliper] [ethereum-connector] 	Error: Returned error: Transaction nonce is too distant from current sender nonce
2026.10.01-20:40:19.919 error [caliper] [ethereum-connector] 	Failed tx on registroDeBatches; calling method: registrarBatch; nonce: 0x552
2026.10.01-20:40:19.919 error [caliper] [ethereum-connector] 	Error: Returned error: Transaction nonce is too distant from current sender nonce
2026.10.01-20:40:19.940 error [caliper] [ethereum-connector] 	Failed tx on registroDeBatches; calling method: registrarBatch; nonce: 0x553
2026.10.01-20:40:19.940 error [caliper] [ethereum-connector] 	Error: Returned error: Transaction nonce is too distant from current sender nonce
2026.10.01-20:40:19.966 error [caliper] [ethereum-connector] 	Failed tx on registroDeBatches; calling method: registrarBatch; nonce: 0x554
2026.10.01-20:40:19.966 error [caliper] [ethereum-connector] 	Error: Returned error: Transaction nonce is too distant from current sender nonce
2026.10.01-20:40:19.989 error [caliper] [ethereum-connector] 	Failed tx on registroDeBatches; calling method: registrarBatch; nonce: 0x555
2026.10.01-20:40:19.989 error [caliper] [ethereum-connector] 	Error: Returned error: Transaction nonce is too distant from current sender nonce
2026.10.01-20:40:20.016 error [caliper] [ethereum-connector] 	Failed tx on registroDeBatches; calling method: registrarBatch; nonce: 0x556
2026.10.01-20:40:20.017 error [caliper] [ethereum-connector] 	Error: Returned error: Transaction nonce is too distant from current sender nonce
2026.10.01-20:40:20.041 error [caliper] [ethereum-connector] 	Failed tx on registroDeBatches; calling method: registrarBatch; nonce: 0x557
2026.10.01-20:40:20.041 error [caliper] [ethereum-connector] 	Error: Returned error: Transaction nonce is too distant from current sender nonce
2026.10.01-20:40:20.065 error [caliper] [ethereum-connector] 	Failed tx on registroDeBatches; calling method: registrarBatch; nonce: 0x558
2026.10.01-20:40:20.065 error [caliper] [ethereum-connector] 	Error: Returned error: Transaction nonce is too distant from current sender nonce
2026.10.01-20:40:20.092 error [caliper] [ethereum-connector] 	Failed tx on registroDeBatches; calling method: registrarBatch; nonce: 0x559
2026.10.01-20:40:20.092 error [caliper] [ethereum-connector] 	Error: Returned error: Transaction nonce is too distant from current sender nonce
2026.10.01-20:40:20.119 error [caliper] [ethereum-connector] 	Failed tx on registroDeBatches; calling method: registrarBatch; nonce: 0x55a
2026.10.01-20:40:20.119 error [caliper] [ethereum-connector] 	Error: Returned error: Transaction nonce is too distant from current sender nonce
2026.10.01-20:40:20.140 error [caliper] [ethereum-connector] 	Failed tx on registroDeBatches; calling method: registrarBatch; nonce: 0x55b
2026.10.01-20:40:20.140 error [caliper] [ethereum-connector] 	Error: Returned error: Transaction nonce is too distant from current sender nonce
2026.10.01-20:40:20.169 error [caliper] [ethereum-connector] 	Failed tx on registroDeBatches; calling method: registrarBatch; nonce: 0x55c
2026.10.01-20:40:20.169 error [caliper] [ethereum-connector] 	Error: Returned error: Transaction nonce is too distant from current sender nonce
2026.10.01-20:40:20.189 error [caliper] [ethereum-connector] 	Failed tx on registroDeBatches; calling method: registrarBatch; nonce: 0x55d
2026.10.01-20:40:20.189 error [caliper] [ethereum-connector] 	Error: Returned error: Transaction nonce is too distant from current sender nonce
2026.10.01-20:40:20.213 error [caliper] [ethereum-connector] 	Failed tx on registroDeBatches; calling method: registrarBatch; nonce: 0x55e
2026.10.01-20:40:20.213 error [caliper] [ethereum-connector] 	Error: Returned error: Transaction nonce is too distant from current sender nonce
2026.10.01-20:40:20.297 error [caliper] [ethereum-connector] 	Failed tx on registroDeBatches; calling method: registrarBatch; nonce: 0x55f
2026.10.01-20:40:20.298 error [caliper] [ethereum-connector] 	Error: Returned error: Transaction nonce is too distant from current sender nonce
2026.10.01-20:40:20.304 error [caliper] [ethereum-connector] 	Failed tx on registroDeBatches; calling method: registrarBatch; nonce: 0x560
2026.10.01-20:40:20.304 error [caliper] [ethereum-connector] 	Error: Returned error: Transaction nonce is too distant from current sender nonce
2026.10.01-20:40:20.304 error [caliper] [ethereum-connector] 	Failed tx on registroDeBatches; calling method: registrarBatch; nonce: 0x561
2026.10.01-20:40:20.304 error [caliper] [ethereum-connector] 	Error: Returned error: Transaction nonce is too distant from current sender nonce
2026.10.01-20:40:20.316 error [caliper] [ethereum-connector] 	Failed tx on registroDeBatches; calling method: registrarBatch; nonce: 0x562
2026.10.01-20:40:20.316 error [caliper] [ethereum-connector] 	Error: Returned error: Transaction nonce is too distant from current sender nonce
2026.10.01-20:40:20.342 error [caliper] [ethereum-connector] 	Failed tx on registroDeBatches; calling method: registrarBatch; nonce: 0x563
2026.10.01-20:40:20.342 error [caliper] [ethereum-connector] 	Error: Returned error: Transaction nonce is too distant from current sender nonce
2026.10.01-20:40:20.365 error [caliper] [ethereum-connector] 	Failed tx on registroDeBatches; calling method: registrarBatch; nonce: 0x564
2026.10.01-20:40:20.365 error [caliper] [ethereum-connector] 	Error: Returned error: Transaction nonce is too distant from current sender nonce
2026.10.01-20:40:20.396 error [caliper] [ethereum-connector] 	Failed tx on registroDeBatches; calling method: registrarBatch; nonce: 0x565
2026.10.01-20:40:20.396 error [caliper] [ethereum-connector] 	Error: Returned error: Transaction nonce is too distant from current sender nonce
2026.10.01-20:40:20.416 error [caliper] [ethereum-connector] 	Failed tx on registroDeBatches; calling method: registrarBatch; nonce: 0x566
2026.10.01-20:40:20.416 error [caliper] [ethereum-connector] 	Error: Returned error: Transaction nonce is too distant from current sender nonce
2026.10.01-20:40:20.441 error [caliper] [ethereum-connector] 	Failed tx on registroDeBatches; calling method: registrarBatch; nonce: 0x567
2026.10.01-20:40:20.441 error [caliper] [ethereum-connector] 	Error: Returned error: Transaction nonce is too distant from current sender nonce
2026.10.01-20:40:20.467 error [caliper] [ethereum-connector] 	Failed tx on registroDeBatches; calling method: registrarBatch; nonce: 0x568
2026.10.01-20:40:20.467 error [caliper] [ethereum-connector] 	Error: Returned error: Transaction nonce is too distant from current sender nonce
2026.10.01-20:40:20.491 error [caliper] [ethereum-connector] 	Failed tx on registroDeBatches; calling method: registrarBatch; nonce: 0x569
2026.10.01-20:40:20.491 error [caliper] [ethereum-connector] 	Error: Returned error: Transaction nonce is too distant from current sender nonce
2026.10.01-20:40:20.515 error [caliper] [ethereum-connector] 	Failed tx on registroDeBatches; calling method: registrarBatch; nonce: 0x56a
2026.10.01-20:40:20.515 error [caliper] [ethereum-connector] 	Error: Returned error: Transaction nonce is too distant from current sender nonce
2026.10.01-20:40:20.543 error [caliper] [ethereum-connector] 	Failed tx on registroDeBatches; calling method: registrarBatch; nonce: 0x56b
2026.10.01-20:40:20.543 error [caliper] [ethereum-connector] 	Error: Returned error: Transaction nonce is too distant from current sender nonce
2026.10.01-20:40:20.567 error [caliper] [ethereum-connector] 	Failed tx on registroDeBatches; calling method: registrarBatch; nonce: 0x56c
2026.10.01-20:40:20.567 error [caliper] [ethereum-connector] 	Error: Returned error: Transaction nonce is too distant from current sender nonce
2026.10.01-20:40:20.591 error [caliper] [ethereum-connector] 	Failed tx on registroDeBatches; calling method: registrarBatch; nonce: 0x56d
2026.10.01-20:40:20.591 error [caliper] [ethereum-connector] 	Error: Returned error: Transaction nonce is too distant from current sender nonce
2026.10.01-20:40:20.620 error [caliper] [ethereum-connector] 	Failed tx on registroDeBatches; calling method: registrarBatch; nonce: 0x56e
2026.10.01-20:40:20.620 error [caliper] [ethereum-connector] 	Error: Returned error: Transaction nonce is too distant from current sender nonce
2026.10.01-20:40:20.643 error [caliper] [ethereum-connector] 	Failed tx on registroDeBatches; calling method: registrarBatch; nonce: 0x56f
2026.10.01-20:40:20.643 error [caliper] [ethereum-connector] 	Error: Returned error: Transaction nonce is too distant from current sender nonce
2026.10.01-20:40:20.664 error [caliper] [ethereum-connector] 	Failed tx on registroDeBatches; calling method: registrarBatch; nonce: 0x570
2026.10.01-20:40:20.664 error [caliper] [ethereum-connector] 	Error: Returned error: Transaction nonce is too distant from current sender nonce
2026.10.01-20:40:20.690 error [caliper] [ethereum-connector] 	Failed tx on registroDeBatches; calling method: registrarBatch; nonce: 0x571
2026.10.01-20:40:20.690 error [caliper] [ethereum-connector] 	Error: Returned error: Transaction nonce is too distant from current sender nonce
2026.10.01-20:40:20.715 error [caliper] [ethereum-connector] 	Failed tx on registroDeBatches; calling method: registrarBatch; nonce: 0x572
2026.10.01-20:40:20.715 error [caliper] [ethereum-connector] 	Error: Returned error: Transaction nonce is too distant from current sender nonce
2026.10.01-20:40:20.740 error [caliper] [ethereum-connector] 	Failed tx on registroDeBatches; calling method: registrarBatch; nonce: 0x573
2026.10.01-20:40:20.740 error [caliper] [ethereum-connector] 	Error: Returned error: Transaction nonce is too distant from current sender nonce
2026.10.01-20:40:20.766 error [caliper] [ethereum-connector] 	Failed tx on registroDeBatches; calling method: registrarBatch; nonce: 0x574
2026.10.01-20:40:20.766 error [caliper] [ethereum-connector] 	Error: Returned error: Transaction nonce is too distant from current sender nonce
2026.10.01-20:40:20.789 error [caliper] [ethereum-connector] 	Failed tx on registroDeBatches; calling method: registrarBatch; nonce: 0x575
2026.10.01-20:40:20.789 error [caliper] [ethereum-connector] 	Error: Returned error: Transaction nonce is too distant from current sender nonce
2026.10.01-20:40:20.816 error [caliper] [ethereum-connector] 	Failed tx on registroDeBatches; calling method: registrarBatch; nonce: 0x576
2026.10.01-20:40:20.817 error [caliper] [ethereum-connector] 	Error: Returned error: Transaction nonce is too distant from current sender nonce
2026.10.01-20:40:20.838 error [caliper] [ethereum-connector] 	Failed tx on registroDeBatches; calling method: registrarBatch; nonce: 0x577
2026.10.01-20:40:20.838 error [caliper] [ethereum-connector] 	Error: Returned error: Transaction nonce is too distant from current sender nonce
2026.10.01-20:40:20.869 error [caliper] [ethereum-connector] 	Failed tx on registroDeBatches; calling method: registrarBatch; nonce: 0x578
2026.10.01-20:40:20.869 error [caliper] [ethereum-connector] 	Error: Returned error: Transaction nonce is too distant from current sender nonce
2026.10.01-20:40:20.889 error [caliper] [ethereum-connector] 	Failed tx on registroDeBatches; calling method: registrarBatch; nonce: 0x579
2026.10.01-20:40:20.889 error [caliper] [ethereum-connector] 	Error: Returned error: Transaction nonce is too distant from current sender nonce
2026.10.01-20:40:20.913 error [caliper] [ethereum-connector] 	Failed tx on registroDeBatches; calling method: registrarBatch; nonce: 0x57a
2026.10.01-20:40:20.913 error [caliper] [ethereum-connector] 	Error: Returned error: Transaction nonce is too distant from current sender nonce
2026.10.01-20:40:20.940 error [caliper] [ethereum-connector] 	Failed tx on registroDeBatches; calling method: registrarBatch; nonce: 0x57b
2026.10.01-20:40:20.940 error [caliper] [ethereum-connector] 	Error: Returned error: Transaction nonce is too distant from current sender nonce
2026.10.01-20:40:20.967 error [caliper] [ethereum-connector] 	Failed tx on registroDeBatches; calling method: registrarBatch; nonce: 0x57c
2026.10.01-20:40:20.967 error [caliper] [ethereum-connector] 	Error: Returned error: Transaction nonce is too distant from current sender nonce
2026.10.01-20:40:20.992 error [caliper] [ethereum-connector] 	Failed tx on registroDeBatches; calling method: registrarBatch; nonce: 0x57d
2026.10.01-20:40:20.992 error [caliper] [ethereum-connector] 	Error: Returned error: Transaction nonce is too distant from current sender nonce
2026.10.01-20:40:21.018 error [caliper] [ethereum-connector] 	Failed tx on registroDeBatches; calling method: registrarBatch; nonce: 0x57e
2026.10.01-20:40:21.018 error [caliper] [ethereum-connector] 	Error: Returned error: Transaction nonce is too distant from current sender nonce
2026.10.01-20:40:21.039 error [caliper] [ethereum-connector] 	Failed tx on registroDeBatches; calling method: registrarBatch; nonce: 0x57f
2026.10.01-20:40:21.039 error [caliper] [ethereum-connector] 	Error: Returned error: Transaction nonce is too distant from current sender nonce
2026.10.01-20:40:21.065 error [caliper] [ethereum-connector] 	Failed tx on registroDeBatches; calling method: registrarBatch; nonce: 0x580
2026.10.01-20:40:21.065 error [caliper] [ethereum-connector] 	Error: Returned error: Transaction nonce is too distant from current sender nonce
2026.10.01-20:40:21.100 error [caliper] [ethereum-connector] 	Failed tx on registroDeBatches; calling method: registrarBatch; nonce: 0x581
2026.10.01-20:40:21.100 error [caliper] [ethereum-connector] 	Error: Returned error: Transaction nonce is too distant from current sender nonce
2026.10.01-20:40:21.119 error [caliper] [ethereum-connector] 	Failed tx on registroDeBatches; calling method: registrarBatch; nonce: 0x582
2026.10.01-20:40:21.119 error [caliper] [ethereum-connector] 	Error: Returned error: Transaction nonce is too distant from current sender nonce
2026.10.01-20:40:21.142 error [caliper] [ethereum-connector] 	Failed tx on registroDeBatches; calling method: registrarBatch; nonce: 0x583
2026.10.01-20:40:21.142 error [caliper] [ethereum-connector] 	Error: Returned error: Transaction nonce is too distant from current sender nonce
2026.10.01-20:40:21.174 error [caliper] [ethereum-connector] 	Failed tx on registroDeBatches; calling method: registrarBatch; nonce: 0x584
2026.10.01-20:40:21.174 error [caliper] [ethereum-connector] 	Error: Returned error: Transaction nonce is too distant from current sender nonce
2026.10.01-20:40:21.194 error [caliper] [ethereum-connector] 	Failed tx on registroDeBatches; calling method: registrarBatch; nonce: 0x585
2026.10.01-20:40:21.194 error [caliper] [ethereum-connector] 	Error: Returned error: Transaction nonce is too distant from current sender nonce
2026.10.01-20:40:21.219 error [caliper] [ethereum-connector] 	Failed tx on registroDeBatches; calling method: registrarBatch; nonce: 0x586
2026.10.01-20:40:21.219 error [caliper] [ethereum-connector] 	Error: Returned error: Transaction nonce is too distant from current sender nonce
2026.10.01-20:40:21.243 error [caliper] [ethereum-connector] 	Failed tx on registroDeBatches; calling method: registrarBatch; nonce: 0x587
2026.10.01-20:40:21.243 error [caliper] [ethereum-connector] 	Error: Returned error: Transaction nonce is too distant from current sender nonce
2026.10.01-20:40:21.273 error [caliper] [ethereum-connector] 	Failed tx on registroDeBatches; calling method: registrarBatch; nonce: 0x588
2026.10.01-20:40:21.273 error [caliper] [ethereum-connector] 	Error: Returned error: Transaction nonce is too distant from current sender nonce
2026.10.01-20:40:21.289 error [caliper] [ethereum-connector] 	Failed tx on registroDeBatches; calling method: registrarBatch; nonce: 0x589
2026.10.01-20:40:21.290 error [caliper] [ethereum-connector] 	Error: Returned error: Transaction nonce is too distant from current sender nonce
2026.10.01-20:40:21.348 error [caliper] [ethereum-connector] 	Failed tx on registroDeBatches; calling method: registrarBatch; nonce: 0x58a
2026.10.01-20:40:21.348 error [caliper] [ethereum-connector] 	Error: Returned error: Transaction nonce is too distant from current sender nonce
2026.10.01-20:40:21.402 error [caliper] [ethereum-connector] 	Failed tx on registroDeBatches; calling method: registrarBatch; nonce: 0x58b
2026.10.01-20:40:21.402 error [caliper] [ethereum-connector] 	Error: Returned error: Transaction nonce is too distant from current sender nonce
2026.10.01-20:40:21.405 error [caliper] [ethereum-connector] 	Failed tx on registroDeBatches; calling method: registrarBatch; nonce: 0x58c
2026.10.01-20:40:21.405 error [caliper] [ethereum-connector] 	Error: Returned error: Transaction nonce is too distant from current sender nonce
2026.10.01-20:40:21.406 error [caliper] [ethereum-connector] 	Failed tx on registroDeBatches; calling method: registrarBatch; nonce: 0x58d
2026.10.01-20:40:21.406 error [caliper] [ethereum-connector] 	Error: Returned error: Transaction nonce is too distant from current sender nonce
2026.10.01-20:40:21.417 error [caliper] [ethereum-connector] 	Failed tx on registroDeBatches; calling method: registrarBatch; nonce: 0x58e
2026.10.01-20:40:21.417 error [caliper] [ethereum-connector] 	Error: Returned error: Transaction nonce is too distant from current sender nonce
2026.10.01-20:40:21.439 error [caliper] [ethereum-connector] 	Failed tx on registroDeBatches; calling method: registrarBatch; nonce: 0x58f
2026.10.01-20:40:21.439 error [caliper] [ethereum-connector] 	Error: Returned error: Transaction nonce is too distant from current sender nonce
2026.10.01-20:40:21.466 error [caliper] [ethereum-connector] 	Failed tx on registroDeBatches; calling method: registrarBatch; nonce: 0x590
2026.10.01-20:40:21.466 error [caliper] [ethereum-connector] 	Error: Returned error: Transaction nonce is too distant from current sender nonce
2026.10.01-20:40:21.490 error [caliper] [ethereum-connector] 	Failed tx on registroDeBatches; calling method: registrarBatch; nonce: 0x591
2026.10.01-20:40:21.491 error [caliper] [ethereum-connector] 	Error: Returned error: Transaction nonce is too distant from current sender nonce
2026.10.01-20:40:21.516 error [caliper] [ethereum-connector] 	Failed tx on registroDeBatches; calling method: registrarBatch; nonce: 0x592
2026.10.01-20:40:21.516 error [caliper] [ethereum-connector] 	Error: Returned error: Transaction nonce is too distant from current sender nonce
2026.10.01-20:40:21.541 error [caliper] [ethereum-connector] 	Failed tx on registroDeBatches; calling method: registrarBatch; nonce: 0x593
2026.10.01-20:40:21.541 error [caliper] [ethereum-connector] 	Error: Returned error: Transaction nonce is too distant from current sender nonce
2026.10.01-20:40:21.565 error [caliper] [ethereum-connector] 	Failed tx on registroDeBatches; calling method: registrarBatch; nonce: 0x594
2026.10.01-20:40:21.565 error [caliper] [ethereum-connector] 	Error: Returned error: Transaction nonce is too distant from current sender nonce
2026.10.01-20:40:21.590 error [caliper] [ethereum-connector] 	Failed tx on registroDeBatches; calling method: registrarBatch; nonce: 0x595
2026.10.01-20:40:21.590 error [caliper] [ethereum-connector] 	Error: Returned error: Transaction nonce is too distant from current sender nonce
2026.10.01-20:40:21.617 error [caliper] [ethereum-connector] 	Failed tx on registroDeBatches; calling method: registrarBatch; nonce: 0x596
2026.10.01-20:40:21.617 error [caliper] [ethereum-connector] 	Error: Returned error: Transaction nonce is too distant from current sender nonce
2026.10.01-20:40:21.639 error [caliper] [ethereum-connector] 	Failed tx on registroDeBatches; calling method: registrarBatch; nonce: 0x597
2026.10.01-20:40:21.639 error [caliper] [ethereum-connector] 	Error: Returned error: Transaction nonce is too distant from current sender nonce
2026.10.01-20:40:21.664 error [caliper] [ethereum-connector] 	Failed tx on registroDeBatches; calling method: registrarBatch; nonce: 0x598
2026.10.01-20:40:21.664 error [caliper] [ethereum-connector] 	Error: Returned error: Transaction nonce is too distant from current sender nonce
2026.10.01-20:40:21.689 error [caliper] [ethereum-connector] 	Failed tx on registroDeBatches; calling method: registrarBatch; nonce: 0x599
2026.10.01-20:40:21.689 error [caliper] [ethereum-connector] 	Error: Returned error: Transaction nonce is too distant from current sender nonce
2026.10.01-20:40:21.715 error [caliper] [ethereum-connector] 	Failed tx on registroDeBatches; calling method: registrarBatch; nonce: 0x59a
2026.10.01-20:40:21.715 error [caliper] [ethereum-connector] 	Error: Returned error: Transaction nonce is too distant from current sender nonce
2026.10.01-20:40:21.739 error [caliper] [ethereum-connector] 	Failed tx on registroDeBatches; calling method: registrarBatch; nonce: 0x59b
2026.10.01-20:40:21.739 error [caliper] [ethereum-connector] 	Error: Returned error: Transaction nonce is too distant from current sender nonce
2026.10.01-20:40:21.765 error [caliper] [ethereum-connector] 	Failed tx on registroDeBatches; calling method: registrarBatch; nonce: 0x59c
2026.10.01-20:40:21.765 error [caliper] [ethereum-connector] 	Error: Returned error: Transaction nonce is too distant from current sender nonce
2026.10.01-20:40:21.788 error [caliper] [ethereum-connector] 	Failed tx on registroDeBatches; calling method: registrarBatch; nonce: 0x59d
2026.10.01-20:40:21.789 error [caliper] [ethereum-connector] 	Error: Returned error: Transaction nonce is too distant from current sender nonce
2026.10.01-20:40:21.813 error [caliper] [ethereum-connector] 	Failed tx on registroDeBatches; calling method: registrarBatch; nonce: 0x59e
2026.10.01-20:40:21.813 error [caliper] [ethereum-connector] 	Error: Returned error: Transaction nonce is too distant from current sender nonce
2026.10.01-20:40:21.841 error [caliper] [ethereum-connector] 	Failed tx on registroDeBatches; calling method: registrarBatch; nonce: 0x59f
2026.10.01-20:40:21.841 error [caliper] [ethereum-connector] 	Error: Returned error: Transaction nonce is too distant from current sender nonce
2026.10.01-20:40:21.865 error [caliper] [ethereum-connector] 	Failed tx on registroDeBatches; calling method: registrarBatch; nonce: 0x5a0
2026.10.01-20:40:21.865 error [caliper] [ethereum-connector] 	Error: Returned error: Transaction nonce is too distant from current sender nonce
2026.10.01-20:40:21.890 error [caliper] [ethereum-connector] 	Failed tx on registroDeBatches; calling method: registrarBatch; nonce: 0x5a1
2026.10.01-20:40:21.890 error [caliper] [ethereum-connector] 	Error: Returned error: Transaction nonce is too distant from current sender nonce
2026.10.01-20:40:21.913 error [caliper] [ethereum-connector] 	Failed tx on registroDeBatches; calling method: registrarBatch; nonce: 0x5a2
2026.10.01-20:40:21.913 error [caliper] [ethereum-connector] 	Error: Returned error: Transaction nonce is too distant from current sender nonce
2026.10.01-20:40:21.940 error [caliper] [ethereum-connector] 	Failed tx on registroDeBatches; calling method: registrarBatch; nonce: 0x5a3
2026.10.01-20:40:21.940 error [caliper] [ethereum-connector] 	Error: Returned error: Transaction nonce is too distant from current sender nonce
2026.10.01-20:40:21.964 error [caliper] [ethereum-connector] 	Failed tx on registroDeBatches; calling method: registrarBatch; nonce: 0x5a4
2026.10.01-20:40:21.964 error [caliper] [ethereum-connector] 	Error: Returned error: Transaction nonce is too distant from current sender nonce
2026.10.01-20:40:21.989 error [caliper] [ethereum-connector] 	Failed tx on registroDeBatches; calling method: registrarBatch; nonce: 0x5a5
2026.10.01-20:40:21.989 error [caliper] [ethereum-connector] 	Error: Returned error: Transaction nonce is too distant from current sender nonce
2026.10.01-20:40:22.016 error [caliper] [ethereum-connector] 	Failed tx on registroDeBatches; calling method: registrarBatch; nonce: 0x5a6
2026.10.01-20:40:22.016 error [caliper] [ethereum-connector] 	Error: Returned error: Transaction nonce is too distant from current sender nonce
2026.10.01-20:40:22.041 error [caliper] [ethereum-connector] 	Failed tx on registroDeBatches; calling method: registrarBatch; nonce: 0x5a7
2026.10.01-20:40:22.041 error [caliper] [ethereum-connector] 	Error: Returned error: Transaction nonce is too distant from current sender nonce
2026.10.01-20:40:22.066 error [caliper] [ethereum-connector] 	Failed tx on registroDeBatches; calling method: registrarBatch; nonce: 0x5a8
2026.10.01-20:40:22.066 error [caliper] [ethereum-connector] 	Error: Returned error: Transaction nonce is too distant from current sender nonce
2026.10.01-20:40:22.091 error [caliper] [ethereum-connector] 	Failed tx on registroDeBatches; calling method: registrarBatch; nonce: 0x5a9
2026.10.01-20:40:22.091 error [caliper] [ethereum-connector] 	Error: Returned error: Transaction nonce is too distant from current sender nonce
2026.10.01-20:40:22.116 error [caliper] [ethereum-connector] 	Failed tx on registroDeBatches; calling method: registrarBatch; nonce: 0x5aa
2026.10.01-20:40:22.116 error [caliper] [ethereum-connector] 	Error: Returned error: Transaction nonce is too distant from current sender nonce
2026.10.01-20:40:22.138 error [caliper] [ethereum-connector] 	Failed tx on registroDeBatches; calling method: registrarBatch; nonce: 0x5ab
2026.10.01-20:40:22.138 error [caliper] [ethereum-connector] 	Error: Returned error: Transaction nonce is too distant from current sender nonce
2026.10.01-20:40:22.164 error [caliper] [ethereum-connector] 	Failed tx on registroDeBatches; calling method: registrarBatch; nonce: 0x5ac
2026.10.01-20:40:22.164 error [caliper] [ethereum-connector] 	Error: Returned error: Transaction nonce is too distant from current sender nonce
2026.10.01-20:40:22.190 error [caliper] [ethereum-connector] 	Failed tx on registroDeBatches; calling method: registrarBatch; nonce: 0x5ad
2026.10.01-20:40:22.190 error [caliper] [ethereum-connector] 	Error: Returned error: Transaction nonce is too distant from current sender nonce
2026.10.01-20:40:22.214 error [caliper] [ethereum-connector] 	Failed tx on registroDeBatches; calling method: registrarBatch; nonce: 0x5ae
2026.10.01-20:40:22.214 error [caliper] [ethereum-connector] 	Error: Returned error: Transaction nonce is too distant from current sender nonce
2026.10.01-20:40:22.239 error [caliper] [ethereum-connector] 	Failed tx on registroDeBatches; calling method: registrarBatch; nonce: 0x5af
2026.10.01-20:40:22.239 error [caliper] [ethereum-connector] 	Error: Returned error: Transaction nonce is too distant from current sender nonce
2026.10.01-20:40:22.266 error [caliper] [ethereum-connector] 	Failed tx on registroDeBatches; calling method: registrarBatch; nonce: 0x5b0
2026.10.01-20:40:22.266 error [caliper] [ethereum-connector] 	Error: Returned error: Transaction nonce is too distant from current sender nonce
2026.10.01-20:40:22.297 error [caliper] [ethereum-connector] 	Failed tx on registroDeBatches; calling method: registrarBatch; nonce: 0x5b1
2026.10.01-20:40:22.297 error [caliper] [ethereum-connector] 	Error: Returned error: Transaction nonce is too distant from current sender nonce
2026.10.01-20:40:22.316 error [caliper] [ethereum-connector] 	Failed tx on registroDeBatches; calling method: registrarBatch; nonce: 0x5b2
2026.10.01-20:40:22.316 error [caliper] [ethereum-connector] 	Error: Returned error: Transaction nonce is too distant from current sender nonce
2026.10.01-20:40:22.340 error [caliper] [ethereum-connector] 	Failed tx on registroDeBatches; calling method: registrarBatch; nonce: 0x5b3
2026.10.01-20:40:22.340 error [caliper] [ethereum-connector] 	Error: Returned error: Transaction nonce is too distant from current sender nonce
2026.10.01-20:40:22.365 error [caliper] [ethereum-connector] 	Failed tx on registroDeBatches; calling method: registrarBatch; nonce: 0x5b4
2026.10.01-20:40:22.365 error [caliper] [ethereum-connector] 	Error: Returned error: Transaction nonce is too distant from current sender nonce
2026.10.01-20:40:22.390 error [caliper] [ethereum-connector] 	Failed tx on registroDeBatches; calling method: registrarBatch; nonce: 0x5b5
2026.10.01-20:40:22.390 error [caliper] [ethereum-connector] 	Error: Returned error: Transaction nonce is too distant from current sender nonce
2026.10.01-20:40:22.431 error [caliper] [ethereum-connector] 	Failed tx on registroDeBatches; calling method: registrarBatch; nonce: 0x5b6
2026.10.01-20:40:22.431 error [caliper] [ethereum-connector] 	Error: Returned error: Transaction nonce is too distant from current sender nonce
2026.10.01-20:40:22.440 error [caliper] [ethereum-connector] 	Failed tx on registroDeBatches; calling method: registrarBatch; nonce: 0x5b7
2026.10.01-20:40:22.440 error [caliper] [ethereum-connector] 	Error: Returned error: Transaction nonce is too distant from current sender nonce
2026.10.01-20:40:22.465 error [caliper] [ethereum-connector] 	Failed tx on registroDeBatches; calling method: registrarBatch; nonce: 0x5b8
2026.10.01-20:40:22.465 error [caliper] [ethereum-connector] 	Error: Returned error: Transaction nonce is too distant from current sender nonce
2026.10.01-20:40:22.490 error [caliper] [ethereum-connector] 	Failed tx on registroDeBatches; calling method: registrarBatch; nonce: 0x5b9
2026.10.01-20:40:22.490 error [caliper] [ethereum-connector] 	Error: Returned error: Transaction nonce is too distant from current sender nonce
2026.10.01-20:40:22.515 error [caliper] [ethereum-connector] 	Failed tx on registroDeBatches; calling method: registrarBatch; nonce: 0x5ba
2026.10.01-20:40:22.515 error [caliper] [ethereum-connector] 	Error: Returned error: Transaction nonce is too distant from current sender nonce
2026.10.01-20:40:22.540 error [caliper] [ethereum-connector] 	Failed tx on registroDeBatches; calling method: registrarBatch; nonce: 0x5bb
2026.10.01-20:40:22.540 error [caliper] [ethereum-connector] 	Error: Returned error: Transaction nonce is too distant from current sender nonce
2026.10.01-20:40:22.565 error [caliper] [ethereum-connector] 	Failed tx on registroDeBatches; calling method: registrarBatch; nonce: 0x5bc
2026.10.01-20:40:22.566 error [caliper] [ethereum-connector] 	Error: Returned error: Transaction nonce is too distant from current sender nonce
2026.10.01-20:40:22.591 error [caliper] [ethereum-connector] 	Failed tx on registroDeBatches; calling method: registrarBatch; nonce: 0x5bd
2026.10.01-20:40:22.591 error [caliper] [ethereum-connector] 	Error: Returned error: Transaction nonce is too distant from current sender nonce
2026.10.01-20:40:22.615 error [caliper] [ethereum-connector] 	Failed tx on registroDeBatches; calling method: registrarBatch; nonce: 0x5be
2026.10.01-20:40:22.615 error [caliper] [ethereum-connector] 	Error: Returned error: Transaction nonce is too distant from current sender nonce
2026.10.01-20:40:22.640 error [caliper] [ethereum-connector] 	Failed tx on registroDeBatches; calling method: registrarBatch; nonce: 0x5bf
2026.10.01-20:40:22.640 error [caliper] [ethereum-connector] 	Error: Returned error: Transaction nonce is too distant from current sender nonce
2026.10.01-20:40:22.664 error [caliper] [ethereum-connector] 	Failed tx on registroDeBatches; calling method: registrarBatch; nonce: 0x5c0
2026.10.01-20:40:22.665 error [caliper] [ethereum-connector] 	Error: Returned error: Transaction nonce is too distant from current sender nonce
2026.10.01-20:40:22.691 error [caliper] [ethereum-connector] 	Failed tx on registroDeBatches; calling method: registrarBatch; nonce: 0x5c1
2026.10.01-20:40:22.691 error [caliper] [ethereum-connector] 	Error: Returned error: Transaction nonce is too distant from current sender nonce
2026.10.01-20:40:22.715 error [caliper] [ethereum-connector] 	Failed tx on registroDeBatches; calling method: registrarBatch; nonce: 0x5c2
2026.10.01-20:40:22.715 error [caliper] [ethereum-connector] 	Error: Returned error: Transaction nonce is too distant from current sender nonce
2026.10.01-20:40:22.741 error [caliper] [ethereum-connector] 	Failed tx on registroDeBatches; calling method: registrarBatch; nonce: 0x5c3
2026.10.01-20:40:22.741 error [caliper] [ethereum-connector] 	Error: Returned error: Transaction nonce is too distant from current sender nonce
2026.10.01-20:40:22.765 error [caliper] [ethereum-connector] 	Failed tx on registroDeBatches; calling method: registrarBatch; nonce: 0x5c4
2026.10.01-20:40:22.766 error [caliper] [ethereum-connector] 	Error: Returned error: Transaction nonce is too distant from current sender nonce
2026.10.01-20:40:22.790 error [caliper] [ethereum-connector] 	Failed tx on registroDeBatches; calling method: registrarBatch; nonce: 0x5c5
2026.10.01-20:40:22.790 error [caliper] [ethereum-connector] 	Error: Returned error: Transaction nonce is too distant from current sender nonce
2026.10.01-20:40:22.813 error [caliper] [ethereum-connector] 	Failed tx on registroDeBatches; calling method: registrarBatch; nonce: 0x5c6
2026.10.01-20:40:22.814 error [caliper] [ethereum-connector] 	Error: Returned error: Transaction nonce is too distant from current sender nonce
2026.10.01-20:40:22.842 error [caliper] [ethereum-connector] 	Failed tx on registroDeBatches; calling method: registrarBatch; nonce: 0x5c7
2026.10.01-20:40:22.842 error [caliper] [ethereum-connector] 	Error: Returned error: Transaction nonce is too distant from current sender nonce
2026.10.01-20:40:22.864 error [caliper] [ethereum-connector] 	Failed tx on registroDeBatches; calling method: registrarBatch; nonce: 0x5c8
2026.10.01-20:40:22.864 error [caliper] [ethereum-connector] 	Error: Returned error: Transaction nonce is too distant from current sender nonce
2026.10.01-20:40:22.891 error [caliper] [ethereum-connector] 	Failed tx on registroDeBatches; calling method: registrarBatch; nonce: 0x5c9
2026.10.01-20:40:22.891 error [caliper] [ethereum-connector] 	Error: Returned error: Transaction nonce is too distant from current sender nonce
2026.10.01-20:40:22.916 error [caliper] [ethereum-connector] 	Failed tx on registroDeBatches; calling method: registrarBatch; nonce: 0x5ca
2026.10.01-20:40:22.917 error [caliper] [ethereum-connector] 	Error: Returned error: Transaction nonce is too distant from current sender nonce
2026.10.01-20:40:22.940 error [caliper] [ethereum-connector] 	Failed tx on registroDeBatches; calling method: registrarBatch; nonce: 0x5cb
2026.10.01-20:40:22.940 error [caliper] [ethereum-connector] 	Error: Returned error: Transaction nonce is too distant from current sender nonce
2026.10.01-20:40:22.965 error [caliper] [ethereum-connector] 	Failed tx on registroDeBatches; calling method: registrarBatch; nonce: 0x5cc
2026.10.01-20:40:22.965 error [caliper] [ethereum-connector] 	Error: Returned error: Transaction nonce is too distant from current sender nonce
2026.10.01-20:40:22.990 error [caliper] [ethereum-connector] 	Failed tx on registroDeBatches; calling method: registrarBatch; nonce: 0x5cd
2026.10.01-20:40:22.990 error [caliper] [ethereum-connector] 	Error: Returned error: Transaction nonce is too distant from current sender nonce
2026.10.01-20:40:23.016 error [caliper] [ethereum-connector] 	Failed tx on registroDeBatches; calling method: registrarBatch; nonce: 0x5ce
2026.10.01-20:40:23.017 error [caliper] [ethereum-connector] 	Error: Returned error: Transaction nonce is too distant from current sender nonce
2026.10.01-20:40:23.041 error [caliper] [ethereum-connector] 	Failed tx on registroDeBatches; calling method: registrarBatch; nonce: 0x5cf
2026.10.01-20:40:23.041 error [caliper] [ethereum-connector] 	Error: Returned error: Transaction nonce is too distant from current sender nonce
2026.10.01-20:40:23.075 error [caliper] [ethereum-connector] 	Failed tx on registroDeBatches; calling method: registrarBatch; nonce: 0x5d0
2026.10.01-20:40:23.075 error [caliper] [ethereum-connector] 	Error: Returned error: Transaction nonce is too distant from current sender nonce
2026.10.01-20:40:23.091 error [caliper] [ethereum-connector] 	Failed tx on registroDeBatches; calling method: registrarBatch; nonce: 0x5d1
2026.10.01-20:40:23.092 error [caliper] [ethereum-connector] 	Error: Returned error: Transaction nonce is too distant from current sender nonce
2026.10.01-20:40:23.120 error [caliper] [ethereum-connector] 	Failed tx on registroDeBatches; calling method: registrarBatch; nonce: 0x5d2
2026.10.01-20:40:23.120 error [caliper] [ethereum-connector] 	Error: Returned error: Transaction nonce is too distant from current sender nonce
2026.10.01-20:40:23.142 error [caliper] [ethereum-connector] 	Failed tx on registroDeBatches; calling method: registrarBatch; nonce: 0x5d3
2026.10.01-20:40:23.142 error [caliper] [ethereum-connector] 	Error: Returned error: Transaction nonce is too distant from current sender nonce
2026.10.01-20:40:23.172 error [caliper] [ethereum-connector] 	Failed tx on registroDeBatches; calling method: registrarBatch; nonce: 0x5d4
2026.10.01-20:40:23.173 error [caliper] [ethereum-connector] 	Error: Returned error: Transaction nonce is too distant from current sender nonce
2026.10.01-20:40:23.196 error [caliper] [ethereum-connector] 	Failed tx on registroDeBatches; calling method: registrarBatch; nonce: 0x5d5
2026.10.01-20:40:23.196 error [caliper] [ethereum-connector] 	Error: Returned error: Transaction nonce is too distant from current sender nonce
2026.10.01-20:40:23.215 error [caliper] [ethereum-connector] 	Failed tx on registroDeBatches; calling method: registrarBatch; nonce: 0x5d6
2026.10.01-20:40:23.216 error [caliper] [ethereum-connector] 	Error: Returned error: Transaction nonce is too distant from current sender nonce
2026.10.01-20:40:23.277 error [caliper] [ethereum-connector] 	Failed tx on registroDeBatches; calling method: registrarBatch; nonce: 0x5d7
2026.10.01-20:40:23.277 error [caliper] [ethereum-connector] 	Error: Returned error: Transaction nonce is too distant from current sender nonce
2026.10.01-20:40:23.289 error [caliper] [ethereum-connector] 	Failed tx on registroDeBatches; calling method: registrarBatch; nonce: 0x5d8
2026.10.01-20:40:23.290 error [caliper] [ethereum-connector] 	Error: Returned error: Transaction nonce is too distant from current sender nonce
2026.10.01-20:40:23.291 error [caliper] [ethereum-connector] 	Failed tx on registroDeBatches; calling method: registrarBatch; nonce: 0x5d9
2026.10.01-20:40:23.292 error [caliper] [ethereum-connector] 	Error: Returned error: Transaction nonce is too distant from current sender nonce
2026.10.01-20:40:23.315 error [caliper] [ethereum-connector] 	Failed tx on registroDeBatches; calling method: registrarBatch; nonce: 0x5da
2026.10.01-20:40:23.315 error [caliper] [ethereum-connector] 	Error: Returned error: Transaction nonce is too distant from current sender nonce
2026.10.01-20:40:23.341 error [caliper] [ethereum-connector] 	Failed tx on registroDeBatches; calling method: registrarBatch; nonce: 0x5db
2026.10.01-20:40:23.341 error [caliper] [ethereum-connector] 	Error: Returned error: Transaction nonce is too distant from current sender nonce
2026.10.01-20:40:23.366 error [caliper] [ethereum-connector] 	Failed tx on registroDeBatches; calling method: registrarBatch; nonce: 0x5dc
2026.10.01-20:40:23.366 error [caliper] [ethereum-connector] 	Error: Returned error: Transaction nonce is too distant from current sender nonce
2026.10.01-20:40:23.390 error [caliper] [ethereum-connector] 	Failed tx on registroDeBatches; calling method: registrarBatch; nonce: 0x5dd
2026.10.01-20:40:23.390 error [caliper] [ethereum-connector] 	Error: Returned error: Transaction nonce is too distant from current sender nonce
2026.10.01-20:40:23.413 error [caliper] [ethereum-connector] 	Failed tx on registroDeBatches; calling method: registrarBatch; nonce: 0x5de
2026.10.01-20:40:23.413 error [caliper] [ethereum-connector] 	Error: Returned error: Transaction nonce is too distant from current sender nonce
2026.10.01-20:40:23.429 info  [caliper] [default-observer] 	[tps-40 Round 2 Transaction Info] - Submitted: 561 Succ: 215 Fail:241 Unfinished:105
2026.10.01-20:40:23.441 error [caliper] [ethereum-connector] 	Failed tx on registroDeBatches; calling method: registrarBatch; nonce: 0x5df
2026.10.01-20:40:23.441 error [caliper] [ethereum-connector] 	Error: Returned error: Transaction nonce is too distant from current sender nonce
2026.10.01-20:40:23.465 error [caliper] [ethereum-connector] 	Failed tx on registroDeBatches; calling method: registrarBatch; nonce: 0x5e0
2026.10.01-20:40:23.465 error [caliper] [ethereum-connector] 	Error: Returned error: Transaction nonce is too distant from current sender nonce
2026.10.01-20:40:23.489 error [caliper] [ethereum-connector] 	Failed tx on registroDeBatches; calling method: registrarBatch; nonce: 0x5e1
2026.10.01-20:40:23.490 error [caliper] [ethereum-connector] 	Error: Returned error: Transaction nonce is too distant from current sender nonce
2026.10.01-20:40:23.515 error [caliper] [ethereum-connector] 	Failed tx on registroDeBatches; calling method: registrarBatch; nonce: 0x5e2
2026.10.01-20:40:23.515 error [caliper] [ethereum-connector] 	Error: Returned error: Transaction nonce is too distant from current sender nonce
2026.10.01-20:40:23.540 error [caliper] [ethereum-connector] 	Failed tx on registroDeBatches; calling method: registrarBatch; nonce: 0x5e3
2026.10.01-20:40:23.540 error [caliper] [ethereum-connector] 	Error: Returned error: Transaction nonce is too distant from current sender nonce
2026.10.01-20:40:23.565 error [caliper] [ethereum-connector] 	Failed tx on registroDeBatches; calling method: registrarBatch; nonce: 0x5e4
2026.10.01-20:40:23.565 error [caliper] [ethereum-connector] 	Error: Returned error: Transaction nonce is too distant from current sender nonce
2026.10.01-20:40:23.588 error [caliper] [ethereum-connector] 	Failed tx on registroDeBatches; calling method: registrarBatch; nonce: 0x5e5
2026.10.01-20:40:23.589 error [caliper] [ethereum-connector] 	Error: Returned error: Transaction nonce is too distant from current sender nonce
2026.10.01-20:40:23.616 error [caliper] [ethereum-connector] 	Failed tx on registroDeBatches; calling method: registrarBatch; nonce: 0x5e6
2026.10.01-20:40:23.616 error [caliper] [ethereum-connector] 	Error: Returned error: Transaction nonce is too distant from current sender nonce
2026.10.01-20:40:23.641 error [caliper] [ethereum-connector] 	Failed tx on registroDeBatches; calling method: registrarBatch; nonce: 0x5e7
2026.10.01-20:40:23.641 error [caliper] [ethereum-connector] 	Error: Returned error: Transaction nonce is too distant from current sender nonce
2026.10.01-20:40:23.667 error [caliper] [ethereum-connector] 	Failed tx on registroDeBatches; calling method: registrarBatch; nonce: 0x5e8
2026.10.01-20:40:23.667 error [caliper] [ethereum-connector] 	Error: Returned error: Transaction nonce is too distant from current sender nonce
2026.10.01-20:40:23.688 error [caliper] [ethereum-connector] 	Failed tx on registroDeBatches; calling method: registrarBatch; nonce: 0x5e9
2026.10.01-20:40:23.688 error [caliper] [ethereum-connector] 	Error: Returned error: Transaction nonce is too distant from current sender nonce
2026.10.01-20:40:23.714 error [caliper] [ethereum-connector] 	Failed tx on registroDeBatches; calling method: registrarBatch; nonce: 0x5ea
2026.10.01-20:40:23.714 error [caliper] [ethereum-connector] 	Error: Returned error: Transaction nonce is too distant from current sender nonce
2026.10.01-20:40:23.739 error [caliper] [ethereum-connector] 	Failed tx on registroDeBatches; calling method: registrarBatch; nonce: 0x5eb
2026.10.01-20:40:23.739 error [caliper] [ethereum-connector] 	Error: Returned error: Transaction nonce is too distant from current sender nonce
2026.10.01-20:40:23.765 error [caliper] [ethereum-connector] 	Failed tx on registroDeBatches; calling method: registrarBatch; nonce: 0x5ec
2026.10.01-20:40:23.765 error [caliper] [ethereum-connector] 	Error: Returned error: Transaction nonce is too distant from current sender nonce
2026.10.01-20:40:23.789 error [caliper] [ethereum-connector] 	Failed tx on registroDeBatches; calling method: registrarBatch; nonce: 0x5ed
2026.10.01-20:40:23.790 error [caliper] [ethereum-connector] 	Error: Returned error: Transaction nonce is too distant from current sender nonce
2026.10.01-20:40:23.814 error [caliper] [ethereum-connector] 	Failed tx on registroDeBatches; calling method: registrarBatch; nonce: 0x5ee
2026.10.01-20:40:23.814 error [caliper] [ethereum-connector] 	Error: Returned error: Transaction nonce is too distant from current sender nonce
2026.10.01-20:40:23.839 error [caliper] [ethereum-connector] 	Failed tx on registroDeBatches; calling method: registrarBatch; nonce: 0x5ef
2026.10.01-20:40:23.839 error [caliper] [ethereum-connector] 	Error: Returned error: Transaction nonce is too distant from current sender nonce
2026.10.01-20:40:23.865 error [caliper] [ethereum-connector] 	Failed tx on registroDeBatches; calling method: registrarBatch; nonce: 0x5f0
2026.10.01-20:40:23.865 error [caliper] [ethereum-connector] 	Error: Returned error: Transaction nonce is too distant from current sender nonce
2026.10.01-20:40:23.890 error [caliper] [ethereum-connector] 	Failed tx on registroDeBatches; calling method: registrarBatch; nonce: 0x5f1
2026.10.01-20:40:23.890 error [caliper] [ethereum-connector] 	Error: Returned error: Transaction nonce is too distant from current sender nonce
2026.10.01-20:40:23.914 error [caliper] [ethereum-connector] 	Failed tx on registroDeBatches; calling method: registrarBatch; nonce: 0x5f2
2026.10.01-20:40:23.914 error [caliper] [ethereum-connector] 	Error: Returned error: Transaction nonce is too distant from current sender nonce
2026.10.01-20:40:23.940 error [caliper] [ethereum-connector] 	Failed tx on registroDeBatches; calling method: registrarBatch; nonce: 0x5f3
2026.10.01-20:40:23.940 error [caliper] [ethereum-connector] 	Error: Returned error: Transaction nonce is too distant from current sender nonce
2026.10.01-20:40:23.965 error [caliper] [ethereum-connector] 	Failed tx on registroDeBatches; calling method: registrarBatch; nonce: 0x5f4
2026.10.01-20:40:23.965 error [caliper] [ethereum-connector] 	Error: Returned error: Transaction nonce is too distant from current sender nonce
2026.10.01-20:40:23.989 error [caliper] [ethereum-connector] 	Failed tx on registroDeBatches; calling method: registrarBatch; nonce: 0x5f5
2026.10.01-20:40:23.989 error [caliper] [ethereum-connector] 	Error: Returned error: Transaction nonce is too distant from current sender nonce
2026.10.01-20:40:24.015 error [caliper] [ethereum-connector] 	Failed tx on registroDeBatches; calling method: registrarBatch; nonce: 0x5f6
2026.10.01-20:40:24.015 error [caliper] [ethereum-connector] 	Error: Returned error: Transaction nonce is too distant from current sender nonce
2026.10.01-20:40:24.040 error [caliper] [ethereum-connector] 	Failed tx on registroDeBatches; calling method: registrarBatch; nonce: 0x5f7
2026.10.01-20:40:24.040 error [caliper] [ethereum-connector] 	Error: Returned error: Transaction nonce is too distant from current sender nonce
2026.10.01-20:40:24.065 error [caliper] [ethereum-connector] 	Failed tx on registroDeBatches; calling method: registrarBatch; nonce: 0x5f8
2026.10.01-20:40:24.065 error [caliper] [ethereum-connector] 	Error: Returned error: Transaction nonce is too distant from current sender nonce
2026.10.01-20:40:24.090 error [caliper] [ethereum-connector] 	Failed tx on registroDeBatches; calling method: registrarBatch; nonce: 0x5f9
2026.10.01-20:40:24.090 error [caliper] [ethereum-connector] 	Error: Returned error: Transaction nonce is too distant from current sender nonce
2026.10.01-20:40:24.115 error [caliper] [ethereum-connector] 	Failed tx on registroDeBatches; calling method: registrarBatch; nonce: 0x5fa
2026.10.01-20:40:24.115 error [caliper] [ethereum-connector] 	Error: Returned error: Transaction nonce is too distant from current sender nonce
2026.10.01-20:40:24.141 error [caliper] [ethereum-connector] 	Failed tx on registroDeBatches; calling method: registrarBatch; nonce: 0x5fb
2026.10.01-20:40:24.141 error [caliper] [ethereum-connector] 	Error: Returned error: Transaction nonce is too distant from current sender nonce
2026.10.01-20:40:24.166 error [caliper] [ethereum-connector] 	Failed tx on registroDeBatches; calling method: registrarBatch; nonce: 0x5fc
2026.10.01-20:40:24.166 error [caliper] [ethereum-connector] 	Error: Returned error: Transaction nonce is too distant from current sender nonce
2026.10.01-20:40:24.190 error [caliper] [ethereum-connector] 	Failed tx on registroDeBatches; calling method: registrarBatch; nonce: 0x5fd
2026.10.01-20:40:24.190 error [caliper] [ethereum-connector] 	Error: Returned error: Transaction nonce is too distant from current sender nonce
2026.10.01-20:40:24.214 error [caliper] [ethereum-connector] 	Failed tx on registroDeBatches; calling method: registrarBatch; nonce: 0x5fe
2026.10.01-20:40:24.215 error [caliper] [ethereum-connector] 	Error: Returned error: Transaction nonce is too distant from current sender nonce
2026.10.01-20:40:24.242 error [caliper] [ethereum-connector] 	Failed tx on registroDeBatches; calling method: registrarBatch; nonce: 0x5ff
2026.10.01-20:40:24.242 error [caliper] [ethereum-connector] 	Error: Returned error: Transaction nonce is too distant from current sender nonce
2026.10.01-20:40:24.266 error [caliper] [ethereum-connector] 	Failed tx on registroDeBatches; calling method: registrarBatch; nonce: 0x600
2026.10.01-20:40:24.266 error [caliper] [ethereum-connector] 	Error: Returned error: Transaction nonce is too distant from current sender nonce
2026.10.01-20:40:24.292 error [caliper] [ethereum-connector] 	Failed tx on registroDeBatches; calling method: registrarBatch; nonce: 0x601
2026.10.01-20:40:24.292 error [caliper] [ethereum-connector] 	Error: Returned error: Transaction nonce is too distant from current sender nonce
2026.10.01-20:40:24.315 error [caliper] [ethereum-connector] 	Failed tx on registroDeBatches; calling method: registrarBatch; nonce: 0x602
2026.10.01-20:40:24.315 error [caliper] [ethereum-connector] 	Error: Returned error: Transaction nonce is too distant from current sender nonce
2026.10.01-20:40:24.340 error [caliper] [ethereum-connector] 	Failed tx on registroDeBatches; calling method: registrarBatch; nonce: 0x603
2026.10.01-20:40:24.340 error [caliper] [ethereum-connector] 	Error: Returned error: Transaction nonce is too distant from current sender nonce
2026.10.01-20:40:24.364 error [caliper] [ethereum-connector] 	Failed tx on registroDeBatches; calling method: registrarBatch; nonce: 0x604
2026.10.01-20:40:24.364 error [caliper] [ethereum-connector] 	Error: Returned error: Transaction nonce is too distant from current sender nonce
2026.10.01-20:40:24.390 error [caliper] [ethereum-connector] 	Failed tx on registroDeBatches; calling method: registrarBatch; nonce: 0x605
2026.10.01-20:40:24.391 error [caliper] [ethereum-connector] 	Error: Returned error: Transaction nonce is too distant from current sender nonce
2026.10.01-20:40:24.415 error [caliper] [ethereum-connector] 	Failed tx on registroDeBatches; calling method: registrarBatch; nonce: 0x606
2026.10.01-20:40:24.415 error [caliper] [ethereum-connector] 	Error: Returned error: Transaction nonce is too distant from current sender nonce
2026.10.01-20:40:24.441 error [caliper] [ethereum-connector] 	Failed tx on registroDeBatches; calling method: registrarBatch; nonce: 0x607
2026.10.01-20:40:24.441 error [caliper] [ethereum-connector] 	Error: Returned error: Transaction nonce is too distant from current sender nonce
2026.10.01-20:40:24.465 error [caliper] [ethereum-connector] 	Failed tx on registroDeBatches; calling method: registrarBatch; nonce: 0x608
2026.10.01-20:40:24.465 error [caliper] [ethereum-connector] 	Error: Returned error: Transaction nonce is too distant from current sender nonce
2026.10.01-20:40:24.490 error [caliper] [ethereum-connector] 	Failed tx on registroDeBatches; calling method: registrarBatch; nonce: 0x609
2026.10.01-20:40:24.490 error [caliper] [ethereum-connector] 	Error: Returned error: Transaction nonce is too distant from current sender nonce
2026.10.01-20:40:24.515 error [caliper] [ethereum-connector] 	Failed tx on registroDeBatches; calling method: registrarBatch; nonce: 0x60a
2026.10.01-20:40:24.516 error [caliper] [ethereum-connector] 	Error: Returned error: Transaction nonce is too distant from current sender nonce
2026.10.01-20:40:24.541 error [caliper] [ethereum-connector] 	Failed tx on registroDeBatches; calling method: registrarBatch; nonce: 0x60b
2026.10.01-20:40:24.541 error [caliper] [ethereum-connector] 	Error: Returned error: Transaction nonce is too distant from current sender nonce
2026.10.01-20:40:24.565 error [caliper] [ethereum-connector] 	Failed tx on registroDeBatches; calling method: registrarBatch; nonce: 0x60c
2026.10.01-20:40:24.566 error [caliper] [ethereum-connector] 	Error: Returned error: Transaction nonce is too distant from current sender nonce
2026.10.01-20:40:24.591 error [caliper] [ethereum-connector] 	Failed tx on registroDeBatches; calling method: registrarBatch; nonce: 0x60d
2026.10.01-20:40:24.591 error [caliper] [ethereum-connector] 	Error: Returned error: Transaction nonce is too distant from current sender nonce
2026.10.01-20:40:24.615 error [caliper] [ethereum-connector] 	Failed tx on registroDeBatches; calling method: registrarBatch; nonce: 0x60e
2026.10.01-20:40:24.615 error [caliper] [ethereum-connector] 	Error: Returned error: Transaction nonce is too distant from current sender nonce
2026.10.01-20:40:24.641 error [caliper] [ethereum-connector] 	Failed tx on registroDeBatches; calling method: registrarBatch; nonce: 0x60f
2026.10.01-20:40:24.641 error [caliper] [ethereum-connector] 	Error: Returned error: Transaction nonce is too distant from current sender nonce
2026.10.01-20:40:24.665 error [caliper] [ethereum-connector] 	Failed tx on registroDeBatches; calling method: registrarBatch; nonce: 0x610
2026.10.01-20:40:24.665 error [caliper] [ethereum-connector] 	Error: Returned error: Transaction nonce is too distant from current sender nonce
2026.10.01-20:40:24.691 error [caliper] [ethereum-connector] 	Failed tx on registroDeBatches; calling method: registrarBatch; nonce: 0x611
2026.10.01-20:40:24.691 error [caliper] [ethereum-connector] 	Error: Returned error: Transaction nonce is too distant from current sender nonce
2026.10.01-20:40:24.714 error [caliper] [ethereum-connector] 	Failed tx on registroDeBatches; calling method: registrarBatch; nonce: 0x612
2026.10.01-20:40:24.715 error [caliper] [ethereum-connector] 	Error: Returned error: Transaction nonce is too distant from current sender nonce
2026.10.01-20:40:24.740 error [caliper] [ethereum-connector] 	Failed tx on registroDeBatches; calling method: registrarBatch; nonce: 0x613
2026.10.01-20:40:24.741 error [caliper] [ethereum-connector] 	Error: Returned error: Transaction nonce is too distant from current sender nonce
2026.10.01-20:40:24.765 error [caliper] [ethereum-connector] 	Failed tx on registroDeBatches; calling method: registrarBatch; nonce: 0x614
2026.10.01-20:40:24.766 error [caliper] [ethereum-connector] 	Error: Returned error: Transaction nonce is too distant from current sender nonce
2026.10.01-20:40:24.791 error [caliper] [ethereum-connector] 	Failed tx on registroDeBatches; calling method: registrarBatch; nonce: 0x615
2026.10.01-20:40:24.791 error [caliper] [ethereum-connector] 	Error: Returned error: Transaction nonce is too distant from current sender nonce
2026.10.01-20:40:24.815 error [caliper] [ethereum-connector] 	Failed tx on registroDeBatches; calling method: registrarBatch; nonce: 0x616
2026.10.01-20:40:24.815 error [caliper] [ethereum-connector] 	Error: Returned error: Transaction nonce is too distant from current sender nonce
2026.10.01-20:40:24.841 error [caliper] [ethereum-connector] 	Failed tx on registroDeBatches; calling method: registrarBatch; nonce: 0x617
2026.10.01-20:40:24.841 error [caliper] [ethereum-connector] 	Error: Returned error: Transaction nonce is too distant from current sender nonce
2026.10.01-20:40:24.867 error [caliper] [ethereum-connector] 	Failed tx on registroDeBatches; calling method: registrarBatch; nonce: 0x618
2026.10.01-20:40:24.867 error [caliper] [ethereum-connector] 	Error: Returned error: Transaction nonce is too distant from current sender nonce
2026.10.01-20:40:24.891 error [caliper] [ethereum-connector] 	Failed tx on registroDeBatches; calling method: registrarBatch; nonce: 0x619
2026.10.01-20:40:24.891 error [caliper] [ethereum-connector] 	Error: Returned error: Transaction nonce is too distant from current sender nonce
2026.10.01-20:40:24.914 error [caliper] [ethereum-connector] 	Failed tx on registroDeBatches; calling method: registrarBatch; nonce: 0x61a
2026.10.01-20:40:24.914 error [caliper] [ethereum-connector] 	Error: Returned error: Transaction nonce is too distant from current sender nonce
2026.10.01-20:40:24.939 error [caliper] [ethereum-connector] 	Failed tx on registroDeBatches; calling method: registrarBatch; nonce: 0x61b
2026.10.01-20:40:24.939 error [caliper] [ethereum-connector] 	Error: Returned error: Transaction nonce is too distant from current sender nonce
2026.10.01-20:40:24.968 error [caliper] [ethereum-connector] 	Failed tx on registroDeBatches; calling method: registrarBatch; nonce: 0x61c
2026.10.01-20:40:24.968 error [caliper] [ethereum-connector] 	Error: Returned error: Transaction nonce is too distant from current sender nonce
2026.10.01-20:40:24.989 error [caliper] [ethereum-connector] 	Failed tx on registroDeBatches; calling method: registrarBatch; nonce: 0x61d
2026.10.01-20:40:24.989 error [caliper] [ethereum-connector] 	Error: Returned error: Transaction nonce is too distant from current sender nonce
2026.10.01-20:40:25.015 error [caliper] [ethereum-connector] 	Failed tx on registroDeBatches; calling method: registrarBatch; nonce: 0x61e
2026.10.01-20:40:25.016 error [caliper] [ethereum-connector] 	Error: Returned error: Transaction nonce is too distant from current sender nonce
2026.10.01-20:40:25.052 error [caliper] [ethereum-connector] 	Failed tx on registroDeBatches; calling method: registrarBatch; nonce: 0x61f
2026.10.01-20:40:25.052 error [caliper] [ethereum-connector] 	Error: Returned error: Transaction nonce is too distant from current sender nonce
2026.10.01-20:40:25.068 error [caliper] [ethereum-connector] 	Failed tx on registroDeBatches; calling method: registrarBatch; nonce: 0x620
2026.10.01-20:40:25.068 error [caliper] [ethereum-connector] 	Error: Returned error: Transaction nonce is too distant from current sender nonce
2026.10.01-20:40:25.102 error [caliper] [ethereum-connector] 	Failed tx on registroDeBatches; calling method: registrarBatch; nonce: 0x621
2026.10.01-20:40:25.102 error [caliper] [ethereum-connector] 	Error: Returned error: Transaction nonce is too distant from current sender nonce
2026.10.01-20:40:25.119 error [caliper] [ethereum-connector] 	Failed tx on registroDeBatches; calling method: registrarBatch; nonce: 0x622
2026.10.01-20:40:25.119 error [caliper] [ethereum-connector] 	Error: Returned error: Transaction nonce is too distant from current sender nonce
2026.10.01-20:40:25.140 error [caliper] [ethereum-connector] 	Failed tx on registroDeBatches; calling method: registrarBatch; nonce: 0x623
2026.10.01-20:40:25.140 error [caliper] [ethereum-connector] 	Error: Returned error: Transaction nonce is too distant from current sender nonce
2026.10.01-20:40:25.178 error [caliper] [ethereum-connector] 	Failed tx on registroDeBatches; calling method: registrarBatch; nonce: 0x624
2026.10.01-20:40:25.178 error [caliper] [ethereum-connector] 	Error: Returned error: Transaction nonce is too distant from current sender nonce
2026.10.01-20:40:25.192 error [caliper] [ethereum-connector] 	Failed tx on registroDeBatches; calling method: registrarBatch; nonce: 0x625
2026.10.01-20:40:25.193 error [caliper] [ethereum-connector] 	Error: Returned error: Transaction nonce is too distant from current sender nonce
2026.10.01-20:40:25.216 error [caliper] [ethereum-connector] 	Failed tx on registroDeBatches; calling method: registrarBatch; nonce: 0x626
2026.10.01-20:40:25.217 error [caliper] [ethereum-connector] 	Error: Returned error: Transaction nonce is too distant from current sender nonce
2026.10.01-20:40:25.269 error [caliper] [ethereum-connector] 	Failed tx on registroDeBatches; calling method: registrarBatch; nonce: 0x627
2026.10.01-20:40:25.269 error [caliper] [ethereum-connector] 	Error: Returned error: Transaction nonce is too distant from current sender nonce
2026.10.01-20:40:25.274 error [caliper] [ethereum-connector] 	Failed tx on registroDeBatches; calling method: registrarBatch; nonce: 0x628
2026.10.01-20:40:25.274 error [caliper] [ethereum-connector] 	Error: Returned error: Transaction nonce is too distant from current sender nonce
2026.10.01-20:40:25.303 error [caliper] [ethereum-connector] 	Failed tx on registroDeBatches; calling method: registrarBatch; nonce: 0x629
2026.10.01-20:40:25.303 error [caliper] [ethereum-connector] 	Error: Returned error: Transaction nonce is too distant from current sender nonce
2026.10.01-20:40:25.323 error [caliper] [ethereum-connector] 	Failed tx on registroDeBatches; calling method: registrarBatch; nonce: 0x62a
2026.10.01-20:40:25.323 error [caliper] [ethereum-connector] 	Error: Returned error: Transaction nonce is too distant from current sender nonce
2026.10.01-20:40:25.342 error [caliper] [ethereum-connector] 	Failed tx on registroDeBatches; calling method: registrarBatch; nonce: 0x62b
2026.10.01-20:40:25.343 error [caliper] [ethereum-connector] 	Error: Returned error: Transaction nonce is too distant from current sender nonce
2026.10.01-20:40:25.366 error [caliper] [ethereum-connector] 	Failed tx on registroDeBatches; calling method: registrarBatch; nonce: 0x62c
2026.10.01-20:40:25.366 error [caliper] [ethereum-connector] 	Error: Returned error: Transaction nonce is too distant from current sender nonce
2026.10.01-20:40:25.392 error [caliper] [ethereum-connector] 	Failed tx on registroDeBatches; calling method: registrarBatch; nonce: 0x62d
2026.10.01-20:40:25.392 error [caliper] [ethereum-connector] 	Error: Returned error: Transaction nonce is too distant from current sender nonce
2026.10.01-20:40:25.417 error [caliper] [ethereum-connector] 	Failed tx on registroDeBatches; calling method: registrarBatch; nonce: 0x62e
2026.10.01-20:40:25.417 error [caliper] [ethereum-connector] 	Error: Returned error: Transaction nonce is too distant from current sender nonce
2026.10.01-20:40:25.439 error [caliper] [ethereum-connector] 	Failed tx on registroDeBatches; calling method: registrarBatch; nonce: 0x62f
2026.10.01-20:40:25.439 error [caliper] [ethereum-connector] 	Error: Returned error: Transaction nonce is too distant from current sender nonce
2026.10.01-20:40:25.466 error [caliper] [ethereum-connector] 	Failed tx on registroDeBatches; calling method: registrarBatch; nonce: 0x630
2026.10.01-20:40:25.466 error [caliper] [ethereum-connector] 	Error: Returned error: Transaction nonce is too distant from current sender nonce
2026.10.01-20:40:25.531 error [caliper] [ethereum-connector] 	Failed tx on registroDeBatches; calling method: registrarBatch; nonce: 0x631
2026.10.01-20:40:25.531 error [caliper] [ethereum-connector] 	Error: Returned error: Transaction nonce is too distant from current sender nonce
2026.10.01-20:40:25.533 error [caliper] [ethereum-connector] 	Failed tx on registroDeBatches; calling method: registrarBatch; nonce: 0x632
2026.10.01-20:40:25.533 error [caliper] [ethereum-connector] 	Error: Returned error: Transaction nonce is too distant from current sender nonce
2026.10.01-20:40:25.539 error [caliper] [ethereum-connector] 	Failed tx on registroDeBatches; calling method: registrarBatch; nonce: 0x633
2026.10.01-20:40:25.539 error [caliper] [ethereum-connector] 	Error: Returned error: Transaction nonce is too distant from current sender nonce
2026.10.01-20:40:25.566 error [caliper] [ethereum-connector] 	Failed tx on registroDeBatches; calling method: registrarBatch; nonce: 0x634
2026.10.01-20:40:25.566 error [caliper] [ethereum-connector] 	Error: Returned error: Transaction nonce is too distant from current sender nonce
2026.10.01-20:40:25.589 error [caliper] [ethereum-connector] 	Failed tx on registroDeBatches; calling method: registrarBatch; nonce: 0x635
2026.10.01-20:40:25.589 error [caliper] [ethereum-connector] 	Error: Returned error: Transaction nonce is too distant from current sender nonce
2026.10.01-20:40:25.615 error [caliper] [ethereum-connector] 	Failed tx on registroDeBatches; calling method: registrarBatch; nonce: 0x636
2026.10.01-20:40:25.615 error [caliper] [ethereum-connector] 	Error: Returned error: Transaction nonce is too distant from current sender nonce
2026.10.01-20:40:25.641 error [caliper] [ethereum-connector] 	Failed tx on registroDeBatches; calling method: registrarBatch; nonce: 0x637
2026.10.01-20:40:25.641 error [caliper] [ethereum-connector] 	Error: Returned error: Transaction nonce is too distant from current sender nonce
2026.10.01-20:40:25.667 error [caliper] [ethereum-connector] 	Failed tx on registroDeBatches; calling method: registrarBatch; nonce: 0x638
2026.10.01-20:40:25.667 error [caliper] [ethereum-connector] 	Error: Returned error: Transaction nonce is too distant from current sender nonce
2026.10.01-20:40:25.692 error [caliper] [ethereum-connector] 	Failed tx on registroDeBatches; calling method: registrarBatch; nonce: 0x639
2026.10.01-20:40:25.692 error [caliper] [ethereum-connector] 	Error: Returned error: Transaction nonce is too distant from current sender nonce
2026.10.01-20:40:25.725 error [caliper] [ethereum-connector] 	Failed tx on registroDeBatches; calling method: registrarBatch; nonce: 0x63a
2026.10.01-20:40:25.725 error [caliper] [ethereum-connector] 	Error: Returned error: Transaction nonce is too distant from current sender nonce
2026.10.01-20:40:25.753 error [caliper] [ethereum-connector] 	Failed tx on registroDeBatches; calling method: registrarBatch; nonce: 0x63b
2026.10.01-20:40:25.753 error [caliper] [ethereum-connector] 	Error: Returned error: Transaction nonce is too distant from current sender nonce
2026.10.01-20:40:25.768 error [caliper] [ethereum-connector] 	Failed tx on registroDeBatches; calling method: registrarBatch; nonce: 0x63c
2026.10.01-20:40:25.768 error [caliper] [ethereum-connector] 	Error: Returned error: Transaction nonce is too distant from current sender nonce
2026.10.01-20:40:25.791 error [caliper] [ethereum-connector] 	Failed tx on registroDeBatches; calling method: registrarBatch; nonce: 0x63d
2026.10.01-20:40:25.791 error [caliper] [ethereum-connector] 	Error: Returned error: Transaction nonce is too distant from current sender nonce
2026.10.01-20:40:25.817 error [caliper] [ethereum-connector] 	Failed tx on registroDeBatches; calling method: registrarBatch; nonce: 0x63e
2026.10.01-20:40:25.818 error [caliper] [ethereum-connector] 	Error: Returned error: Transaction nonce is too distant from current sender nonce
2026.10.01-20:40:25.841 error [caliper] [ethereum-connector] 	Failed tx on registroDeBatches; calling method: registrarBatch; nonce: 0x63f
2026.10.01-20:40:25.841 error [caliper] [ethereum-connector] 	Error: Returned error: Transaction nonce is too distant from current sender nonce
2026.10.01-20:40:25.865 error [caliper] [ethereum-connector] 	Failed tx on registroDeBatches; calling method: registrarBatch; nonce: 0x640
2026.10.01-20:40:25.865 error [caliper] [ethereum-connector] 	Error: Returned error: Transaction nonce is too distant from current sender nonce
2026.10.01-20:40:25.891 error [caliper] [ethereum-connector] 	Failed tx on registroDeBatches; calling method: registrarBatch; nonce: 0x641
2026.10.01-20:40:25.891 error [caliper] [ethereum-connector] 	Error: Returned error: Transaction nonce is too distant from current sender nonce
2026.10.01-20:40:25.914 error [caliper] [ethereum-connector] 	Failed tx on registroDeBatches; calling method: registrarBatch; nonce: 0x642
2026.10.01-20:40:25.915 error [caliper] [ethereum-connector] 	Error: Returned error: Transaction nonce is too distant from current sender nonce
2026.10.01-20:40:25.942 error [caliper] [ethereum-connector] 	Failed tx on registroDeBatches; calling method: registrarBatch; nonce: 0x643
2026.10.01-20:40:25.942 error [caliper] [ethereum-connector] 	Error: Returned error: Transaction nonce is too distant from current sender nonce
2026.10.01-20:40:25.965 error [caliper] [ethereum-connector] 	Failed tx on registroDeBatches; calling method: registrarBatch; nonce: 0x644
2026.10.01-20:40:25.965 error [caliper] [ethereum-connector] 	Error: Returned error: Transaction nonce is too distant from current sender nonce
2026.10.01-20:40:25.990 error [caliper] [ethereum-connector] 	Failed tx on registroDeBatches; calling method: registrarBatch; nonce: 0x645
2026.10.01-20:40:25.990 error [caliper] [ethereum-connector] 	Error: Returned error: Transaction nonce is too distant from current sender nonce
2026.10.01-20:40:26.018 error [caliper] [ethereum-connector] 	Failed tx on registroDeBatches; calling method: registrarBatch; nonce: 0x646
2026.10.01-20:40:26.018 error [caliper] [ethereum-connector] 	Error: Returned error: Transaction nonce is too distant from current sender nonce
2026.10.01-20:40:26.040 error [caliper] [ethereum-connector] 	Failed tx on registroDeBatches; calling method: registrarBatch; nonce: 0x647
2026.10.01-20:40:26.040 error [caliper] [ethereum-connector] 	Error: Returned error: Transaction nonce is too distant from current sender nonce
2026.10.01-20:40:26.066 error [caliper] [ethereum-connector] 	Failed tx on registroDeBatches; calling method: registrarBatch; nonce: 0x648
2026.10.01-20:40:26.067 error [caliper] [ethereum-connector] 	Error: Returned error: Transaction nonce is too distant from current sender nonce
2026.10.01-20:40:26.091 error [caliper] [ethereum-connector] 	Failed tx on registroDeBatches; calling method: registrarBatch; nonce: 0x649
2026.10.01-20:40:26.091 error [caliper] [ethereum-connector] 	Error: Returned error: Transaction nonce is too distant from current sender nonce
2026.10.01-20:40:26.115 error [caliper] [ethereum-connector] 	Failed tx on registroDeBatches; calling method: registrarBatch; nonce: 0x64a
2026.10.01-20:40:26.115 error [caliper] [ethereum-connector] 	Error: Returned error: Transaction nonce is too distant from current sender nonce
2026.10.01-20:40:26.141 error [caliper] [ethereum-connector] 	Failed tx on registroDeBatches; calling method: registrarBatch; nonce: 0x64b
2026.10.01-20:40:26.141 error [caliper] [ethereum-connector] 	Error: Returned error: Transaction nonce is too distant from current sender nonce
2026.10.01-20:40:26.165 error [caliper] [ethereum-connector] 	Failed tx on registroDeBatches; calling method: registrarBatch; nonce: 0x64c
2026.10.01-20:40:26.165 error [caliper] [ethereum-connector] 	Error: Returned error: Transaction nonce is too distant from current sender nonce
2026.10.01-20:40:26.192 error [caliper] [ethereum-connector] 	Failed tx on registroDeBatches; calling method: registrarBatch; nonce: 0x64d
2026.10.01-20:40:26.192 error [caliper] [ethereum-connector] 	Error: Returned error: Transaction nonce is too distant from current sender nonce
2026.10.01-20:40:26.216 error [caliper] [ethereum-connector] 	Failed tx on registroDeBatches; calling method: registrarBatch; nonce: 0x64e
2026.10.01-20:40:26.216 error [caliper] [ethereum-connector] 	Error: Returned error: Transaction nonce is too distant from current sender nonce
2026.10.01-20:40:26.239 error [caliper] [ethereum-connector] 	Failed tx on registroDeBatches; calling method: registrarBatch; nonce: 0x64f
2026.10.01-20:40:26.239 error [caliper] [ethereum-connector] 	Error: Returned error: Transaction nonce is too distant from current sender nonce
2026.10.01-20:40:26.266 error [caliper] [ethereum-connector] 	Failed tx on registroDeBatches; calling method: registrarBatch; nonce: 0x650
2026.10.01-20:40:26.266 error [caliper] [ethereum-connector] 	Error: Returned error: Transaction nonce is too distant from current sender nonce
2026.10.01-20:40:26.290 error [caliper] [ethereum-connector] 	Failed tx on registroDeBatches; calling method: registrarBatch; nonce: 0x651
2026.10.01-20:40:26.290 error [caliper] [ethereum-connector] 	Error: Returned error: Transaction nonce is too distant from current sender nonce
2026.10.01-20:40:26.316 error [caliper] [ethereum-connector] 	Failed tx on registroDeBatches; calling method: registrarBatch; nonce: 0x652
2026.10.01-20:40:26.316 error [caliper] [ethereum-connector] 	Error: Returned error: Transaction nonce is too distant from current sender nonce
2026.10.01-20:40:26.340 error [caliper] [ethereum-connector] 	Failed tx on registroDeBatches; calling method: registrarBatch; nonce: 0x653
2026.10.01-20:40:26.340 error [caliper] [ethereum-connector] 	Error: Returned error: Transaction nonce is too distant from current sender nonce
2026.10.01-20:40:26.367 error [caliper] [ethereum-connector] 	Failed tx on registroDeBatches; calling method: registrarBatch; nonce: 0x654
2026.10.01-20:40:26.367 error [caliper] [ethereum-connector] 	Error: Returned error: Transaction nonce is too distant from current sender nonce
2026.10.01-20:40:26.392 error [caliper] [ethereum-connector] 	Failed tx on registroDeBatches; calling method: registrarBatch; nonce: 0x655
2026.10.01-20:40:26.392 error [caliper] [ethereum-connector] 	Error: Returned error: Transaction nonce is too distant from current sender nonce
2026.10.01-20:40:26.414 error [caliper] [ethereum-connector] 	Failed tx on registroDeBatches; calling method: registrarBatch; nonce: 0x656
2026.10.01-20:40:26.414 error [caliper] [ethereum-connector] 	Error: Returned error: Transaction nonce is too distant from current sender nonce
2026.10.01-20:40:26.440 error [caliper] [ethereum-connector] 	Failed tx on registroDeBatches; calling method: registrarBatch; nonce: 0x657
2026.10.01-20:40:26.440 error [caliper] [ethereum-connector] 	Error: Returned error: Transaction nonce is too distant from current sender nonce
2026.10.01-20:40:26.465 error [caliper] [ethereum-connector] 	Failed tx on registroDeBatches; calling method: registrarBatch; nonce: 0x658
2026.10.01-20:40:26.465 error [caliper] [ethereum-connector] 	Error: Returned error: Transaction nonce is too distant from current sender nonce
2026.10.01-20:40:26.490 error [caliper] [ethereum-connector] 	Failed tx on registroDeBatches; calling method: registrarBatch; nonce: 0x659
2026.10.01-20:40:26.490 error [caliper] [ethereum-connector] 	Error: Returned error: Transaction nonce is too distant from current sender nonce
2026.10.01-20:40:26.515 error [caliper] [ethereum-connector] 	Failed tx on registroDeBatches; calling method: registrarBatch; nonce: 0x65a
2026.10.01-20:40:26.515 error [caliper] [ethereum-connector] 	Error: Returned error: Transaction nonce is too distant from current sender nonce
2026.10.01-20:40:26.540 error [caliper] [ethereum-connector] 	Failed tx on registroDeBatches; calling method: registrarBatch; nonce: 0x65b
2026.10.01-20:40:26.540 error [caliper] [ethereum-connector] 	Error: Returned error: Transaction nonce is too distant from current sender nonce
2026.10.01-20:40:26.565 error [caliper] [ethereum-connector] 	Failed tx on registroDeBatches; calling method: registrarBatch; nonce: 0x65c
2026.10.01-20:40:26.565 error [caliper] [ethereum-connector] 	Error: Returned error: Transaction nonce is too distant from current sender nonce
2026.10.01-20:40:26.590 error [caliper] [ethereum-connector] 	Failed tx on registroDeBatches; calling method: registrarBatch; nonce: 0x65d
2026.10.01-20:40:26.590 error [caliper] [ethereum-connector] 	Error: Returned error: Transaction nonce is too distant from current sender nonce
2026.10.01-20:40:26.613 error [caliper] [ethereum-connector] 	Failed tx on registroDeBatches; calling method: registrarBatch; nonce: 0x65e
2026.10.01-20:40:26.613 error [caliper] [ethereum-connector] 	Error: Returned error: Transaction nonce is too distant from current sender nonce
2026.10.01-20:40:26.641 error [caliper] [ethereum-connector] 	Failed tx on registroDeBatches; calling method: registrarBatch; nonce: 0x65f
2026.10.01-20:40:26.641 error [caliper] [ethereum-connector] 	Error: Returned error: Transaction nonce is too distant from current sender nonce
2026.10.01-20:40:26.664 error [caliper] [ethereum-connector] 	Failed tx on registroDeBatches; calling method: registrarBatch; nonce: 0x660
2026.10.01-20:40:26.664 error [caliper] [ethereum-connector] 	Error: Returned error: Transaction nonce is too distant from current sender nonce
2026.10.01-20:40:26.689 error [caliper] [ethereum-connector] 	Failed tx on registroDeBatches; calling method: registrarBatch; nonce: 0x661
2026.10.01-20:40:26.689 error [caliper] [ethereum-connector] 	Error: Returned error: Transaction nonce is too distant from current sender nonce
2026.10.01-20:40:26.715 error [caliper] [ethereum-connector] 	Failed tx on registroDeBatches; calling method: registrarBatch; nonce: 0x662
2026.10.01-20:40:26.715 error [caliper] [ethereum-connector] 	Error: Returned error: Transaction nonce is too distant from current sender nonce
2026.10.01-20:40:26.740 error [caliper] [ethereum-connector] 	Failed tx on registroDeBatches; calling method: registrarBatch; nonce: 0x663
2026.10.01-20:40:26.740 error [caliper] [ethereum-connector] 	Error: Returned error: Transaction nonce is too distant from current sender nonce
2026.10.01-20:40:26.766 error [caliper] [ethereum-connector] 	Failed tx on registroDeBatches; calling method: registrarBatch; nonce: 0x664
2026.10.01-20:40:26.766 error [caliper] [ethereum-connector] 	Error: Returned error: Transaction nonce is too distant from current sender nonce
2026.10.01-20:40:26.789 error [caliper] [ethereum-connector] 	Failed tx on registroDeBatches; calling method: registrarBatch; nonce: 0x665
2026.10.01-20:40:26.789 error [caliper] [ethereum-connector] 	Error: Returned error: Transaction nonce is too distant from current sender nonce
2026.10.01-20:40:26.815 error [caliper] [ethereum-connector] 	Failed tx on registroDeBatches; calling method: registrarBatch; nonce: 0x666
2026.10.01-20:40:26.815 error [caliper] [ethereum-connector] 	Error: Returned error: Transaction nonce is too distant from current sender nonce
2026.10.01-20:40:26.840 error [caliper] [ethereum-connector] 	Failed tx on registroDeBatches; calling method: registrarBatch; nonce: 0x667
2026.10.01-20:40:26.840 error [caliper] [ethereum-connector] 	Error: Returned error: Transaction nonce is too distant from current sender nonce
2026.10.01-20:40:26.865 error [caliper] [ethereum-connector] 	Failed tx on registroDeBatches; calling method: registrarBatch; nonce: 0x668
2026.10.01-20:40:26.865 error [caliper] [ethereum-connector] 	Error: Returned error: Transaction nonce is too distant from current sender nonce
2026.10.01-20:40:26.890 error [caliper] [ethereum-connector] 	Failed tx on registroDeBatches; calling method: registrarBatch; nonce: 0x669
2026.10.01-20:40:26.890 error [caliper] [ethereum-connector] 	Error: Returned error: Transaction nonce is too distant from current sender nonce
2026.10.01-20:40:26.915 error [caliper] [ethereum-connector] 	Failed tx on registroDeBatches; calling method: registrarBatch; nonce: 0x66a
2026.10.01-20:40:26.916 error [caliper] [ethereum-connector] 	Error: Returned error: Transaction nonce is too distant from current sender nonce
2026.10.01-20:40:26.940 error [caliper] [ethereum-connector] 	Failed tx on registroDeBatches; calling method: registrarBatch; nonce: 0x66b
2026.10.01-20:40:26.940 error [caliper] [ethereum-connector] 	Error: Returned error: Transaction nonce is too distant from current sender nonce
2026.10.01-20:40:26.965 error [caliper] [ethereum-connector] 	Failed tx on registroDeBatches; calling method: registrarBatch; nonce: 0x66c
2026.10.01-20:40:26.965 error [caliper] [ethereum-connector] 	Error: Returned error: Transaction nonce is too distant from current sender nonce
2026.10.01-20:40:26.990 error [caliper] [ethereum-connector] 	Failed tx on registroDeBatches; calling method: registrarBatch; nonce: 0x66d
2026.10.01-20:40:26.990 error [caliper] [ethereum-connector] 	Error: Returned error: Transaction nonce is too distant from current sender nonce
2026.10.01-20:40:27.015 error [caliper] [ethereum-connector] 	Failed tx on registroDeBatches; calling method: registrarBatch; nonce: 0x66e
2026.10.01-20:40:27.015 error [caliper] [ethereum-connector] 	Error: Returned error: Transaction nonce is too distant from current sender nonce
2026.10.01-20:40:27.047 error [caliper] [ethereum-connector] 	Failed tx on registroDeBatches; calling method: registrarBatch; nonce: 0x66f
2026.10.01-20:40:27.047 error [caliper] [ethereum-connector] 	Error: Returned error: Transaction nonce is too distant from current sender nonce
2026.10.01-20:40:27.067 error [caliper] [ethereum-connector] 	Failed tx on registroDeBatches; calling method: registrarBatch; nonce: 0x670
2026.10.01-20:40:27.067 error [caliper] [ethereum-connector] 	Error: Returned error: Transaction nonce is too distant from current sender nonce
2026.10.01-20:40:27.094 error [caliper] [ethereum-connector] 	Failed tx on registroDeBatches; calling method: registrarBatch; nonce: 0x671
2026.10.01-20:40:27.094 error [caliper] [ethereum-connector] 	Error: Returned error: Transaction nonce is too distant from current sender nonce
2026.10.01-20:40:27.127 error [caliper] [ethereum-connector] 	Failed tx on registroDeBatches; calling method: registrarBatch; nonce: 0x672
2026.10.01-20:40:27.127 error [caliper] [ethereum-connector] 	Error: Returned error: Transaction nonce is too distant from current sender nonce
2026.10.01-20:40:27.140 error [caliper] [ethereum-connector] 	Failed tx on registroDeBatches; calling method: registrarBatch; nonce: 0x673
2026.10.01-20:40:27.140 error [caliper] [ethereum-connector] 	Error: Returned error: Transaction nonce is too distant from current sender nonce
2026.10.01-20:40:27.165 error [caliper] [ethereum-connector] 	Failed tx on registroDeBatches; calling method: registrarBatch; nonce: 0x674
2026.10.01-20:40:27.165 error [caliper] [ethereum-connector] 	Error: Returned error: Transaction nonce is too distant from current sender nonce
2026.10.01-20:40:27.206 error [caliper] [ethereum-connector] 	Failed tx on registroDeBatches; calling method: registrarBatch; nonce: 0x675
2026.10.01-20:40:27.206 error [caliper] [ethereum-connector] 	Error: Returned error: Transaction nonce is too distant from current sender nonce
2026.10.01-20:40:27.215 error [caliper] [ethereum-connector] 	Failed tx on registroDeBatches; calling method: registrarBatch; nonce: 0x676
2026.10.01-20:40:27.215 error [caliper] [ethereum-connector] 	Error: Returned error: Transaction nonce is too distant from current sender nonce
2026.10.01-20:40:27.261 error [caliper] [ethereum-connector] 	Failed tx on registroDeBatches; calling method: registrarBatch; nonce: 0x677
2026.10.01-20:40:27.261 error [caliper] [ethereum-connector] 	Error: Returned error: Transaction nonce is too distant from current sender nonce
2026.10.01-20:40:27.264 error [caliper] [ethereum-connector] 	Failed tx on registroDeBatches; calling method: registrarBatch; nonce: 0x678
2026.10.01-20:40:27.264 error [caliper] [ethereum-connector] 	Error: Returned error: Transaction nonce is too distant from current sender nonce
2026.10.01-20:40:27.291 error [caliper] [ethereum-connector] 	Failed tx on registroDeBatches; calling method: registrarBatch; nonce: 0x679
2026.10.01-20:40:27.292 error [caliper] [ethereum-connector] 	Error: Returned error: Transaction nonce is too distant from current sender nonce
2026.10.01-20:40:27.316 error [caliper] [ethereum-connector] 	Failed tx on registroDeBatches; calling method: registrarBatch; nonce: 0x67a
2026.10.01-20:40:27.316 error [caliper] [ethereum-connector] 	Error: Returned error: Transaction nonce is too distant from current sender nonce
2026.10.01-20:40:27.341 error [caliper] [ethereum-connector] 	Failed tx on registroDeBatches; calling method: registrarBatch; nonce: 0x67b
2026.10.01-20:40:27.341 error [caliper] [ethereum-connector] 	Error: Returned error: Transaction nonce is too distant from current sender nonce
2026.10.01-20:40:27.365 error [caliper] [ethereum-connector] 	Failed tx on registroDeBatches; calling method: registrarBatch; nonce: 0x67c
2026.10.01-20:40:27.365 error [caliper] [ethereum-connector] 	Error: Returned error: Transaction nonce is too distant from current sender nonce
2026.10.01-20:40:27.390 error [caliper] [ethereum-connector] 	Failed tx on registroDeBatches; calling method: registrarBatch; nonce: 0x67d
2026.10.01-20:40:27.390 error [caliper] [ethereum-connector] 	Error: Returned error: Transaction nonce is too distant from current sender nonce
2026.10.01-20:40:27.415 error [caliper] [ethereum-connector] 	Failed tx on registroDeBatches; calling method: registrarBatch; nonce: 0x67e
2026.10.01-20:40:27.415 error [caliper] [ethereum-connector] 	Error: Returned error: Transaction nonce is too distant from current sender nonce
2026.10.01-20:40:27.439 error [caliper] [ethereum-connector] 	Failed tx on registroDeBatches; calling method: registrarBatch; nonce: 0x67f
2026.10.01-20:40:27.439 error [caliper] [ethereum-connector] 	Error: Returned error: Transaction nonce is too distant from current sender nonce
2026.10.01-20:40:27.466 error [caliper] [ethereum-connector] 	Failed tx on registroDeBatches; calling method: registrarBatch; nonce: 0x680
2026.10.01-20:40:27.466 error [caliper] [ethereum-connector] 	Error: Returned error: Transaction nonce is too distant from current sender nonce
2026.10.01-20:40:27.488 error [caliper] [ethereum-connector] 	Failed tx on registroDeBatches; calling method: registrarBatch; nonce: 0x681
2026.10.01-20:40:27.488 error [caliper] [ethereum-connector] 	Error: Returned error: Transaction nonce is too distant from current sender nonce
2026.10.01-20:40:27.515 error [caliper] [ethereum-connector] 	Failed tx on registroDeBatches; calling method: registrarBatch; nonce: 0x682
2026.10.01-20:40:27.515 error [caliper] [ethereum-connector] 	Error: Returned error: Transaction nonce is too distant from current sender nonce
2026.10.01-20:40:27.539 error [caliper] [ethereum-connector] 	Failed tx on registroDeBatches; calling method: registrarBatch; nonce: 0x683
2026.10.01-20:40:27.539 error [caliper] [ethereum-connector] 	Error: Returned error: Transaction nonce is too distant from current sender nonce
2026.10.01-20:40:27.565 error [caliper] [ethereum-connector] 	Failed tx on registroDeBatches; calling method: registrarBatch; nonce: 0x684
2026.10.01-20:40:27.565 error [caliper] [ethereum-connector] 	Error: Returned error: Transaction nonce is too distant from current sender nonce
2026.10.01-20:40:27.589 error [caliper] [ethereum-connector] 	Failed tx on registroDeBatches; calling method: registrarBatch; nonce: 0x685
2026.10.01-20:40:27.589 error [caliper] [ethereum-connector] 	Error: Returned error: Transaction nonce is too distant from current sender nonce
2026.10.01-20:40:27.614 error [caliper] [ethereum-connector] 	Failed tx on registroDeBatches; calling method: registrarBatch; nonce: 0x686
2026.10.01-20:40:27.614 error [caliper] [ethereum-connector] 	Error: Returned error: Transaction nonce is too distant from current sender nonce
2026.10.01-20:40:27.640 error [caliper] [ethereum-connector] 	Failed tx on registroDeBatches; calling method: registrarBatch; nonce: 0x687
2026.10.01-20:40:27.640 error [caliper] [ethereum-connector] 	Error: Returned error: Transaction nonce is too distant from current sender nonce
2026.10.01-20:40:27.664 error [caliper] [ethereum-connector] 	Failed tx on registroDeBatches; calling method: registrarBatch; nonce: 0x688
2026.10.01-20:40:27.664 error [caliper] [ethereum-connector] 	Error: Returned error: Transaction nonce is too distant from current sender nonce
2026.10.01-20:40:27.691 error [caliper] [ethereum-connector] 	Failed tx on registroDeBatches; calling method: registrarBatch; nonce: 0x689
2026.10.01-20:40:27.691 error [caliper] [ethereum-connector] 	Error: Returned error: Transaction nonce is too distant from current sender nonce
2026.10.01-20:40:27.717 error [caliper] [ethereum-connector] 	Failed tx on registroDeBatches; calling method: registrarBatch; nonce: 0x68a
2026.10.01-20:40:27.717 error [caliper] [ethereum-connector] 	Error: Returned error: Transaction nonce is too distant from current sender nonce
2026.10.01-20:40:27.744 error [caliper] [ethereum-connector] 	Failed tx on registroDeBatches; calling method: registrarBatch; nonce: 0x68b
2026.10.01-20:40:27.745 error [caliper] [ethereum-connector] 	Error: Returned error: Transaction nonce is too distant from current sender nonce
2026.10.01-20:40:27.767 error [caliper] [ethereum-connector] 	Failed tx on registroDeBatches; calling method: registrarBatch; nonce: 0x68c
2026.10.01-20:40:27.767 error [caliper] [ethereum-connector] 	Error: Returned error: Transaction nonce is too distant from current sender nonce
2026.10.01-20:40:27.804 error [caliper] [ethereum-connector] 	Failed tx on registroDeBatches; calling method: registrarBatch; nonce: 0x68d
2026.10.01-20:40:27.804 error [caliper] [ethereum-connector] 	Error: Returned error: Transaction nonce is too distant from current sender nonce
2026.10.01-20:40:27.816 error [caliper] [ethereum-connector] 	Failed tx on registroDeBatches; calling method: registrarBatch; nonce: 0x68e
2026.10.01-20:40:27.816 error [caliper] [ethereum-connector] 	Error: Returned error: Transaction nonce is too distant from current sender nonce
2026.10.01-20:40:27.839 error [caliper] [ethereum-connector] 	Failed tx on registroDeBatches; calling method: registrarBatch; nonce: 0x68f
2026.10.01-20:40:27.839 error [caliper] [ethereum-connector] 	Error: Returned error: Transaction nonce is too distant from current sender nonce
2026.10.01-20:40:27.864 error [caliper] [ethereum-connector] 	Failed tx on registroDeBatches; calling method: registrarBatch; nonce: 0x690
2026.10.01-20:40:27.864 error [caliper] [ethereum-connector] 	Error: Returned error: Transaction nonce is too distant from current sender nonce
2026.10.01-20:40:27.891 error [caliper] [ethereum-connector] 	Failed tx on registroDeBatches; calling method: registrarBatch; nonce: 0x691
2026.10.01-20:40:27.891 error [caliper] [ethereum-connector] 	Error: Returned error: Transaction nonce is too distant from current sender nonce
2026.10.01-20:40:27.922 error [caliper] [ethereum-connector] 	Failed tx on registroDeBatches; calling method: registrarBatch; nonce: 0x692
2026.10.01-20:40:27.922 error [caliper] [ethereum-connector] 	Error: Returned error: Transaction nonce is too distant from current sender nonce
2026.10.01-20:40:27.940 error [caliper] [ethereum-connector] 	Failed tx on registroDeBatches; calling method: registrarBatch; nonce: 0x693
2026.10.01-20:40:27.940 error [caliper] [ethereum-connector] 	Error: Returned error: Transaction nonce is too distant from current sender nonce
2026.10.01-20:40:27.972 error [caliper] [ethereum-connector] 	Failed tx on registroDeBatches; calling method: registrarBatch; nonce: 0x694
2026.10.01-20:40:27.972 error [caliper] [ethereum-connector] 	Error: Returned error: Transaction nonce is too distant from current sender nonce
2026.10.01-20:40:27.991 error [caliper] [ethereum-connector] 	Failed tx on registroDeBatches; calling method: registrarBatch; nonce: 0x695
2026.10.01-20:40:27.991 error [caliper] [ethereum-connector] 	Error: Returned error: Transaction nonce is too distant from current sender nonce
2026.10.01-20:40:28.068 error [caliper] [ethereum-connector] 	Failed tx on registroDeBatches; calling method: registrarBatch; nonce: 0x696
2026.10.01-20:40:28.068 error [caliper] [ethereum-connector] 	Error: Returned error: Transaction nonce is too distant from current sender nonce
2026.10.01-20:40:28.070 error [caliper] [ethereum-connector] 	Failed tx on registroDeBatches; calling method: registrarBatch; nonce: 0x697
2026.10.01-20:40:28.070 error [caliper] [ethereum-connector] 	Error: Returned error: Transaction nonce is too distant from current sender nonce
2026.10.01-20:40:28.072 error [caliper] [ethereum-connector] 	Failed tx on registroDeBatches; calling method: registrarBatch; nonce: 0x698
2026.10.01-20:40:28.072 error [caliper] [ethereum-connector] 	Error: Returned error: Transaction nonce is too distant from current sender nonce
2026.10.01-20:40:28.092 error [caliper] [ethereum-connector] 	Failed tx on registroDeBatches; calling method: registrarBatch; nonce: 0x699
2026.10.01-20:40:28.092 error [caliper] [ethereum-connector] 	Error: Returned error: Transaction nonce is too distant from current sender nonce
2026.10.01-20:40:28.120 error [caliper] [ethereum-connector] 	Failed tx on registroDeBatches; calling method: registrarBatch; nonce: 0x69a
2026.10.01-20:40:28.120 error [caliper] [ethereum-connector] 	Error: Returned error: Transaction nonce is too distant from current sender nonce
2026.10.01-20:40:28.140 error [caliper] [ethereum-connector] 	Failed tx on registroDeBatches; calling method: registrarBatch; nonce: 0x69b
2026.10.01-20:40:28.140 error [caliper] [ethereum-connector] 	Error: Returned error: Transaction nonce is too distant from current sender nonce
2026.10.01-20:40:28.166 error [caliper] [ethereum-connector] 	Failed tx on registroDeBatches; calling method: registrarBatch; nonce: 0x69c
2026.10.01-20:40:28.166 error [caliper] [ethereum-connector] 	Error: Returned error: Transaction nonce is too distant from current sender nonce
2026.10.01-20:40:28.191 error [caliper] [ethereum-connector] 	Failed tx on registroDeBatches; calling method: registrarBatch; nonce: 0x69d
2026.10.01-20:40:28.191 error [caliper] [ethereum-connector] 	Error: Returned error: Transaction nonce is too distant from current sender nonce
2026.10.01-20:40:28.215 error [caliper] [ethereum-connector] 	Failed tx on registroDeBatches; calling method: registrarBatch; nonce: 0x69e
2026.10.01-20:40:28.215 error [caliper] [ethereum-connector] 	Error: Returned error: Transaction nonce is too distant from current sender nonce
2026.10.01-20:40:28.242 error [caliper] [ethereum-connector] 	Failed tx on registroDeBatches; calling method: registrarBatch; nonce: 0x69f
2026.10.01-20:40:28.243 error [caliper] [ethereum-connector] 	Error: Returned error: Transaction nonce is too distant from current sender nonce
2026.10.01-20:40:28.268 error [caliper] [ethereum-connector] 	Failed tx on registroDeBatches; calling method: registrarBatch; nonce: 0x6a0
2026.10.01-20:40:28.268 error [caliper] [ethereum-connector] 	Error: Returned error: Transaction nonce is too distant from current sender nonce
2026.10.01-20:40:28.290 error [caliper] [ethereum-connector] 	Failed tx on registroDeBatches; calling method: registrarBatch; nonce: 0x6a1
2026.10.01-20:40:28.291 error [caliper] [ethereum-connector] 	Error: Returned error: Transaction nonce is too distant from current sender nonce
2026.10.01-20:40:28.314 error [caliper] [ethereum-connector] 	Failed tx on registroDeBatches; calling method: registrarBatch; nonce: 0x6a2
2026.10.01-20:40:28.314 error [caliper] [ethereum-connector] 	Error: Returned error: Transaction nonce is too distant from current sender nonce
2026.10.01-20:40:28.339 error [caliper] [ethereum-connector] 	Failed tx on registroDeBatches; calling method: registrarBatch; nonce: 0x6a3
2026.10.01-20:40:28.340 error [caliper] [ethereum-connector] 	Error: Returned error: Transaction nonce is too distant from current sender nonce
2026.10.01-20:40:28.365 error [caliper] [ethereum-connector] 	Failed tx on registroDeBatches; calling method: registrarBatch; nonce: 0x6a4
2026.10.01-20:40:28.366 error [caliper] [ethereum-connector] 	Error: Returned error: Transaction nonce is too distant from current sender nonce
2026.10.01-20:40:28.391 error [caliper] [ethereum-connector] 	Failed tx on registroDeBatches; calling method: registrarBatch; nonce: 0x6a5
2026.10.01-20:40:28.391 error [caliper] [ethereum-connector] 	Error: Returned error: Transaction nonce is too distant from current sender nonce
2026.10.01-20:40:28.414 error [caliper] [ethereum-connector] 	Failed tx on registroDeBatches; calling method: registrarBatch; nonce: 0x6a6
2026.10.01-20:40:28.414 error [caliper] [ethereum-connector] 	Error: Returned error: Transaction nonce is too distant from current sender nonce
2026.10.01-20:40:28.430 info  [caliper] [default-observer] 	[tps-40 Round 2 Transaction Info] - Submitted: 761 Succ: 311 Fail:441 Unfinished:9
2026.10.01-20:40:28.441 error [caliper] [ethereum-connector] 	Failed tx on registroDeBatches; calling method: registrarBatch; nonce: 0x6a7
2026.10.01-20:40:28.441 error [caliper] [ethereum-connector] 	Error: Returned error: Transaction nonce is too distant from current sender nonce
2026.10.01-20:40:28.465 error [caliper] [ethereum-connector] 	Failed tx on registroDeBatches; calling method: registrarBatch; nonce: 0x6a8
2026.10.01-20:40:28.465 error [caliper] [ethereum-connector] 	Error: Returned error: Transaction nonce is too distant from current sender nonce
2026.10.01-20:40:28.490 error [caliper] [ethereum-connector] 	Failed tx on registroDeBatches; calling method: registrarBatch; nonce: 0x6a9
2026.10.01-20:40:28.490 error [caliper] [ethereum-connector] 	Error: Returned error: Transaction nonce is too distant from current sender nonce
2026.10.01-20:40:28.515 error [caliper] [ethereum-connector] 	Failed tx on registroDeBatches; calling method: registrarBatch; nonce: 0x6aa
2026.10.01-20:40:28.515 error [caliper] [ethereum-connector] 	Error: Returned error: Transaction nonce is too distant from current sender nonce
2026.10.01-20:40:28.539 error [caliper] [ethereum-connector] 	Failed tx on registroDeBatches; calling method: registrarBatch; nonce: 0x6ab
2026.10.01-20:40:28.539 error [caliper] [ethereum-connector] 	Error: Returned error: Transaction nonce is too distant from current sender nonce
2026.10.01-20:40:28.564 error [caliper] [ethereum-connector] 	Failed tx on registroDeBatches; calling method: registrarBatch; nonce: 0x6ac
2026.10.01-20:40:28.564 error [caliper] [ethereum-connector] 	Error: Returned error: Transaction nonce is too distant from current sender nonce
2026.10.01-20:40:28.590 error [caliper] [ethereum-connector] 	Failed tx on registroDeBatches; calling method: registrarBatch; nonce: 0x6ad
2026.10.01-20:40:28.591 error [caliper] [ethereum-connector] 	Error: Returned error: Transaction nonce is too distant from current sender nonce
2026.10.01-20:40:28.614 error [caliper] [ethereum-connector] 	Failed tx on registroDeBatches; calling method: registrarBatch; nonce: 0x6ae
2026.10.01-20:40:28.614 error [caliper] [ethereum-connector] 	Error: Returned error: Transaction nonce is too distant from current sender nonce
2026.10.01-20:40:28.640 error [caliper] [ethereum-connector] 	Failed tx on registroDeBatches; calling method: registrarBatch; nonce: 0x6af
2026.10.01-20:40:28.640 error [caliper] [ethereum-connector] 	Error: Returned error: Transaction nonce is too distant from current sender nonce
2026.10.01-20:40:28.664 error [caliper] [ethereum-connector] 	Failed tx on registroDeBatches; calling method: registrarBatch; nonce: 0x6b0
2026.10.01-20:40:28.665 error [caliper] [ethereum-connector] 	Error: Returned error: Transaction nonce is too distant from current sender nonce
2026.10.01-20:40:28.690 error [caliper] [ethereum-connector] 	Failed tx on registroDeBatches; calling method: registrarBatch; nonce: 0x6b1
2026.10.01-20:40:28.690 error [caliper] [ethereum-connector] 	Error: Returned error: Transaction nonce is too distant from current sender nonce
2026.10.01-20:40:28.716 error [caliper] [ethereum-connector] 	Failed tx on registroDeBatches; calling method: registrarBatch; nonce: 0x6b2
2026.10.01-20:40:28.716 error [caliper] [ethereum-connector] 	Error: Returned error: Transaction nonce is too distant from current sender nonce
2026.10.01-20:40:28.741 error [caliper] [ethereum-connector] 	Failed tx on registroDeBatches; calling method: registrarBatch; nonce: 0x6b3
2026.10.01-20:40:28.741 error [caliper] [ethereum-connector] 	Error: Returned error: Transaction nonce is too distant from current sender nonce
2026.10.01-20:40:28.764 error [caliper] [ethereum-connector] 	Failed tx on registroDeBatches; calling method: registrarBatch; nonce: 0x6b4
2026.10.01-20:40:28.764 error [caliper] [ethereum-connector] 	Error: Returned error: Transaction nonce is too distant from current sender nonce
2026.10.01-20:40:28.791 error [caliper] [ethereum-connector] 	Failed tx on registroDeBatches; calling method: registrarBatch; nonce: 0x6b5
2026.10.01-20:40:28.791 error [caliper] [ethereum-connector] 	Error: Returned error: Transaction nonce is too distant from current sender nonce
2026.10.01-20:40:28.815 error [caliper] [ethereum-connector] 	Failed tx on registroDeBatches; calling method: registrarBatch; nonce: 0x6b6
2026.10.01-20:40:28.815 error [caliper] [ethereum-connector] 	Error: Returned error: Transaction nonce is too distant from current sender nonce
2026.10.01-20:40:28.840 error [caliper] [ethereum-connector] 	Failed tx on registroDeBatches; calling method: registrarBatch; nonce: 0x6b7
2026.10.01-20:40:28.840 error [caliper] [ethereum-connector] 	Error: Returned error: Transaction nonce is too distant from current sender nonce
2026.10.01-20:40:28.865 error [caliper] [ethereum-connector] 	Failed tx on registroDeBatches; calling method: registrarBatch; nonce: 0x6b8
2026.10.01-20:40:28.865 error [caliper] [ethereum-connector] 	Error: Returned error: Transaction nonce is too distant from current sender nonce
2026.10.01-20:40:28.890 error [caliper] [ethereum-connector] 	Failed tx on registroDeBatches; calling method: registrarBatch; nonce: 0x6b9
2026.10.01-20:40:28.890 error [caliper] [ethereum-connector] 	Error: Returned error: Transaction nonce is too distant from current sender nonce
2026.10.01-20:40:28.914 error [caliper] [ethereum-connector] 	Failed tx on registroDeBatches; calling method: registrarBatch; nonce: 0x6ba
2026.10.01-20:40:28.914 error [caliper] [ethereum-connector] 	Error: Returned error: Transaction nonce is too distant from current sender nonce
2026.10.01-20:40:28.939 error [caliper] [ethereum-connector] 	Failed tx on registroDeBatches; calling method: registrarBatch; nonce: 0x6bb
2026.10.01-20:40:28.939 error [caliper] [ethereum-connector] 	Error: Returned error: Transaction nonce is too distant from current sender nonce
2026.10.01-20:40:28.965 error [caliper] [ethereum-connector] 	Failed tx on registroDeBatches; calling method: registrarBatch; nonce: 0x6bc
2026.10.01-20:40:28.965 error [caliper] [ethereum-connector] 	Error: Returned error: Transaction nonce is too distant from current sender nonce
2026.10.01-20:40:28.989 error [caliper] [ethereum-connector] 	Failed tx on registroDeBatches; calling method: registrarBatch; nonce: 0x6bd
2026.10.01-20:40:28.989 error [caliper] [ethereum-connector] 	Error: Returned error: Transaction nonce is too distant from current sender nonce
2026.10.01-20:40:29.015 error [caliper] [ethereum-connector] 	Failed tx on registroDeBatches; calling method: registrarBatch; nonce: 0x6be
2026.10.01-20:40:29.015 error [caliper] [ethereum-connector] 	Error: Returned error: Transaction nonce is too distant from current sender nonce
2026.10.01-20:40:29.043 error [caliper] [ethereum-connector] 	Failed tx on registroDeBatches; calling method: registrarBatch; nonce: 0x6bf
2026.10.01-20:40:29.043 error [caliper] [ethereum-connector] 	Error: Returned error: Transaction nonce is too distant from current sender nonce
2026.10.01-20:40:29.066 error [caliper] [ethereum-connector] 	Failed tx on registroDeBatches; calling method: registrarBatch; nonce: 0x6c0
2026.10.01-20:40:29.066 error [caliper] [ethereum-connector] 	Error: Returned error: Transaction nonce is too distant from current sender nonce
2026.10.01-20:40:29.091 error [caliper] [ethereum-connector] 	Failed tx on registroDeBatches; calling method: registrarBatch; nonce: 0x6c1
2026.10.01-20:40:29.091 error [caliper] [ethereum-connector] 	Error: Returned error: Transaction nonce is too distant from current sender nonce
2026.10.01-20:40:29.115 error [caliper] [ethereum-connector] 	Failed tx on registroDeBatches; calling method: registrarBatch; nonce: 0x6c2
2026.10.01-20:40:29.116 error [caliper] [ethereum-connector] 	Error: Returned error: Transaction nonce is too distant from current sender nonce
2026.10.01-20:40:29.140 error [caliper] [ethereum-connector] 	Failed tx on registroDeBatches; calling method: registrarBatch; nonce: 0x6c3
2026.10.01-20:40:29.140 error [caliper] [ethereum-connector] 	Error: Returned error: Transaction nonce is too distant from current sender nonce
2026.10.01-20:40:29.163 error [caliper] [ethereum-connector] 	Failed tx on registroDeBatches; calling method: registrarBatch; nonce: 0x6c4
2026.10.01-20:40:29.163 error [caliper] [ethereum-connector] 	Error: Returned error: Transaction nonce is too distant from current sender nonce
2026.10.01-20:40:29.188 error [caliper] [ethereum-connector] 	Failed tx on registroDeBatches; calling method: registrarBatch; nonce: 0x6c5
2026.10.01-20:40:29.188 error [caliper] [ethereum-connector] 	Error: Returned error: Transaction nonce is too distant from current sender nonce
2026.10.01-20:40:29.212 error [caliper] [ethereum-connector] 	Failed tx on registroDeBatches; calling method: registrarBatch; nonce: 0x6c6
2026.10.01-20:40:29.212 error [caliper] [ethereum-connector] 	Error: Returned error: Transaction nonce is too distant from current sender nonce
2026.10.01-20:40:29.240 error [caliper] [ethereum-connector] 	Failed tx on registroDeBatches; calling method: registrarBatch; nonce: 0x6c7
2026.10.01-20:40:29.240 error [caliper] [ethereum-connector] 	Error: Returned error: Transaction nonce is too distant from current sender nonce
2026.10.01-20:40:29.264 error [caliper] [ethereum-connector] 	Failed tx on registroDeBatches; calling method: registrarBatch; nonce: 0x6c8
2026.10.01-20:40:29.264 error [caliper] [ethereum-connector] 	Error: Returned error: Transaction nonce is too distant from current sender nonce
2026.10.01-20:40:29.289 error [caliper] [ethereum-connector] 	Failed tx on registroDeBatches; calling method: registrarBatch; nonce: 0x6c9
2026.10.01-20:40:29.289 error [caliper] [ethereum-connector] 	Error: Returned error: Transaction nonce is too distant from current sender nonce
2026.10.01-20:40:29.313 error [caliper] [ethereum-connector] 	Failed tx on registroDeBatches; calling method: registrarBatch; nonce: 0x6ca
2026.10.01-20:40:29.314 error [caliper] [ethereum-connector] 	Error: Returned error: Transaction nonce is too distant from current sender nonce
2026.10.01-20:40:29.340 error [caliper] [ethereum-connector] 	Failed tx on registroDeBatches; calling method: registrarBatch; nonce: 0x6cb
2026.10.01-20:40:29.340 error [caliper] [ethereum-connector] 	Error: Returned error: Transaction nonce is too distant from current sender nonce
2026.10.01-20:40:29.363 error [caliper] [ethereum-connector] 	Failed tx on registroDeBatches; calling method: registrarBatch; nonce: 0x6cc
2026.10.01-20:40:29.364 error [caliper] [ethereum-connector] 	Error: Returned error: Transaction nonce is too distant from current sender nonce
2026.10.01-20:40:29.390 error [caliper] [ethereum-connector] 	Failed tx on registroDeBatches; calling method: registrarBatch; nonce: 0x6cd
2026.10.01-20:40:29.390 error [caliper] [ethereum-connector] 	Error: Returned error: Transaction nonce is too distant from current sender nonce
2026.10.01-20:40:29.414 error [caliper] [ethereum-connector] 	Failed tx on registroDeBatches; calling method: registrarBatch; nonce: 0x6ce
2026.10.01-20:40:29.414 error [caliper] [ethereum-connector] 	Error: Returned error: Transaction nonce is too distant from current sender nonce
2026.10.01-20:40:29.438 error [caliper] [ethereum-connector] 	Failed tx on registroDeBatches; calling method: registrarBatch; nonce: 0x6cf
2026.10.01-20:40:29.438 error [caliper] [ethereum-connector] 	Error: Returned error: Transaction nonce is too distant from current sender nonce
2026.10.01-20:40:29.463 error [caliper] [ethereum-connector] 	Failed tx on registroDeBatches; calling method: registrarBatch; nonce: 0x6d0
2026.10.01-20:40:29.463 error [caliper] [ethereum-connector] 	Error: Returned error: Transaction nonce is too distant from current sender nonce
2026.10.01-20:40:29.489 error [caliper] [ethereum-connector] 	Failed tx on registroDeBatches; calling method: registrarBatch; nonce: 0x6d1
2026.10.01-20:40:29.489 error [caliper] [ethereum-connector] 	Error: Returned error: Transaction nonce is too distant from current sender nonce
2026.10.01-20:40:29.514 error [caliper] [ethereum-connector] 	Failed tx on registroDeBatches; calling method: registrarBatch; nonce: 0x6d2
2026.10.01-20:40:29.514 error [caliper] [ethereum-connector] 	Error: Returned error: Transaction nonce is too distant from current sender nonce
2026.10.01-20:40:29.538 error [caliper] [ethereum-connector] 	Failed tx on registroDeBatches; calling method: registrarBatch; nonce: 0x6d3
2026.10.01-20:40:29.538 error [caliper] [ethereum-connector] 	Error: Returned error: Transaction nonce is too distant from current sender nonce
2026.10.01-20:40:29.564 error [caliper] [ethereum-connector] 	Failed tx on registroDeBatches; calling method: registrarBatch; nonce: 0x6d4
2026.10.01-20:40:29.564 error [caliper] [ethereum-connector] 	Error: Returned error: Transaction nonce is too distant from current sender nonce
2026.10.01-20:40:29.589 error [caliper] [ethereum-connector] 	Failed tx on registroDeBatches; calling method: registrarBatch; nonce: 0x6d5
2026.10.01-20:40:29.589 error [caliper] [ethereum-connector] 	Error: Returned error: Transaction nonce is too distant from current sender nonce
2026.10.01-20:40:29.615 error [caliper] [ethereum-connector] 	Failed tx on registroDeBatches; calling method: registrarBatch; nonce: 0x6d6
2026.10.01-20:40:29.615 error [caliper] [ethereum-connector] 	Error: Returned error: Transaction nonce is too distant from current sender nonce
2026.10.01-20:40:29.639 error [caliper] [ethereum-connector] 	Failed tx on registroDeBatches; calling method: registrarBatch; nonce: 0x6d7
2026.10.01-20:40:29.639 error [caliper] [ethereum-connector] 	Error: Returned error: Transaction nonce is too distant from current sender nonce
2026.10.01-20:40:29.664 error [caliper] [ethereum-connector] 	Failed tx on registroDeBatches; calling method: registrarBatch; nonce: 0x6d8
2026.10.01-20:40:29.664 error [caliper] [ethereum-connector] 	Error: Returned error: Transaction nonce is too distant from current sender nonce
2026.10.01-20:40:29.690 error [caliper] [ethereum-connector] 	Failed tx on registroDeBatches; calling method: registrarBatch; nonce: 0x6d9
2026.10.01-20:40:29.690 error [caliper] [ethereum-connector] 	Error: Returned error: Transaction nonce is too distant from current sender nonce
2026.10.01-20:40:29.714 error [caliper] [ethereum-connector] 	Failed tx on registroDeBatches; calling method: registrarBatch; nonce: 0x6da
2026.10.01-20:40:29.714 error [caliper] [ethereum-connector] 	Error: Returned error: Transaction nonce is too distant from current sender nonce
2026.10.01-20:40:29.738 error [caliper] [ethereum-connector] 	Failed tx on registroDeBatches; calling method: registrarBatch; nonce: 0x6db
2026.10.01-20:40:29.738 error [caliper] [ethereum-connector] 	Error: Returned error: Transaction nonce is too distant from current sender nonce
2026.10.01-20:40:29.764 error [caliper] [ethereum-connector] 	Failed tx on registroDeBatches; calling method: registrarBatch; nonce: 0x6dc
2026.10.01-20:40:29.764 error [caliper] [ethereum-connector] 	Error: Returned error: Transaction nonce is too distant from current sender nonce
2026.10.01-20:40:29.788 error [caliper] [ethereum-connector] 	Failed tx on registroDeBatches; calling method: registrarBatch; nonce: 0x6dd
2026.10.01-20:40:29.788 error [caliper] [ethereum-connector] 	Error: Returned error: Transaction nonce is too distant from current sender nonce
2026.10.01-20:40:29.817 error [caliper] [ethereum-connector] 	Failed tx on registroDeBatches; calling method: registrarBatch; nonce: 0x6de
2026.10.01-20:40:29.817 error [caliper] [ethereum-connector] 	Error: Returned error: Transaction nonce is too distant from current sender nonce
2026.10.01-20:40:29.839 error [caliper] [ethereum-connector] 	Failed tx on registroDeBatches; calling method: registrarBatch; nonce: 0x6df
2026.10.01-20:40:29.839 error [caliper] [ethereum-connector] 	Error: Returned error: Transaction nonce is too distant from current sender nonce
2026.10.01-20:40:29.863 error [caliper] [ethereum-connector] 	Failed tx on registroDeBatches; calling method: registrarBatch; nonce: 0x6e0
2026.10.01-20:40:29.863 error [caliper] [ethereum-connector] 	Error: Returned error: Transaction nonce is too distant from current sender nonce
2026.10.01-20:40:29.889 error [caliper] [ethereum-connector] 	Failed tx on registroDeBatches; calling method: registrarBatch; nonce: 0x6e1
2026.10.01-20:40:29.889 error [caliper] [ethereum-connector] 	Error: Returned error: Transaction nonce is too distant from current sender nonce
2026.10.01-20:40:29.913 error [caliper] [ethereum-connector] 	Failed tx on registroDeBatches; calling method: registrarBatch; nonce: 0x6e2
2026.10.01-20:40:29.913 error [caliper] [ethereum-connector] 	Error: Returned error: Transaction nonce is too distant from current sender nonce
2026.10.01-20:40:29.939 error [caliper] [ethereum-connector] 	Failed tx on registroDeBatches; calling method: registrarBatch; nonce: 0x6e3
2026.10.01-20:40:29.939 error [caliper] [ethereum-connector] 	Error: Returned error: Transaction nonce is too distant from current sender nonce
2026.10.01-20:40:29.963 error [caliper] [ethereum-connector] 	Failed tx on registroDeBatches; calling method: registrarBatch; nonce: 0x6e4
2026.10.01-20:40:29.963 error [caliper] [ethereum-connector] 	Error: Returned error: Transaction nonce is too distant from current sender nonce
2026.10.01-20:40:29.988 error [caliper] [ethereum-connector] 	Failed tx on registroDeBatches; calling method: registrarBatch; nonce: 0x6e5
2026.10.01-20:40:29.988 error [caliper] [ethereum-connector] 	Error: Returned error: Transaction nonce is too distant from current sender nonce
2026.10.01-20:40:30.013 error [caliper] [ethereum-connector] 	Failed tx on registroDeBatches; calling method: registrarBatch; nonce: 0x6e6
2026.10.01-20:40:30.013 error [caliper] [ethereum-connector] 	Error: Returned error: Transaction nonce is too distant from current sender nonce
2026.10.01-20:40:30.038 error [caliper] [ethereum-connector] 	Failed tx on registroDeBatches; calling method: registrarBatch; nonce: 0x6e7
2026.10.01-20:40:30.038 error [caliper] [ethereum-connector] 	Error: Returned error: Transaction nonce is too distant from current sender nonce
2026.10.01-20:40:30.062 error [caliper] [ethereum-connector] 	Failed tx on registroDeBatches; calling method: registrarBatch; nonce: 0x6e8
2026.10.01-20:40:30.062 error [caliper] [ethereum-connector] 	Error: Returned error: Transaction nonce is too distant from current sender nonce
2026.10.01-20:40:30.088 error [caliper] [ethereum-connector] 	Failed tx on registroDeBatches; calling method: registrarBatch; nonce: 0x6e9
2026.10.01-20:40:30.088 error [caliper] [ethereum-connector] 	Error: Returned error: Transaction nonce is too distant from current sender nonce
2026.10.01-20:40:30.113 error [caliper] [ethereum-connector] 	Failed tx on registroDeBatches; calling method: registrarBatch; nonce: 0x6ea
2026.10.01-20:40:30.113 error [caliper] [ethereum-connector] 	Error: Returned error: Transaction nonce is too distant from current sender nonce
2026.10.01-20:40:30.138 error [caliper] [ethereum-connector] 	Failed tx on registroDeBatches; calling method: registrarBatch; nonce: 0x6eb
2026.10.01-20:40:30.138 error [caliper] [ethereum-connector] 	Error: Returned error: Transaction nonce is too distant from current sender nonce
2026.10.01-20:40:30.164 error [caliper] [ethereum-connector] 	Failed tx on registroDeBatches; calling method: registrarBatch; nonce: 0x6ec
2026.10.01-20:40:30.164 error [caliper] [ethereum-connector] 	Error: Returned error: Transaction nonce is too distant from current sender nonce
2026.10.01-20:40:30.188 error [caliper] [ethereum-connector] 	Failed tx on registroDeBatches; calling method: registrarBatch; nonce: 0x6ed
2026.10.01-20:40:30.188 error [caliper] [ethereum-connector] 	Error: Returned error: Transaction nonce is too distant from current sender nonce
2026.10.01-20:40:30.215 error [caliper] [ethereum-connector] 	Failed tx on registroDeBatches; calling method: registrarBatch; nonce: 0x6ee
2026.10.01-20:40:30.215 error [caliper] [ethereum-connector] 	Error: Returned error: Transaction nonce is too distant from current sender nonce
2026.10.01-20:40:30.237 error [caliper] [ethereum-connector] 	Failed tx on registroDeBatches; calling method: registrarBatch; nonce: 0x6ef
2026.10.01-20:40:30.237 error [caliper] [ethereum-connector] 	Error: Returned error: Transaction nonce is too distant from current sender nonce
2026.10.01-20:40:30.265 error [caliper] [ethereum-connector] 	Failed tx on registroDeBatches; calling method: registrarBatch; nonce: 0x6f0
2026.10.01-20:40:30.265 error [caliper] [ethereum-connector] 	Error: Returned error: Transaction nonce is too distant from current sender nonce
2026.10.01-20:40:30.289 error [caliper] [ethereum-connector] 	Failed tx on registroDeBatches; calling method: registrarBatch; nonce: 0x6f1
2026.10.01-20:40:30.289 error [caliper] [ethereum-connector] 	Error: Returned error: Transaction nonce is too distant from current sender nonce
2026.10.01-20:40:30.313 error [caliper] [ethereum-connector] 	Failed tx on registroDeBatches; calling method: registrarBatch; nonce: 0x6f2
2026.10.01-20:40:30.313 error [caliper] [ethereum-connector] 	Error: Returned error: Transaction nonce is too distant from current sender nonce
2026.10.01-20:40:30.338 error [caliper] [ethereum-connector] 	Failed tx on registroDeBatches; calling method: registrarBatch; nonce: 0x6f3
2026.10.01-20:40:30.338 error [caliper] [ethereum-connector] 	Error: Returned error: Transaction nonce is too distant from current sender nonce
2026.10.01-20:40:30.364 error [caliper] [ethereum-connector] 	Failed tx on registroDeBatches; calling method: registrarBatch; nonce: 0x6f4
2026.10.01-20:40:30.364 error [caliper] [ethereum-connector] 	Error: Returned error: Transaction nonce is too distant from current sender nonce
2026.10.01-20:40:30.389 error [caliper] [ethereum-connector] 	Failed tx on registroDeBatches; calling method: registrarBatch; nonce: 0x6f5
2026.10.01-20:40:30.389 error [caliper] [ethereum-connector] 	Error: Returned error: Transaction nonce is too distant from current sender nonce
2026.10.01-20:40:30.414 error [caliper] [ethereum-connector] 	Failed tx on registroDeBatches; calling method: registrarBatch; nonce: 0x6f6
2026.10.01-20:40:30.414 error [caliper] [ethereum-connector] 	Error: Returned error: Transaction nonce is too distant from current sender nonce
2026.10.01-20:40:30.439 error [caliper] [ethereum-connector] 	Failed tx on registroDeBatches; calling method: registrarBatch; nonce: 0x6f7
2026.10.01-20:40:30.439 error [caliper] [ethereum-connector] 	Error: Returned error: Transaction nonce is too distant from current sender nonce
2026.10.01-20:40:30.464 error [caliper] [ethereum-connector] 	Failed tx on registroDeBatches; calling method: registrarBatch; nonce: 0x6f8
2026.10.01-20:40:30.464 error [caliper] [ethereum-connector] 	Error: Returned error: Transaction nonce is too distant from current sender nonce
2026.10.01-20:40:30.489 error [caliper] [ethereum-connector] 	Failed tx on registroDeBatches; calling method: registrarBatch; nonce: 0x6f9
2026.10.01-20:40:30.489 error [caliper] [ethereum-connector] 	Error: Returned error: Transaction nonce is too distant from current sender nonce
2026.10.01-20:40:30.514 error [caliper] [ethereum-connector] 	Failed tx on registroDeBatches; calling method: registrarBatch; nonce: 0x6fa
2026.10.01-20:40:30.514 error [caliper] [ethereum-connector] 	Error: Returned error: Transaction nonce is too distant from current sender nonce
2026.10.01-20:40:30.540 error [caliper] [ethereum-connector] 	Failed tx on registroDeBatches; calling method: registrarBatch; nonce: 0x6fb
2026.10.01-20:40:30.540 error [caliper] [ethereum-connector] 	Error: Returned error: Transaction nonce is too distant from current sender nonce
2026.10.01-20:40:30.564 error [caliper] [ethereum-connector] 	Failed tx on registroDeBatches; calling method: registrarBatch; nonce: 0x6fc
2026.10.01-20:40:30.564 error [caliper] [ethereum-connector] 	Error: Returned error: Transaction nonce is too distant from current sender nonce
2026.10.01-20:40:30.590 error [caliper] [ethereum-connector] 	Failed tx on registroDeBatches; calling method: registrarBatch; nonce: 0x6fd
2026.10.01-20:40:30.590 error [caliper] [ethereum-connector] 	Error: Returned error: Transaction nonce is too distant from current sender nonce
2026.10.01-20:40:30.613 error [caliper] [ethereum-connector] 	Failed tx on registroDeBatches; calling method: registrarBatch; nonce: 0x6fe
2026.10.01-20:40:30.613 error [caliper] [ethereum-connector] 	Error: Returned error: Transaction nonce is too distant from current sender nonce
2026.10.01-20:40:30.639 error [caliper] [ethereum-connector] 	Failed tx on registroDeBatches; calling method: registrarBatch; nonce: 0x6ff
2026.10.01-20:40:30.639 error [caliper] [ethereum-connector] 	Error: Returned error: Transaction nonce is too distant from current sender nonce
2026.10.01-20:40:30.665 error [caliper] [ethereum-connector] 	Failed tx on registroDeBatches; calling method: registrarBatch; nonce: 0x700
2026.10.01-20:40:30.665 error [caliper] [ethereum-connector] 	Error: Returned error: Transaction nonce is too distant from current sender nonce
2026.10.01-20:40:30.689 error [caliper] [ethereum-connector] 	Failed tx on registroDeBatches; calling method: registrarBatch; nonce: 0x701
2026.10.01-20:40:30.689 error [caliper] [ethereum-connector] 	Error: Returned error: Transaction nonce is too distant from current sender nonce
2026.10.01-20:40:30.715 error [caliper] [ethereum-connector] 	Failed tx on registroDeBatches; calling method: registrarBatch; nonce: 0x702
2026.10.01-20:40:30.715 error [caliper] [ethereum-connector] 	Error: Returned error: Transaction nonce is too distant from current sender nonce
2026.10.01-20:40:30.739 error [caliper] [ethereum-connector] 	Failed tx on registroDeBatches; calling method: registrarBatch; nonce: 0x703
2026.10.01-20:40:30.739 error [caliper] [ethereum-connector] 	Error: Returned error: Transaction nonce is too distant from current sender nonce
2026.10.01-20:40:30.765 error [caliper] [ethereum-connector] 	Failed tx on registroDeBatches; calling method: registrarBatch; nonce: 0x704
2026.10.01-20:40:30.765 error [caliper] [ethereum-connector] 	Error: Returned error: Transaction nonce is too distant from current sender nonce
2026.10.01-20:40:30.789 error [caliper] [ethereum-connector] 	Failed tx on registroDeBatches; calling method: registrarBatch; nonce: 0x705
2026.10.01-20:40:30.789 error [caliper] [ethereum-connector] 	Error: Returned error: Transaction nonce is too distant from current sender nonce
2026.10.01-20:40:30.814 error [caliper] [ethereum-connector] 	Failed tx on registroDeBatches; calling method: registrarBatch; nonce: 0x706
2026.10.01-20:40:30.814 error [caliper] [ethereum-connector] 	Error: Returned error: Transaction nonce is too distant from current sender nonce
2026.10.01-20:40:30.839 error [caliper] [ethereum-connector] 	Failed tx on registroDeBatches; calling method: registrarBatch; nonce: 0x707
2026.10.01-20:40:30.839 error [caliper] [ethereum-connector] 	Error: Returned error: Transaction nonce is too distant from current sender nonce
2026.10.01-20:40:30.864 error [caliper] [ethereum-connector] 	Failed tx on registroDeBatches; calling method: registrarBatch; nonce: 0x708
2026.10.01-20:40:30.864 error [caliper] [ethereum-connector] 	Error: Returned error: Transaction nonce is too distant from current sender nonce
2026.10.01-20:40:30.889 error [caliper] [ethereum-connector] 	Failed tx on registroDeBatches; calling method: registrarBatch; nonce: 0x709
2026.10.01-20:40:30.889 error [caliper] [ethereum-connector] 	Error: Returned error: Transaction nonce is too distant from current sender nonce
2026.10.01-20:40:30.914 error [caliper] [ethereum-connector] 	Failed tx on registroDeBatches; calling method: registrarBatch; nonce: 0x70a
2026.10.01-20:40:30.914 error [caliper] [ethereum-connector] 	Error: Returned error: Transaction nonce is too distant from current sender nonce
2026.10.01-20:40:30.939 error [caliper] [ethereum-connector] 	Failed tx on registroDeBatches; calling method: registrarBatch; nonce: 0x70b
2026.10.01-20:40:30.939 error [caliper] [ethereum-connector] 	Error: Returned error: Transaction nonce is too distant from current sender nonce
2026.10.01-20:40:30.964 error [caliper] [ethereum-connector] 	Failed tx on registroDeBatches; calling method: registrarBatch; nonce: 0x70c
2026.10.01-20:40:30.964 error [caliper] [ethereum-connector] 	Error: Returned error: Transaction nonce is too distant from current sender nonce
2026.10.01-20:40:30.989 error [caliper] [ethereum-connector] 	Failed tx on registroDeBatches; calling method: registrarBatch; nonce: 0x70d
2026.10.01-20:40:30.989 error [caliper] [ethereum-connector] 	Error: Returned error: Transaction nonce is too distant from current sender nonce
2026.10.01-20:40:31.017 error [caliper] [ethereum-connector] 	Failed tx on registroDeBatches; calling method: registrarBatch; nonce: 0x70e
2026.10.01-20:40:31.017 error [caliper] [ethereum-connector] 	Error: Returned error: Transaction nonce is too distant from current sender nonce
2026.10.01-20:40:31.038 error [caliper] [ethereum-connector] 	Failed tx on registroDeBatches; calling method: registrarBatch; nonce: 0x70f
2026.10.01-20:40:31.038 error [caliper] [ethereum-connector] 	Error: Returned error: Transaction nonce is too distant from current sender nonce
2026.10.01-20:40:31.062 error [caliper] [ethereum-connector] 	Failed tx on registroDeBatches; calling method: registrarBatch; nonce: 0x710
2026.10.01-20:40:31.062 error [caliper] [ethereum-connector] 	Error: Returned error: Transaction nonce is too distant from current sender nonce
2026.10.01-20:40:31.088 error [caliper] [ethereum-connector] 	Failed tx on registroDeBatches; calling method: registrarBatch; nonce: 0x711
2026.10.01-20:40:31.088 error [caliper] [ethereum-connector] 	Error: Returned error: Transaction nonce is too distant from current sender nonce
2026.10.01-20:40:31.113 error [caliper] [ethereum-connector] 	Failed tx on registroDeBatches; calling method: registrarBatch; nonce: 0x712
2026.10.01-20:40:31.113 error [caliper] [ethereum-connector] 	Error: Returned error: Transaction nonce is too distant from current sender nonce
2026.10.01-20:40:31.140 error [caliper] [ethereum-connector] 	Failed tx on registroDeBatches; calling method: registrarBatch; nonce: 0x713
2026.10.01-20:40:31.140 error [caliper] [ethereum-connector] 	Error: Returned error: Transaction nonce is too distant from current sender nonce
2026.10.01-20:40:31.163 error [caliper] [ethereum-connector] 	Failed tx on registroDeBatches; calling method: registrarBatch; nonce: 0x714
2026.10.01-20:40:31.163 error [caliper] [ethereum-connector] 	Error: Returned error: Transaction nonce is too distant from current sender nonce
2026.10.01-20:40:31.190 error [caliper] [ethereum-connector] 	Failed tx on registroDeBatches; calling method: registrarBatch; nonce: 0x715
2026.10.01-20:40:31.190 error [caliper] [ethereum-connector] 	Error: Returned error: Transaction nonce is too distant from current sender nonce
2026.10.01-20:40:31.214 error [caliper] [ethereum-connector] 	Failed tx on registroDeBatches; calling method: registrarBatch; nonce: 0x716
2026.10.01-20:40:31.214 error [caliper] [ethereum-connector] 	Error: Returned error: Transaction nonce is too distant from current sender nonce
2026.10.01-20:40:31.241 error [caliper] [ethereum-connector] 	Failed tx on registroDeBatches; calling method: registrarBatch; nonce: 0x717
2026.10.01-20:40:31.241 error [caliper] [ethereum-connector] 	Error: Returned error: Transaction nonce is too distant from current sender nonce
2026.10.01-20:40:31.265 error [caliper] [ethereum-connector] 	Failed tx on registroDeBatches; calling method: registrarBatch; nonce: 0x718
2026.10.01-20:40:31.265 error [caliper] [ethereum-connector] 	Error: Returned error: Transaction nonce is too distant from current sender nonce
2026.10.01-20:40:31.289 error [caliper] [ethereum-connector] 	Failed tx on registroDeBatches; calling method: registrarBatch; nonce: 0x719
2026.10.01-20:40:31.289 error [caliper] [ethereum-connector] 	Error: Returned error: Transaction nonce is too distant from current sender nonce
2026.10.01-20:40:31.314 error [caliper] [ethereum-connector] 	Failed tx on registroDeBatches; calling method: registrarBatch; nonce: 0x71a
2026.10.01-20:40:31.315 error [caliper] [ethereum-connector] 	Error: Returned error: Transaction nonce is too distant from current sender nonce
2026.10.01-20:40:31.340 error [caliper] [ethereum-connector] 	Failed tx on registroDeBatches; calling method: registrarBatch; nonce: 0x71b
2026.10.01-20:40:31.340 error [caliper] [ethereum-connector] 	Error: Returned error: Transaction nonce is too distant from current sender nonce
2026.10.01-20:40:31.365 error [caliper] [ethereum-connector] 	Failed tx on registroDeBatches; calling method: registrarBatch; nonce: 0x71c
2026.10.01-20:40:31.365 error [caliper] [ethereum-connector] 	Error: Returned error: Transaction nonce is too distant from current sender nonce
2026.10.01-20:40:31.389 error [caliper] [ethereum-connector] 	Failed tx on registroDeBatches; calling method: registrarBatch; nonce: 0x71d
2026.10.01-20:40:31.389 error [caliper] [ethereum-connector] 	Error: Returned error: Transaction nonce is too distant from current sender nonce
2026.10.01-20:40:31.414 error [caliper] [ethereum-connector] 	Failed tx on registroDeBatches; calling method: registrarBatch; nonce: 0x71e
2026.10.01-20:40:31.414 error [caliper] [ethereum-connector] 	Error: Returned error: Transaction nonce is too distant from current sender nonce
2026.10.01-20:40:31.440 error [caliper] [ethereum-connector] 	Failed tx on registroDeBatches; calling method: registrarBatch; nonce: 0x71f
2026.10.01-20:40:31.440 error [caliper] [ethereum-connector] 	Error: Returned error: Transaction nonce is too distant from current sender nonce
2026.10.01-20:40:31.463 error [caliper] [ethereum-connector] 	Failed tx on registroDeBatches; calling method: registrarBatch; nonce: 0x720
2026.10.01-20:40:31.463 error [caliper] [ethereum-connector] 	Error: Returned error: Transaction nonce is too distant from current sender nonce
2026.10.01-20:40:31.490 error [caliper] [ethereum-connector] 	Failed tx on registroDeBatches; calling method: registrarBatch; nonce: 0x721
2026.10.01-20:40:31.490 error [caliper] [ethereum-connector] 	Error: Returned error: Transaction nonce is too distant from current sender nonce
2026.10.01-20:40:31.514 error [caliper] [ethereum-connector] 	Failed tx on registroDeBatches; calling method: registrarBatch; nonce: 0x722
2026.10.01-20:40:31.514 error [caliper] [ethereum-connector] 	Error: Returned error: Transaction nonce is too distant from current sender nonce
2026.10.01-20:40:31.539 error [caliper] [ethereum-connector] 	Failed tx on registroDeBatches; calling method: registrarBatch; nonce: 0x723
2026.10.01-20:40:31.539 error [caliper] [ethereum-connector] 	Error: Returned error: Transaction nonce is too distant from current sender nonce
2026.10.01-20:40:31.565 error [caliper] [ethereum-connector] 	Failed tx on registroDeBatches; calling method: registrarBatch; nonce: 0x724
2026.10.01-20:40:31.565 error [caliper] [ethereum-connector] 	Error: Returned error: Transaction nonce is too distant from current sender nonce
2026.10.01-20:40:31.589 error [caliper] [ethereum-connector] 	Failed tx on registroDeBatches; calling method: registrarBatch; nonce: 0x725
2026.10.01-20:40:31.589 error [caliper] [ethereum-connector] 	Error: Returned error: Transaction nonce is too distant from current sender nonce
2026.10.01-20:40:31.614 error [caliper] [ethereum-connector] 	Failed tx on registroDeBatches; calling method: registrarBatch; nonce: 0x726
2026.10.01-20:40:31.614 error [caliper] [ethereum-connector] 	Error: Returned error: Transaction nonce is too distant from current sender nonce
2026.10.01-20:40:31.640 error [caliper] [ethereum-connector] 	Failed tx on registroDeBatches; calling method: registrarBatch; nonce: 0x727
2026.10.01-20:40:31.640 error [caliper] [ethereum-connector] 	Error: Returned error: Transaction nonce is too distant from current sender nonce
2026.10.01-20:40:31.664 error [caliper] [ethereum-connector] 	Failed tx on registroDeBatches; calling method: registrarBatch; nonce: 0x728
2026.10.01-20:40:31.664 error [caliper] [ethereum-connector] 	Error: Returned error: Transaction nonce is too distant from current sender nonce
2026.10.01-20:40:31.690 error [caliper] [ethereum-connector] 	Failed tx on registroDeBatches; calling method: registrarBatch; nonce: 0x729
2026.10.01-20:40:31.690 error [caliper] [ethereum-connector] 	Error: Returned error: Transaction nonce is too distant from current sender nonce
2026.10.01-20:40:31.714 error [caliper] [ethereum-connector] 	Failed tx on registroDeBatches; calling method: registrarBatch; nonce: 0x72a
2026.10.01-20:40:31.714 error [caliper] [ethereum-connector] 	Error: Returned error: Transaction nonce is too distant from current sender nonce
2026.10.01-20:40:31.740 error [caliper] [ethereum-connector] 	Failed tx on registroDeBatches; calling method: registrarBatch; nonce: 0x72b
2026.10.01-20:40:31.740 error [caliper] [ethereum-connector] 	Error: Returned error: Transaction nonce is too distant from current sender nonce
2026.10.01-20:40:31.764 error [caliper] [ethereum-connector] 	Failed tx on registroDeBatches; calling method: registrarBatch; nonce: 0x72c
2026.10.01-20:40:31.764 error [caliper] [ethereum-connector] 	Error: Returned error: Transaction nonce is too distant from current sender nonce
2026.10.01-20:40:31.788 error [caliper] [ethereum-connector] 	Failed tx on registroDeBatches; calling method: registrarBatch; nonce: 0x72d
2026.10.01-20:40:31.788 error [caliper] [ethereum-connector] 	Error: Returned error: Transaction nonce is too distant from current sender nonce
2026.10.01-20:40:31.815 error [caliper] [ethereum-connector] 	Failed tx on registroDeBatches; calling method: registrarBatch; nonce: 0x72e
2026.10.01-20:40:31.815 error [caliper] [ethereum-connector] 	Error: Returned error: Transaction nonce is too distant from current sender nonce
2026.10.01-20:40:31.839 error [caliper] [ethereum-connector] 	Failed tx on registroDeBatches; calling method: registrarBatch; nonce: 0x72f
2026.10.01-20:40:31.839 error [caliper] [ethereum-connector] 	Error: Returned error: Transaction nonce is too distant from current sender nonce
2026.10.01-20:40:31.865 error [caliper] [ethereum-connector] 	Failed tx on registroDeBatches; calling method: registrarBatch; nonce: 0x730
2026.10.01-20:40:31.865 error [caliper] [ethereum-connector] 	Error: Returned error: Transaction nonce is too distant from current sender nonce
2026.10.01-20:40:31.889 error [caliper] [ethereum-connector] 	Failed tx on registroDeBatches; calling method: registrarBatch; nonce: 0x731
2026.10.01-20:40:31.889 error [caliper] [ethereum-connector] 	Error: Returned error: Transaction nonce is too distant from current sender nonce
2026.10.01-20:40:31.914 error [caliper] [ethereum-connector] 	Failed tx on registroDeBatches; calling method: registrarBatch; nonce: 0x732
2026.10.01-20:40:31.915 error [caliper] [ethereum-connector] 	Error: Returned error: Transaction nonce is too distant from current sender nonce
2026.10.01-20:40:31.940 error [caliper] [ethereum-connector] 	Failed tx on registroDeBatches; calling method: registrarBatch; nonce: 0x733
2026.10.01-20:40:31.940 error [caliper] [ethereum-connector] 	Error: Returned error: Transaction nonce is too distant from current sender nonce
2026.10.01-20:40:31.965 error [caliper] [ethereum-connector] 	Failed tx on registroDeBatches; calling method: registrarBatch; nonce: 0x734
2026.10.01-20:40:31.965 error [caliper] [ethereum-connector] 	Error: Returned error: Transaction nonce is too distant from current sender nonce
2026.10.01-20:40:31.989 error [caliper] [ethereum-connector] 	Failed tx on registroDeBatches; calling method: registrarBatch; nonce: 0x735
2026.10.01-20:40:31.989 error [caliper] [ethereum-connector] 	Error: Returned error: Transaction nonce is too distant from current sender nonce
2026.10.01-20:40:32.015 error [caliper] [ethereum-connector] 	Failed tx on registroDeBatches; calling method: registrarBatch; nonce: 0x736
2026.10.01-20:40:32.015 error [caliper] [ethereum-connector] 	Error: Returned error: Transaction nonce is too distant from current sender nonce
2026.10.01-20:40:32.039 error [caliper] [ethereum-connector] 	Failed tx on registroDeBatches; calling method: registrarBatch; nonce: 0x737
2026.10.01-20:40:32.039 error [caliper] [ethereum-connector] 	Error: Returned error: Transaction nonce is too distant from current sender nonce
2026.10.01-20:40:32.065 error [caliper] [ethereum-connector] 	Failed tx on registroDeBatches; calling method: registrarBatch; nonce: 0x738
2026.10.01-20:40:32.065 error [caliper] [ethereum-connector] 	Error: Returned error: Transaction nonce is too distant from current sender nonce
2026.10.01-20:40:32.091 error [caliper] [ethereum-connector] 	Failed tx on registroDeBatches; calling method: registrarBatch; nonce: 0x739
2026.10.01-20:40:32.091 error [caliper] [ethereum-connector] 	Error: Returned error: Transaction nonce is too distant from current sender nonce
2026.10.01-20:40:32.115 error [caliper] [ethereum-connector] 	Failed tx on registroDeBatches; calling method: registrarBatch; nonce: 0x73a
2026.10.01-20:40:32.115 error [caliper] [ethereum-connector] 	Error: Returned error: Transaction nonce is too distant from current sender nonce
2026.10.01-20:40:32.139 error [caliper] [ethereum-connector] 	Failed tx on registroDeBatches; calling method: registrarBatch; nonce: 0x73b
2026.10.01-20:40:32.139 error [caliper] [ethereum-connector] 	Error: Returned error: Transaction nonce is too distant from current sender nonce
2026.10.01-20:40:32.165 error [caliper] [ethereum-connector] 	Failed tx on registroDeBatches; calling method: registrarBatch; nonce: 0x73c
2026.10.01-20:40:32.165 error [caliper] [ethereum-connector] 	Error: Returned error: Transaction nonce is too distant from current sender nonce
2026.10.01-20:40:32.189 error [caliper] [ethereum-connector] 	Failed tx on registroDeBatches; calling method: registrarBatch; nonce: 0x73d
2026.10.01-20:40:32.189 error [caliper] [ethereum-connector] 	Error: Returned error: Transaction nonce is too distant from current sender nonce
2026.10.01-20:40:32.214 error [caliper] [ethereum-connector] 	Failed tx on registroDeBatches; calling method: registrarBatch; nonce: 0x73e
2026.10.01-20:40:32.214 error [caliper] [ethereum-connector] 	Error: Returned error: Transaction nonce is too distant from current sender nonce
2026.10.01-20:40:32.239 error [caliper] [ethereum-connector] 	Failed tx on registroDeBatches; calling method: registrarBatch; nonce: 0x73f
2026.10.01-20:40:32.239 error [caliper] [ethereum-connector] 	Error: Returned error: Transaction nonce is too distant from current sender nonce
2026.10.01-20:40:32.265 error [caliper] [ethereum-connector] 	Failed tx on registroDeBatches; calling method: registrarBatch; nonce: 0x740
2026.10.01-20:40:32.265 error [caliper] [ethereum-connector] 	Error: Returned error: Transaction nonce is too distant from current sender nonce
2026.10.01-20:40:32.291 error [caliper] [ethereum-connector] 	Failed tx on registroDeBatches; calling method: registrarBatch; nonce: 0x741
2026.10.01-20:40:32.291 error [caliper] [ethereum-connector] 	Error: Returned error: Transaction nonce is too distant from current sender nonce
2026.10.01-20:40:32.317 error [caliper] [ethereum-connector] 	Failed tx on registroDeBatches; calling method: registrarBatch; nonce: 0x742
2026.10.01-20:40:32.317 error [caliper] [ethereum-connector] 	Error: Returned error: Transaction nonce is too distant from current sender nonce
2026.10.01-20:40:32.340 error [caliper] [ethereum-connector] 	Failed tx on registroDeBatches; calling method: registrarBatch; nonce: 0x743
2026.10.01-20:40:32.340 error [caliper] [ethereum-connector] 	Error: Returned error: Transaction nonce is too distant from current sender nonce
2026.10.01-20:40:32.364 error [caliper] [ethereum-connector] 	Failed tx on registroDeBatches; calling method: registrarBatch; nonce: 0x744
2026.10.01-20:40:32.364 error [caliper] [ethereum-connector] 	Error: Returned error: Transaction nonce is too distant from current sender nonce
2026.10.01-20:40:32.393 error [caliper] [ethereum-connector] 	Failed tx on registroDeBatches; calling method: registrarBatch; nonce: 0x745
2026.10.01-20:40:32.393 error [caliper] [ethereum-connector] 	Error: Returned error: Transaction nonce is too distant from current sender nonce
2026.10.01-20:40:32.416 error [caliper] [ethereum-connector] 	Failed tx on registroDeBatches; calling method: registrarBatch; nonce: 0x746
2026.10.01-20:40:32.416 error [caliper] [ethereum-connector] 	Error: Returned error: Transaction nonce is too distant from current sender nonce
2026.10.01-20:40:32.441 error [caliper] [ethereum-connector] 	Failed tx on registroDeBatches; calling method: registrarBatch; nonce: 0x747
2026.10.01-20:40:32.441 error [caliper] [ethereum-connector] 	Error: Returned error: Transaction nonce is too distant from current sender nonce
2026.10.01-20:40:32.464 error [caliper] [ethereum-connector] 	Failed tx on registroDeBatches; calling method: registrarBatch; nonce: 0x748
2026.10.01-20:40:32.465 error [caliper] [ethereum-connector] 	Error: Returned error: Transaction nonce is too distant from current sender nonce
2026.10.01-20:40:32.493 error [caliper] [ethereum-connector] 	Failed tx on registroDeBatches; calling method: registrarBatch; nonce: 0x749
2026.10.01-20:40:32.493 error [caliper] [ethereum-connector] 	Error: Returned error: Transaction nonce is too distant from current sender nonce
2026.10.01-20:40:32.515 error [caliper] [ethereum-connector] 	Failed tx on registroDeBatches; calling method: registrarBatch; nonce: 0x74a
2026.10.01-20:40:32.515 error [caliper] [ethereum-connector] 	Error: Returned error: Transaction nonce is too distant from current sender nonce
2026.10.01-20:40:32.540 error [caliper] [ethereum-connector] 	Failed tx on registroDeBatches; calling method: registrarBatch; nonce: 0x74b
2026.10.01-20:40:32.540 error [caliper] [ethereum-connector] 	Error: Returned error: Transaction nonce is too distant from current sender nonce
2026.10.01-20:40:32.565 error [caliper] [ethereum-connector] 	Failed tx on registroDeBatches; calling method: registrarBatch; nonce: 0x74c
2026.10.01-20:40:32.565 error [caliper] [ethereum-connector] 	Error: Returned error: Transaction nonce is too distant from current sender nonce
2026.10.01-20:40:32.589 error [caliper] [ethereum-connector] 	Failed tx on registroDeBatches; calling method: registrarBatch; nonce: 0x74d
2026.10.01-20:40:32.590 error [caliper] [ethereum-connector] 	Error: Returned error: Transaction nonce is too distant from current sender nonce
2026.10.01-20:40:32.614 error [caliper] [ethereum-connector] 	Failed tx on registroDeBatches; calling method: registrarBatch; nonce: 0x74e
2026.10.01-20:40:32.614 error [caliper] [ethereum-connector] 	Error: Returned error: Transaction nonce is too distant from current sender nonce
2026.10.01-20:40:32.639 error [caliper] [ethereum-connector] 	Failed tx on registroDeBatches; calling method: registrarBatch; nonce: 0x74f
2026.10.01-20:40:32.639 error [caliper] [ethereum-connector] 	Error: Returned error: Transaction nonce is too distant from current sender nonce
2026.10.01-20:40:32.665 error [caliper] [ethereum-connector] 	Failed tx on registroDeBatches; calling method: registrarBatch; nonce: 0x750
2026.10.01-20:40:32.665 error [caliper] [ethereum-connector] 	Error: Returned error: Transaction nonce is too distant from current sender nonce
2026.10.01-20:40:32.691 error [caliper] [ethereum-connector] 	Failed tx on registroDeBatches; calling method: registrarBatch; nonce: 0x751
2026.10.01-20:40:32.691 error [caliper] [ethereum-connector] 	Error: Returned error: Transaction nonce is too distant from current sender nonce
2026.10.01-20:40:32.714 error [caliper] [ethereum-connector] 	Failed tx on registroDeBatches; calling method: registrarBatch; nonce: 0x752
2026.10.01-20:40:32.714 error [caliper] [ethereum-connector] 	Error: Returned error: Transaction nonce is too distant from current sender nonce
2026.10.01-20:40:32.741 error [caliper] [ethereum-connector] 	Failed tx on registroDeBatches; calling method: registrarBatch; nonce: 0x753
2026.10.01-20:40:32.742 error [caliper] [ethereum-connector] 	Error: Returned error: Transaction nonce is too distant from current sender nonce
2026.10.01-20:40:32.764 error [caliper] [ethereum-connector] 	Failed tx on registroDeBatches; calling method: registrarBatch; nonce: 0x754
2026.10.01-20:40:32.764 error [caliper] [ethereum-connector] 	Error: Returned error: Transaction nonce is too distant from current sender nonce
2026.10.01-20:40:32.790 error [caliper] [ethereum-connector] 	Failed tx on registroDeBatches; calling method: registrarBatch; nonce: 0x755
2026.10.01-20:40:32.790 error [caliper] [ethereum-connector] 	Error: Returned error: Transaction nonce is too distant from current sender nonce
2026.10.01-20:40:32.815 error [caliper] [ethereum-connector] 	Failed tx on registroDeBatches; calling method: registrarBatch; nonce: 0x756
2026.10.01-20:40:32.815 error [caliper] [ethereum-connector] 	Error: Returned error: Transaction nonce is too distant from current sender nonce
2026.10.01-20:40:32.839 error [caliper] [ethereum-connector] 	Failed tx on registroDeBatches; calling method: registrarBatch; nonce: 0x757
2026.10.01-20:40:32.839 error [caliper] [ethereum-connector] 	Error: Returned error: Transaction nonce is too distant from current sender nonce
2026.10.01-20:40:32.865 error [caliper] [ethereum-connector] 	Failed tx on registroDeBatches; calling method: registrarBatch; nonce: 0x758
2026.10.01-20:40:32.865 error [caliper] [ethereum-connector] 	Error: Returned error: Transaction nonce is too distant from current sender nonce
2026.10.01-20:40:32.890 error [caliper] [ethereum-connector] 	Failed tx on registroDeBatches; calling method: registrarBatch; nonce: 0x759
2026.10.01-20:40:32.890 error [caliper] [ethereum-connector] 	Error: Returned error: Transaction nonce is too distant from current sender nonce
2026.10.01-20:40:32.914 error [caliper] [ethereum-connector] 	Failed tx on registroDeBatches; calling method: registrarBatch; nonce: 0x75a
2026.10.01-20:40:32.914 error [caliper] [ethereum-connector] 	Error: Returned error: Transaction nonce is too distant from current sender nonce
2026.10.01-20:40:32.940 error [caliper] [ethereum-connector] 	Failed tx on registroDeBatches; calling method: registrarBatch; nonce: 0x75b
2026.10.01-20:40:32.940 error [caliper] [ethereum-connector] 	Error: Returned error: Transaction nonce is too distant from current sender nonce
2026.10.01-20:40:32.964 error [caliper] [ethereum-connector] 	Failed tx on registroDeBatches; calling method: registrarBatch; nonce: 0x75c
2026.10.01-20:40:32.964 error [caliper] [ethereum-connector] 	Error: Returned error: Transaction nonce is too distant from current sender nonce
2026.10.01-20:40:32.991 error [caliper] [ethereum-connector] 	Failed tx on registroDeBatches; calling method: registrarBatch; nonce: 0x75d
2026.10.01-20:40:32.991 error [caliper] [ethereum-connector] 	Error: Returned error: Transaction nonce is too distant from current sender nonce
2026.10.01-20:40:33.017 error [caliper] [ethereum-connector] 	Failed tx on registroDeBatches; calling method: registrarBatch; nonce: 0x75e
2026.10.01-20:40:33.017 error [caliper] [ethereum-connector] 	Error: Returned error: Transaction nonce is too distant from current sender nonce
2026.10.01-20:40:33.042 error [caliper] [ethereum-connector] 	Failed tx on registroDeBatches; calling method: registrarBatch; nonce: 0x75f
2026.10.01-20:40:33.042 error [caliper] [ethereum-connector] 	Error: Returned error: Transaction nonce is too distant from current sender nonce
2026.10.01-20:40:33.064 error [caliper] [ethereum-connector] 	Failed tx on registroDeBatches; calling method: registrarBatch; nonce: 0x760
2026.10.01-20:40:33.064 error [caliper] [ethereum-connector] 	Error: Returned error: Transaction nonce is too distant from current sender nonce
2026.10.01-20:40:33.088 error [caliper] [ethereum-connector] 	Failed tx on registroDeBatches; calling method: registrarBatch; nonce: 0x761
2026.10.01-20:40:33.088 error [caliper] [ethereum-connector] 	Error: Returned error: Transaction nonce is too distant from current sender nonce
2026.10.01-20:40:33.114 error [caliper] [ethereum-connector] 	Failed tx on registroDeBatches; calling method: registrarBatch; nonce: 0x762
2026.10.01-20:40:33.114 error [caliper] [ethereum-connector] 	Error: Returned error: Transaction nonce is too distant from current sender nonce
2026.10.01-20:40:33.139 error [caliper] [ethereum-connector] 	Failed tx on registroDeBatches; calling method: registrarBatch; nonce: 0x763
2026.10.01-20:40:33.139 error [caliper] [ethereum-connector] 	Error: Returned error: Transaction nonce is too distant from current sender nonce
2026.10.01-20:40:33.165 error [caliper] [ethereum-connector] 	Failed tx on registroDeBatches; calling method: registrarBatch; nonce: 0x764
2026.10.01-20:40:33.165 error [caliper] [ethereum-connector] 	Error: Returned error: Transaction nonce is too distant from current sender nonce
2026.10.01-20:40:33.189 error [caliper] [ethereum-connector] 	Failed tx on registroDeBatches; calling method: registrarBatch; nonce: 0x765
2026.10.01-20:40:33.189 error [caliper] [ethereum-connector] 	Error: Returned error: Transaction nonce is too distant from current sender nonce
2026.10.01-20:40:33.214 error [caliper] [ethereum-connector] 	Failed tx on registroDeBatches; calling method: registrarBatch; nonce: 0x766
2026.10.01-20:40:33.214 error [caliper] [ethereum-connector] 	Error: Returned error: Transaction nonce is too distant from current sender nonce
2026.10.01-20:40:33.240 error [caliper] [ethereum-connector] 	Failed tx on registroDeBatches; calling method: registrarBatch; nonce: 0x767
2026.10.01-20:40:33.240 error [caliper] [ethereum-connector] 	Error: Returned error: Transaction nonce is too distant from current sender nonce
2026.10.01-20:40:33.265 error [caliper] [ethereum-connector] 	Failed tx on registroDeBatches; calling method: registrarBatch; nonce: 0x768
2026.10.01-20:40:33.265 error [caliper] [ethereum-connector] 	Error: Returned error: Transaction nonce is too distant from current sender nonce
2026.10.01-20:40:33.289 error [caliper] [ethereum-connector] 	Failed tx on registroDeBatches; calling method: registrarBatch; nonce: 0x769
2026.10.01-20:40:33.289 error [caliper] [ethereum-connector] 	Error: Returned error: Transaction nonce is too distant from current sender nonce
2026.10.01-20:40:33.314 error [caliper] [ethereum-connector] 	Failed tx on registroDeBatches; calling method: registrarBatch; nonce: 0x76a
2026.10.01-20:40:33.314 error [caliper] [ethereum-connector] 	Error: Returned error: Transaction nonce is too distant from current sender nonce
2026.10.01-20:40:33.339 error [caliper] [ethereum-connector] 	Failed tx on registroDeBatches; calling method: registrarBatch; nonce: 0x76b
2026.10.01-20:40:33.340 error [caliper] [ethereum-connector] 	Error: Returned error: Transaction nonce is too distant from current sender nonce
2026.10.01-20:40:33.364 error [caliper] [ethereum-connector] 	Failed tx on registroDeBatches; calling method: registrarBatch; nonce: 0x76c
2026.10.01-20:40:33.364 error [caliper] [ethereum-connector] 	Error: Returned error: Transaction nonce is too distant from current sender nonce
2026.10.01-20:40:33.389 error [caliper] [ethereum-connector] 	Failed tx on registroDeBatches; calling method: registrarBatch; nonce: 0x76d
2026.10.01-20:40:33.389 error [caliper] [ethereum-connector] 	Error: Returned error: Transaction nonce is too distant from current sender nonce
2026.10.01-20:40:33.415 error [caliper] [ethereum-connector] 	Failed tx on registroDeBatches; calling method: registrarBatch; nonce: 0x76e
2026.10.01-20:40:33.415 error [caliper] [ethereum-connector] 	Error: Returned error: Transaction nonce is too distant from current sender nonce
2026.10.01-20:40:33.432 info  [caliper] [default-observer] 	[tps-40 Round 2 Transaction Info] - Submitted: 961 Succ: 319 Fail:641 Unfinished:1
2026.10.01-20:40:33.440 error [caliper] [ethereum-connector] 	Failed tx on registroDeBatches; calling method: registrarBatch; nonce: 0x76f
2026.10.01-20:40:33.440 error [caliper] [ethereum-connector] 	Error: Returned error: Transaction nonce is too distant from current sender nonce
2026.10.01-20:40:33.465 error [caliper] [ethereum-connector] 	Failed tx on registroDeBatches; calling method: registrarBatch; nonce: 0x770
2026.10.01-20:40:33.465 error [caliper] [ethereum-connector] 	Error: Returned error: Transaction nonce is too distant from current sender nonce
2026.10.01-20:40:33.490 error [caliper] [ethereum-connector] 	Failed tx on registroDeBatches; calling method: registrarBatch; nonce: 0x771
2026.10.01-20:40:33.490 error [caliper] [ethereum-connector] 	Error: Returned error: Transaction nonce is too distant from current sender nonce
2026.10.01-20:40:33.514 error [caliper] [ethereum-connector] 	Failed tx on registroDeBatches; calling method: registrarBatch; nonce: 0x772
2026.10.01-20:40:33.514 error [caliper] [ethereum-connector] 	Error: Returned error: Transaction nonce is too distant from current sender nonce
2026.10.01-20:40:33.540 error [caliper] [ethereum-connector] 	Failed tx on registroDeBatches; calling method: registrarBatch; nonce: 0x773
2026.10.01-20:40:33.540 error [caliper] [ethereum-connector] 	Error: Returned error: Transaction nonce is too distant from current sender nonce
2026.10.01-20:40:33.565 error [caliper] [ethereum-connector] 	Failed tx on registroDeBatches; calling method: registrarBatch; nonce: 0x774
2026.10.01-20:40:33.565 error [caliper] [ethereum-connector] 	Error: Returned error: Transaction nonce is too distant from current sender nonce
2026.10.01-20:40:33.590 error [caliper] [ethereum-connector] 	Failed tx on registroDeBatches; calling method: registrarBatch; nonce: 0x775
2026.10.01-20:40:33.590 error [caliper] [ethereum-connector] 	Error: Returned error: Transaction nonce is too distant from current sender nonce
2026.10.01-20:40:33.614 error [caliper] [ethereum-connector] 	Failed tx on registroDeBatches; calling method: registrarBatch; nonce: 0x776
2026.10.01-20:40:33.614 error [caliper] [ethereum-connector] 	Error: Returned error: Transaction nonce is too distant from current sender nonce
2026.10.01-20:40:33.639 error [caliper] [ethereum-connector] 	Failed tx on registroDeBatches; calling method: registrarBatch; nonce: 0x777
2026.10.01-20:40:33.639 error [caliper] [ethereum-connector] 	Error: Returned error: Transaction nonce is too distant from current sender nonce
2026.10.01-20:40:33.665 error [caliper] [ethereum-connector] 	Failed tx on registroDeBatches; calling method: registrarBatch; nonce: 0x778
2026.10.01-20:40:33.665 error [caliper] [ethereum-connector] 	Error: Returned error: Transaction nonce is too distant from current sender nonce
2026.10.01-20:40:33.690 error [caliper] [ethereum-connector] 	Failed tx on registroDeBatches; calling method: registrarBatch; nonce: 0x779
2026.10.01-20:40:33.690 error [caliper] [ethereum-connector] 	Error: Returned error: Transaction nonce is too distant from current sender nonce
2026.10.01-20:40:33.713 error [caliper] [ethereum-connector] 	Failed tx on registroDeBatches; calling method: registrarBatch; nonce: 0x77a
2026.10.01-20:40:33.713 error [caliper] [ethereum-connector] 	Error: Returned error: Transaction nonce is too distant from current sender nonce
2026.10.01-20:40:33.740 error [caliper] [ethereum-connector] 	Failed tx on registroDeBatches; calling method: registrarBatch; nonce: 0x77b
2026.10.01-20:40:33.740 error [caliper] [ethereum-connector] 	Error: Returned error: Transaction nonce is too distant from current sender nonce
2026.10.01-20:40:33.765 error [caliper] [ethereum-connector] 	Failed tx on registroDeBatches; calling method: registrarBatch; nonce: 0x77c
2026.10.01-20:40:33.766 error [caliper] [ethereum-connector] 	Error: Returned error: Transaction nonce is too distant from current sender nonce
2026.10.01-20:40:33.790 error [caliper] [ethereum-connector] 	Failed tx on registroDeBatches; calling method: registrarBatch; nonce: 0x77d
2026.10.01-20:40:33.790 error [caliper] [ethereum-connector] 	Error: Returned error: Transaction nonce is too distant from current sender nonce
2026.10.01-20:40:33.814 error [caliper] [ethereum-connector] 	Failed tx on registroDeBatches; calling method: registrarBatch; nonce: 0x77e
2026.10.01-20:40:33.815 error [caliper] [ethereum-connector] 	Error: Returned error: Transaction nonce is too distant from current sender nonce
2026.10.01-20:40:33.839 error [caliper] [ethereum-connector] 	Failed tx on registroDeBatches; calling method: registrarBatch; nonce: 0x77f
2026.10.01-20:40:33.839 error [caliper] [ethereum-connector] 	Error: Returned error: Transaction nonce is too distant from current sender nonce
2026.10.01-20:40:33.867 error [caliper] [ethereum-connector] 	Failed tx on registroDeBatches; calling method: registrarBatch; nonce: 0x780
2026.10.01-20:40:33.867 error [caliper] [ethereum-connector] 	Error: Returned error: Transaction nonce is too distant from current sender nonce
2026.10.01-20:40:33.889 error [caliper] [ethereum-connector] 	Failed tx on registroDeBatches; calling method: registrarBatch; nonce: 0x781
2026.10.01-20:40:33.889 error [caliper] [ethereum-connector] 	Error: Returned error: Transaction nonce is too distant from current sender nonce
2026.10.01-20:40:33.914 error [caliper] [ethereum-connector] 	Failed tx on registroDeBatches; calling method: registrarBatch; nonce: 0x782
2026.10.01-20:40:33.914 error [caliper] [ethereum-connector] 	Error: Returned error: Transaction nonce is too distant from current sender nonce
2026.10.01-20:40:33.939 error [caliper] [ethereum-connector] 	Failed tx on registroDeBatches; calling method: registrarBatch; nonce: 0x783
2026.10.01-20:40:33.939 error [caliper] [ethereum-connector] 	Error: Returned error: Transaction nonce is too distant from current sender nonce
2026.10.01-20:40:33.964 error [caliper] [ethereum-connector] 	Failed tx on registroDeBatches; calling method: registrarBatch; nonce: 0x784
2026.10.01-20:40:33.964 error [caliper] [ethereum-connector] 	Error: Returned error: Transaction nonce is too distant from current sender nonce
2026.10.01-20:40:33.990 error [caliper] [ethereum-connector] 	Failed tx on registroDeBatches; calling method: registrarBatch; nonce: 0x785
2026.10.01-20:40:33.990 error [caliper] [ethereum-connector] 	Error: Returned error: Transaction nonce is too distant from current sender nonce
2026.10.01-20:40:34.013 error [caliper] [ethereum-connector] 	Failed tx on registroDeBatches; calling method: registrarBatch; nonce: 0x786
2026.10.01-20:40:34.013 error [caliper] [ethereum-connector] 	Error: Returned error: Transaction nonce is too distant from current sender nonce
2026.10.01-20:40:34.039 error [caliper] [ethereum-connector] 	Failed tx on registroDeBatches; calling method: registrarBatch; nonce: 0x787
2026.10.01-20:40:34.039 error [caliper] [ethereum-connector] 	Error: Returned error: Transaction nonce is too distant from current sender nonce
2026.10.01-20:40:34.064 error [caliper] [ethereum-connector] 	Failed tx on registroDeBatches; calling method: registrarBatch; nonce: 0x788
2026.10.01-20:40:34.064 error [caliper] [ethereum-connector] 	Error: Returned error: Transaction nonce is too distant from current sender nonce
2026.10.01-20:40:34.090 error [caliper] [ethereum-connector] 	Failed tx on registroDeBatches; calling method: registrarBatch; nonce: 0x789
2026.10.01-20:40:34.090 error [caliper] [ethereum-connector] 	Error: Returned error: Transaction nonce is too distant from current sender nonce
2026.10.01-20:40:34.114 error [caliper] [ethereum-connector] 	Failed tx on registroDeBatches; calling method: registrarBatch; nonce: 0x78a
2026.10.01-20:40:34.114 error [caliper] [ethereum-connector] 	Error: Returned error: Transaction nonce is too distant from current sender nonce
2026.10.01-20:40:34.139 error [caliper] [ethereum-connector] 	Failed tx on registroDeBatches; calling method: registrarBatch; nonce: 0x78b
2026.10.01-20:40:34.139 error [caliper] [ethereum-connector] 	Error: Returned error: Transaction nonce is too distant from current sender nonce
2026.10.01-20:40:34.165 error [caliper] [ethereum-connector] 	Failed tx on registroDeBatches; calling method: registrarBatch; nonce: 0x78c
2026.10.01-20:40:34.165 error [caliper] [ethereum-connector] 	Error: Returned error: Transaction nonce is too distant from current sender nonce
2026.10.01-20:40:34.189 error [caliper] [ethereum-connector] 	Failed tx on registroDeBatches; calling method: registrarBatch; nonce: 0x78d
2026.10.01-20:40:34.189 error [caliper] [ethereum-connector] 	Error: Returned error: Transaction nonce is too distant from current sender nonce
2026.10.01-20:40:34.215 error [caliper] [ethereum-connector] 	Failed tx on registroDeBatches; calling method: registrarBatch; nonce: 0x78e
2026.10.01-20:40:34.215 error [caliper] [ethereum-connector] 	Error: Returned error: Transaction nonce is too distant from current sender nonce
2026.10.01-20:40:34.239 error [caliper] [ethereum-connector] 	Failed tx on registroDeBatches; calling method: registrarBatch; nonce: 0x78f
2026.10.01-20:40:34.239 error [caliper] [ethereum-connector] 	Error: Returned error: Transaction nonce is too distant from current sender nonce
2026.10.01-20:40:34.264 error [caliper] [ethereum-connector] 	Failed tx on registroDeBatches; calling method: registrarBatch; nonce: 0x790
2026.10.01-20:40:34.264 error [caliper] [ethereum-connector] 	Error: Returned error: Transaction nonce is too distant from current sender nonce
2026.10.01-20:40:34.289 error [caliper] [ethereum-connector] 	Failed tx on registroDeBatches; calling method: registrarBatch; nonce: 0x791
2026.10.01-20:40:34.289 error [caliper] [ethereum-connector] 	Error: Returned error: Transaction nonce is too distant from current sender nonce
2026.10.01-20:40:34.314 error [caliper] [ethereum-connector] 	Failed tx on registroDeBatches; calling method: registrarBatch; nonce: 0x792
2026.10.01-20:40:34.314 error [caliper] [ethereum-connector] 	Error: Returned error: Transaction nonce is too distant from current sender nonce
2026.10.01-20:40:34.340 error [caliper] [ethereum-connector] 	Failed tx on registroDeBatches; calling method: registrarBatch; nonce: 0x793
2026.10.01-20:40:34.340 error [caliper] [ethereum-connector] 	Error: Returned error: Transaction nonce is too distant from current sender nonce
2026.10.01-20:40:34.365 error [caliper] [ethereum-connector] 	Failed tx on registroDeBatches; calling method: registrarBatch; nonce: 0x794
2026.10.01-20:40:34.365 error [caliper] [ethereum-connector] 	Error: Returned error: Transaction nonce is too distant from current sender nonce
2026.10.01-20:40:34.389 error [caliper] [ethereum-connector] 	Failed tx on registroDeBatches; calling method: registrarBatch; nonce: 0x795
2026.10.01-20:40:34.389 error [caliper] [ethereum-connector] 	Error: Returned error: Transaction nonce is too distant from current sender nonce
2026.10.01-20:40:34.414 error [caliper] [ethereum-connector] 	Failed tx on registroDeBatches; calling method: registrarBatch; nonce: 0x796
2026.10.01-20:40:34.414 error [caliper] [ethereum-connector] 	Error: Returned error: Transaction nonce is too distant from current sender nonce
2026.10.01-20:40:34.439 error [caliper] [ethereum-connector] 	Failed tx on registroDeBatches; calling method: registrarBatch; nonce: 0x797
2026.10.01-20:40:34.439 error [caliper] [ethereum-connector] 	Error: Returned error: Transaction nonce is too distant from current sender nonce
2026.10.01-20:40:34.462 error [caliper] [ethereum-connector] 	Failed tx on registroDeBatches; calling method: registrarBatch; nonce: 0x798
2026.10.01-20:40:34.462 error [caliper] [ethereum-connector] 	Error: Returned error: Transaction nonce is too distant from current sender nonce
2026.10.01-20:40:34.488 error [caliper] [ethereum-connector] 	Failed tx on registroDeBatches; calling method: registrarBatch; nonce: 0x799
2026.10.01-20:40:34.488 error [caliper] [ethereum-connector] 	Error: Returned error: Transaction nonce is too distant from current sender nonce
2026.10.01-20:40:34.514 error [caliper] [ethereum-connector] 	Failed tx on registroDeBatches; calling method: registrarBatch; nonce: 0x79a
2026.10.01-20:40:34.514 error [caliper] [ethereum-connector] 	Error: Returned error: Transaction nonce is too distant from current sender nonce
2026.10.01-20:40:34.540 error [caliper] [ethereum-connector] 	Failed tx on registroDeBatches; calling method: registrarBatch; nonce: 0x79b
2026.10.01-20:40:34.540 error [caliper] [ethereum-connector] 	Error: Returned error: Transaction nonce is too distant from current sender nonce
2026.10.01-20:40:34.565 error [caliper] [ethereum-connector] 	Failed tx on registroDeBatches; calling method: registrarBatch; nonce: 0x79c
2026.10.01-20:40:34.565 error [caliper] [ethereum-connector] 	Error: Returned error: Transaction nonce is too distant from current sender nonce
2026.10.01-20:40:34.595 error [caliper] [ethereum-connector] 	Failed tx on registroDeBatches; calling method: registrarBatch; nonce: 0x79d
2026.10.01-20:40:34.595 error [caliper] [ethereum-connector] 	Error: Returned error: Transaction nonce is too distant from current sender nonce
2026.10.01-20:40:34.614 error [caliper] [ethereum-connector] 	Failed tx on registroDeBatches; calling method: registrarBatch; nonce: 0x79e
2026.10.01-20:40:34.614 error [caliper] [ethereum-connector] 	Error: Returned error: Transaction nonce is too distant from current sender nonce
2026.10.01-20:40:34.640 error [caliper] [ethereum-connector] 	Failed tx on registroDeBatches; calling method: registrarBatch; nonce: 0x79f
2026.10.01-20:40:34.640 error [caliper] [ethereum-connector] 	Error: Returned error: Transaction nonce is too distant from current sender nonce
2026.10.01-20:40:34.663 error [caliper] [ethereum-connector] 	Failed tx on registroDeBatches; calling method: registrarBatch; nonce: 0x7a0
2026.10.01-20:40:34.663 error [caliper] [ethereum-connector] 	Error: Returned error: Transaction nonce is too distant from current sender nonce
2026.10.01-20:40:34.690 error [caliper] [ethereum-connector] 	Failed tx on registroDeBatches; calling method: registrarBatch; nonce: 0x7a1
2026.10.01-20:40:34.690 error [caliper] [ethereum-connector] 	Error: Returned error: Transaction nonce is too distant from current sender nonce
2026.10.01-20:40:34.714 error [caliper] [ethereum-connector] 	Failed tx on registroDeBatches; calling method: registrarBatch; nonce: 0x7a2
2026.10.01-20:40:34.714 error [caliper] [ethereum-connector] 	Error: Returned error: Transaction nonce is too distant from current sender nonce
2026.10.01-20:40:34.740 error [caliper] [ethereum-connector] 	Failed tx on registroDeBatches; calling method: registrarBatch; nonce: 0x7a3
2026.10.01-20:40:34.740 error [caliper] [ethereum-connector] 	Error: Returned error: Transaction nonce is too distant from current sender nonce
2026.10.01-20:40:34.764 error [caliper] [ethereum-connector] 	Failed tx on registroDeBatches; calling method: registrarBatch; nonce: 0x7a4
2026.10.01-20:40:34.764 error [caliper] [ethereum-connector] 	Error: Returned error: Transaction nonce is too distant from current sender nonce
2026.10.01-20:40:34.790 error [caliper] [ethereum-connector] 	Failed tx on registroDeBatches; calling method: registrarBatch; nonce: 0x7a5
2026.10.01-20:40:34.790 error [caliper] [ethereum-connector] 	Error: Returned error: Transaction nonce is too distant from current sender nonce
2026.10.01-20:40:34.814 error [caliper] [ethereum-connector] 	Failed tx on registroDeBatches; calling method: registrarBatch; nonce: 0x7a6
2026.10.01-20:40:34.814 error [caliper] [ethereum-connector] 	Error: Returned error: Transaction nonce is too distant from current sender nonce
2026.10.01-20:40:34.840 error [caliper] [ethereum-connector] 	Failed tx on registroDeBatches; calling method: registrarBatch; nonce: 0x7a7
2026.10.01-20:40:34.840 error [caliper] [ethereum-connector] 	Error: Returned error: Transaction nonce is too distant from current sender nonce
2026.10.01-20:40:34.865 error [caliper] [ethereum-connector] 	Failed tx on registroDeBatches; calling method: registrarBatch; nonce: 0x7a8
2026.10.01-20:40:34.865 error [caliper] [ethereum-connector] 	Error: Returned error: Transaction nonce is too distant from current sender nonce
2026.10.01-20:40:34.890 error [caliper] [ethereum-connector] 	Failed tx on registroDeBatches; calling method: registrarBatch; nonce: 0x7a9
2026.10.01-20:40:34.890 error [caliper] [ethereum-connector] 	Error: Returned error: Transaction nonce is too distant from current sender nonce
2026.10.01-20:40:34.915 error [caliper] [ethereum-connector] 	Failed tx on registroDeBatches; calling method: registrarBatch; nonce: 0x7aa
2026.10.01-20:40:34.916 error [caliper] [ethereum-connector] 	Error: Returned error: Transaction nonce is too distant from current sender nonce
2026.10.01-20:40:34.947 error [caliper] [ethereum-connector] 	Failed tx on registroDeBatches; calling method: registrarBatch; nonce: 0x7ab
2026.10.01-20:40:34.947 error [caliper] [ethereum-connector] 	Error: Returned error: Transaction nonce is too distant from current sender nonce
2026.10.01-20:40:34.966 error [caliper] [ethereum-connector] 	Failed tx on registroDeBatches; calling method: registrarBatch; nonce: 0x7ac
2026.10.01-20:40:34.966 error [caliper] [ethereum-connector] 	Error: Returned error: Transaction nonce is too distant from current sender nonce
2026.10.01-20:40:34.989 error [caliper] [ethereum-connector] 	Failed tx on registroDeBatches; calling method: registrarBatch; nonce: 0x7ad
2026.10.01-20:40:34.989 error [caliper] [ethereum-connector] 	Error: Returned error: Transaction nonce is too distant from current sender nonce
2026.10.01-20:40:35.023 error [caliper] [ethereum-connector] 	Failed tx on registroDeBatches; calling method: registrarBatch; nonce: 0x7ae
2026.10.01-20:40:35.023 error [caliper] [ethereum-connector] 	Error: Returned error: Transaction nonce is too distant from current sender nonce
2026.10.01-20:40:35.041 error [caliper] [ethereum-connector] 	Failed tx on registroDeBatches; calling method: registrarBatch; nonce: 0x7af
2026.10.01-20:40:35.041 error [caliper] [ethereum-connector] 	Error: Returned error: Transaction nonce is too distant from current sender nonce
2026.10.01-20:40:35.075 error [caliper] [ethereum-connector] 	Failed tx on registroDeBatches; calling method: registrarBatch; nonce: 0x7b0
2026.10.01-20:40:35.075 error [caliper] [ethereum-connector] 	Error: Returned error: Transaction nonce is too distant from current sender nonce
2026.10.01-20:40:35.089 error [caliper] [ethereum-connector] 	Failed tx on registroDeBatches; calling method: registrarBatch; nonce: 0x7b1
2026.10.01-20:40:35.089 error [caliper] [ethereum-connector] 	Error: Returned error: Transaction nonce is too distant from current sender nonce
2026.10.01-20:40:35.114 error [caliper] [ethereum-connector] 	Failed tx on registroDeBatches; calling method: registrarBatch; nonce: 0x7b2
2026.10.01-20:40:35.114 error [caliper] [ethereum-connector] 	Error: Returned error: Transaction nonce is too distant from current sender nonce
2026.10.01-20:40:35.138 error [caliper] [ethereum-connector] 	Failed tx on registroDeBatches; calling method: registrarBatch; nonce: 0x7b3
2026.10.01-20:40:35.138 error [caliper] [ethereum-connector] 	Error: Returned error: Transaction nonce is too distant from current sender nonce
2026.10.01-20:40:35.164 error [caliper] [ethereum-connector] 	Failed tx on registroDeBatches; calling method: registrarBatch; nonce: 0x7b4
2026.10.01-20:40:35.164 error [caliper] [ethereum-connector] 	Error: Returned error: Transaction nonce is too distant from current sender nonce
2026.10.01-20:40:35.188 error [caliper] [ethereum-connector] 	Failed tx on registroDeBatches; calling method: registrarBatch; nonce: 0x7b5
2026.10.01-20:40:35.188 error [caliper] [ethereum-connector] 	Error: Returned error: Transaction nonce is too distant from current sender nonce
2026.10.01-20:40:35.215 error [caliper] [ethereum-connector] 	Failed tx on registroDeBatches; calling method: registrarBatch; nonce: 0x7b6
2026.10.01-20:40:35.215 error [caliper] [ethereum-connector] 	Error: Returned error: Transaction nonce is too distant from current sender nonce
2026.10.01-20:40:35.240 error [caliper] [ethereum-connector] 	Failed tx on registroDeBatches; calling method: registrarBatch; nonce: 0x7b7
2026.10.01-20:40:35.240 error [caliper] [ethereum-connector] 	Error: Returned error: Transaction nonce is too distant from current sender nonce
2026.10.01-20:40:35.263 error [caliper] [ethereum-connector] 	Failed tx on registroDeBatches; calling method: registrarBatch; nonce: 0x7b8
2026.10.01-20:40:35.263 error [caliper] [ethereum-connector] 	Error: Returned error: Transaction nonce is too distant from current sender nonce
2026.10.01-20:40:35.289 error [caliper] [ethereum-connector] 	Failed tx on registroDeBatches; calling method: registrarBatch; nonce: 0x7b9
2026.10.01-20:40:35.289 error [caliper] [ethereum-connector] 	Error: Returned error: Transaction nonce is too distant from current sender nonce
2026.10.01-20:40:35.313 error [caliper] [ethereum-connector] 	Failed tx on registroDeBatches; calling method: registrarBatch; nonce: 0x7ba
2026.10.01-20:40:35.313 error [caliper] [ethereum-connector] 	Error: Returned error: Transaction nonce is too distant from current sender nonce
2026.10.01-20:40:35.338 error [caliper] [ethereum-connector] 	Failed tx on registroDeBatches; calling method: registrarBatch; nonce: 0x7bb
2026.10.01-20:40:35.338 error [caliper] [ethereum-connector] 	Error: Returned error: Transaction nonce is too distant from current sender nonce
2026.10.01-20:40:35.363 error [caliper] [ethereum-connector] 	Failed tx on registroDeBatches; calling method: registrarBatch; nonce: 0x7bc
2026.10.01-20:40:35.363 error [caliper] [ethereum-connector] 	Error: Returned error: Transaction nonce is too distant from current sender nonce
2026.10.01-20:40:35.389 error [caliper] [ethereum-connector] 	Failed tx on registroDeBatches; calling method: registrarBatch; nonce: 0x7bd
2026.10.01-20:40:35.389 error [caliper] [ethereum-connector] 	Error: Returned error: Transaction nonce is too distant from current sender nonce
2026.10.01-20:40:35.413 error [caliper] [ethereum-connector] 	Failed tx on registroDeBatches; calling method: registrarBatch; nonce: 0x7be
2026.10.01-20:40:35.413 error [caliper] [ethereum-connector] 	Error: Returned error: Transaction nonce is too distant from current sender nonce
2026.10.01-20:40:35.438 error [caliper] [ethereum-connector] 	Failed tx on registroDeBatches; calling method: registrarBatch; nonce: 0x7bf
2026.10.01-20:40:35.438 error [caliper] [ethereum-connector] 	Error: Returned error: Transaction nonce is too distant from current sender nonce
2026.10.01-20:40:35.464 error [caliper] [ethereum-connector] 	Failed tx on registroDeBatches; calling method: registrarBatch; nonce: 0x7c0
2026.10.01-20:40:35.464 error [caliper] [ethereum-connector] 	Error: Returned error: Transaction nonce is too distant from current sender nonce
2026.10.01-20:40:35.489 error [caliper] [ethereum-connector] 	Failed tx on registroDeBatches; calling method: registrarBatch; nonce: 0x7c1
2026.10.01-20:40:35.489 error [caliper] [ethereum-connector] 	Error: Returned error: Transaction nonce is too distant from current sender nonce
2026.10.01-20:40:35.514 error [caliper] [ethereum-connector] 	Failed tx on registroDeBatches; calling method: registrarBatch; nonce: 0x7c2
2026.10.01-20:40:35.514 error [caliper] [ethereum-connector] 	Error: Returned error: Transaction nonce is too distant from current sender nonce
2026.10.01-20:40:35.540 error [caliper] [ethereum-connector] 	Failed tx on registroDeBatches; calling method: registrarBatch; nonce: 0x7c3
2026.10.01-20:40:35.540 error [caliper] [ethereum-connector] 	Error: Returned error: Transaction nonce is too distant from current sender nonce
2026.10.01-20:40:35.564 error [caliper] [ethereum-connector] 	Failed tx on registroDeBatches; calling method: registrarBatch; nonce: 0x7c4
2026.10.01-20:40:35.564 error [caliper] [ethereum-connector] 	Error: Returned error: Transaction nonce is too distant from current sender nonce
2026.10.01-20:40:35.590 error [caliper] [ethereum-connector] 	Failed tx on registroDeBatches; calling method: registrarBatch; nonce: 0x7c5
2026.10.01-20:40:35.590 error [caliper] [ethereum-connector] 	Error: Returned error: Transaction nonce is too distant from current sender nonce
2026.10.01-20:40:35.615 error [caliper] [ethereum-connector] 	Failed tx on registroDeBatches; calling method: registrarBatch; nonce: 0x7c6
2026.10.01-20:40:35.615 error [caliper] [ethereum-connector] 	Error: Returned error: Transaction nonce is too distant from current sender nonce
2026.10.01-20:40:35.639 error [caliper] [ethereum-connector] 	Failed tx on registroDeBatches; calling method: registrarBatch; nonce: 0x7c7
2026.10.01-20:40:35.639 error [caliper] [ethereum-connector] 	Error: Returned error: Transaction nonce is too distant from current sender nonce
2026.10.01-20:40:35.665 error [caliper] [ethereum-connector] 	Failed tx on registroDeBatches; calling method: registrarBatch; nonce: 0x7c8
2026.10.01-20:40:35.665 error [caliper] [ethereum-connector] 	Error: Returned error: Transaction nonce is too distant from current sender nonce
2026.10.01-20:40:35.689 error [caliper] [ethereum-connector] 	Failed tx on registroDeBatches; calling method: registrarBatch; nonce: 0x7c9
2026.10.01-20:40:35.689 error [caliper] [ethereum-connector] 	Error: Returned error: Transaction nonce is too distant from current sender nonce
2026.10.01-20:40:35.714 error [caliper] [ethereum-connector] 	Failed tx on registroDeBatches; calling method: registrarBatch; nonce: 0x7ca
2026.10.01-20:40:35.714 error [caliper] [ethereum-connector] 	Error: Returned error: Transaction nonce is too distant from current sender nonce
2026.10.01-20:40:35.738 error [caliper] [ethereum-connector] 	Failed tx on registroDeBatches; calling method: registrarBatch; nonce: 0x7cb
2026.10.01-20:40:35.738 error [caliper] [ethereum-connector] 	Error: Returned error: Transaction nonce is too distant from current sender nonce
2026.10.01-20:40:35.764 error [caliper] [ethereum-connector] 	Failed tx on registroDeBatches; calling method: registrarBatch; nonce: 0x7cc
2026.10.01-20:40:35.764 error [caliper] [ethereum-connector] 	Error: Returned error: Transaction nonce is too distant from current sender nonce
2026.10.01-20:40:35.790 error [caliper] [ethereum-connector] 	Failed tx on registroDeBatches; calling method: registrarBatch; nonce: 0x7cd
2026.10.01-20:40:35.790 error [caliper] [ethereum-connector] 	Error: Returned error: Transaction nonce is too distant from current sender nonce
2026.10.01-20:40:35.814 error [caliper] [ethereum-connector] 	Failed tx on registroDeBatches; calling method: registrarBatch; nonce: 0x7ce
2026.10.01-20:40:35.814 error [caliper] [ethereum-connector] 	Error: Returned error: Transaction nonce is too distant from current sender nonce
2026.10.01-20:40:35.839 error [caliper] [ethereum-connector] 	Failed tx on registroDeBatches; calling method: registrarBatch; nonce: 0x7cf
2026.10.01-20:40:35.839 error [caliper] [ethereum-connector] 	Error: Returned error: Transaction nonce is too distant from current sender nonce
2026.10.01-20:40:35.864 error [caliper] [ethereum-connector] 	Failed tx on registroDeBatches; calling method: registrarBatch; nonce: 0x7d0
2026.10.01-20:40:35.864 error [caliper] [ethereum-connector] 	Error: Returned error: Transaction nonce is too distant from current sender nonce
2026.10.01-20:40:35.889 error [caliper] [ethereum-connector] 	Failed tx on registroDeBatches; calling method: registrarBatch; nonce: 0x7d1
2026.10.01-20:40:35.889 error [caliper] [ethereum-connector] 	Error: Returned error: Transaction nonce is too distant from current sender nonce
2026.10.01-20:40:35.914 error [caliper] [ethereum-connector] 	Failed tx on registroDeBatches; calling method: registrarBatch; nonce: 0x7d2
2026.10.01-20:40:35.914 error [caliper] [ethereum-connector] 	Error: Returned error: Transaction nonce is too distant from current sender nonce
2026.10.01-20:40:35.940 error [caliper] [ethereum-connector] 	Failed tx on registroDeBatches; calling method: registrarBatch; nonce: 0x7d3
2026.10.01-20:40:35.940 error [caliper] [ethereum-connector] 	Error: Returned error: Transaction nonce is too distant from current sender nonce
2026.10.01-20:40:35.964 error [caliper] [ethereum-connector] 	Failed tx on registroDeBatches; calling method: registrarBatch; nonce: 0x7d4
2026.10.01-20:40:35.964 error [caliper] [ethereum-connector] 	Error: Returned error: Transaction nonce is too distant from current sender nonce
2026.10.01-20:40:35.991 error [caliper] [ethereum-connector] 	Failed tx on registroDeBatches; calling method: registrarBatch; nonce: 0x7d5
2026.10.01-20:40:35.991 error [caliper] [ethereum-connector] 	Error: Returned error: Transaction nonce is too distant from current sender nonce
2026.10.01-20:40:36.014 error [caliper] [ethereum-connector] 	Failed tx on registroDeBatches; calling method: registrarBatch; nonce: 0x7d6
2026.10.01-20:40:36.014 error [caliper] [ethereum-connector] 	Error: Returned error: Transaction nonce is too distant from current sender nonce
2026.10.01-20:40:36.040 error [caliper] [ethereum-connector] 	Failed tx on registroDeBatches; calling method: registrarBatch; nonce: 0x7d7
2026.10.01-20:40:36.040 error [caliper] [ethereum-connector] 	Error: Returned error: Transaction nonce is too distant from current sender nonce
2026.10.01-20:40:36.064 error [caliper] [ethereum-connector] 	Failed tx on registroDeBatches; calling method: registrarBatch; nonce: 0x7d8
2026.10.01-20:40:36.064 error [caliper] [ethereum-connector] 	Error: Returned error: Transaction nonce is too distant from current sender nonce
2026.10.01-20:40:36.090 error [caliper] [ethereum-connector] 	Failed tx on registroDeBatches; calling method: registrarBatch; nonce: 0x7d9
2026.10.01-20:40:36.090 error [caliper] [ethereum-connector] 	Error: Returned error: Transaction nonce is too distant from current sender nonce
2026.10.01-20:40:36.114 error [caliper] [ethereum-connector] 	Failed tx on registroDeBatches; calling method: registrarBatch; nonce: 0x7da
2026.10.01-20:40:36.114 error [caliper] [ethereum-connector] 	Error: Returned error: Transaction nonce is too distant from current sender nonce
2026.10.01-20:40:36.140 error [caliper] [ethereum-connector] 	Failed tx on registroDeBatches; calling method: registrarBatch; nonce: 0x7db
2026.10.01-20:40:36.140 error [caliper] [ethereum-connector] 	Error: Returned error: Transaction nonce is too distant from current sender nonce
2026.10.01-20:40:36.165 error [caliper] [ethereum-connector] 	Failed tx on registroDeBatches; calling method: registrarBatch; nonce: 0x7dc
2026.10.01-20:40:36.165 error [caliper] [ethereum-connector] 	Error: Returned error: Transaction nonce is too distant from current sender nonce
2026.10.01-20:40:36.189 error [caliper] [ethereum-connector] 	Failed tx on registroDeBatches; calling method: registrarBatch; nonce: 0x7dd
2026.10.01-20:40:36.189 error [caliper] [ethereum-connector] 	Error: Returned error: Transaction nonce is too distant from current sender nonce
2026.10.01-20:40:36.214 error [caliper] [ethereum-connector] 	Failed tx on registroDeBatches; calling method: registrarBatch; nonce: 0x7de
2026.10.01-20:40:36.214 error [caliper] [ethereum-connector] 	Error: Returned error: Transaction nonce is too distant from current sender nonce
2026.10.01-20:40:36.240 error [caliper] [ethereum-connector] 	Failed tx on registroDeBatches; calling method: registrarBatch; nonce: 0x7df
2026.10.01-20:40:36.240 error [caliper] [ethereum-connector] 	Error: Returned error: Transaction nonce is too distant from current sender nonce
2026.10.01-20:40:36.263 error [caliper] [ethereum-connector] 	Failed tx on registroDeBatches; calling method: registrarBatch; nonce: 0x7e0
2026.10.01-20:40:36.263 error [caliper] [ethereum-connector] 	Error: Returned error: Transaction nonce is too distant from current sender nonce
2026.10.01-20:40:36.290 error [caliper] [ethereum-connector] 	Failed tx on registroDeBatches; calling method: registrarBatch; nonce: 0x7e1
2026.10.01-20:40:36.290 error [caliper] [ethereum-connector] 	Error: Returned error: Transaction nonce is too distant from current sender nonce
2026.10.01-20:40:36.314 error [caliper] [ethereum-connector] 	Failed tx on registroDeBatches; calling method: registrarBatch; nonce: 0x7e2
2026.10.01-20:40:36.314 error [caliper] [ethereum-connector] 	Error: Returned error: Transaction nonce is too distant from current sender nonce
2026.10.01-20:40:36.339 error [caliper] [ethereum-connector] 	Failed tx on registroDeBatches; calling method: registrarBatch; nonce: 0x7e3
2026.10.01-20:40:36.339 error [caliper] [ethereum-connector] 	Error: Returned error: Transaction nonce is too distant from current sender nonce
2026.10.01-20:40:36.363 error [caliper] [ethereum-connector] 	Failed tx on registroDeBatches; calling method: registrarBatch; nonce: 0x7e4
2026.10.01-20:40:36.363 error [caliper] [ethereum-connector] 	Error: Returned error: Transaction nonce is too distant from current sender nonce
2026.10.01-20:40:36.388 error [caliper] [ethereum-connector] 	Failed tx on registroDeBatches; calling method: registrarBatch; nonce: 0x7e5
2026.10.01-20:40:36.388 error [caliper] [ethereum-connector] 	Error: Returned error: Transaction nonce is too distant from current sender nonce
2026.10.01-20:40:36.412 error [caliper] [ethereum-connector] 	Failed tx on registroDeBatches; calling method: registrarBatch; nonce: 0x7e6
2026.10.01-20:40:36.412 error [caliper] [ethereum-connector] 	Error: Returned error: Transaction nonce is too distant from current sender nonce
2026.10.01-20:40:36.439 error [caliper] [ethereum-connector] 	Failed tx on registroDeBatches; calling method: registrarBatch; nonce: 0x7e7
2026.10.01-20:40:36.439 error [caliper] [ethereum-connector] 	Error: Returned error: Transaction nonce is too distant from current sender nonce
2026.10.01-20:40:36.464 error [caliper] [ethereum-connector] 	Failed tx on registroDeBatches; calling method: registrarBatch; nonce: 0x7e8
2026.10.01-20:40:36.464 error [caliper] [ethereum-connector] 	Error: Returned error: Transaction nonce is too distant from current sender nonce
2026.10.01-20:40:36.490 error [caliper] [ethereum-connector] 	Failed tx on registroDeBatches; calling method: registrarBatch; nonce: 0x7e9
2026.10.01-20:40:36.490 error [caliper] [ethereum-connector] 	Error: Returned error: Transaction nonce is too distant from current sender nonce
2026.10.01-20:40:36.515 error [caliper] [ethereum-connector] 	Failed tx on registroDeBatches; calling method: registrarBatch; nonce: 0x7ea
2026.10.01-20:40:36.515 error [caliper] [ethereum-connector] 	Error: Returned error: Transaction nonce is too distant from current sender nonce
2026.10.01-20:40:36.539 error [caliper] [ethereum-connector] 	Failed tx on registroDeBatches; calling method: registrarBatch; nonce: 0x7eb
2026.10.01-20:40:36.539 error [caliper] [ethereum-connector] 	Error: Returned error: Transaction nonce is too distant from current sender nonce
2026.10.01-20:40:36.564 error [caliper] [ethereum-connector] 	Failed tx on registroDeBatches; calling method: registrarBatch; nonce: 0x7ec
2026.10.01-20:40:36.564 error [caliper] [ethereum-connector] 	Error: Returned error: Transaction nonce is too distant from current sender nonce
2026.10.01-20:40:36.590 error [caliper] [ethereum-connector] 	Failed tx on registroDeBatches; calling method: registrarBatch; nonce: 0x7ed
2026.10.01-20:40:36.590 error [caliper] [ethereum-connector] 	Error: Returned error: Transaction nonce is too distant from current sender nonce
2026.10.01-20:40:36.614 error [caliper] [ethereum-connector] 	Failed tx on registroDeBatches; calling method: registrarBatch; nonce: 0x7ee
2026.10.01-20:40:36.614 error [caliper] [ethereum-connector] 	Error: Returned error: Transaction nonce is too distant from current sender nonce
2026.10.01-20:40:36.640 error [caliper] [ethereum-connector] 	Failed tx on registroDeBatches; calling method: registrarBatch; nonce: 0x7ef
2026.10.01-20:40:36.640 error [caliper] [ethereum-connector] 	Error: Returned error: Transaction nonce is too distant from current sender nonce
2026.10.01-20:40:36.664 error [caliper] [ethereum-connector] 	Failed tx on registroDeBatches; calling method: registrarBatch; nonce: 0x7f0
2026.10.01-20:40:36.664 error [caliper] [ethereum-connector] 	Error: Returned error: Transaction nonce is too distant from current sender nonce
2026.10.01-20:40:36.689 error [caliper] [ethereum-connector] 	Failed tx on registroDeBatches; calling method: registrarBatch; nonce: 0x7f1
2026.10.01-20:40:36.689 error [caliper] [ethereum-connector] 	Error: Returned error: Transaction nonce is too distant from current sender nonce
2026.10.01-20:40:36.715 error [caliper] [ethereum-connector] 	Failed tx on registroDeBatches; calling method: registrarBatch; nonce: 0x7f2
2026.10.01-20:40:36.715 error [caliper] [ethereum-connector] 	Error: Returned error: Transaction nonce is too distant from current sender nonce
2026.10.01-20:40:36.739 error [caliper] [ethereum-connector] 	Failed tx on registroDeBatches; calling method: registrarBatch; nonce: 0x7f3
2026.10.01-20:40:36.739 error [caliper] [ethereum-connector] 	Error: Returned error: Transaction nonce is too distant from current sender nonce
2026.10.01-20:40:36.766 error [caliper] [ethereum-connector] 	Failed tx on registroDeBatches; calling method: registrarBatch; nonce: 0x7f4
2026.10.01-20:40:36.766 error [caliper] [ethereum-connector] 	Error: Returned error: Transaction nonce is too distant from current sender nonce
2026.10.01-20:40:36.790 error [caliper] [ethereum-connector] 	Failed tx on registroDeBatches; calling method: registrarBatch; nonce: 0x7f5
2026.10.01-20:40:36.790 error [caliper] [ethereum-connector] 	Error: Returned error: Transaction nonce is too distant from current sender nonce
2026.10.01-20:40:36.815 error [caliper] [ethereum-connector] 	Failed tx on registroDeBatches; calling method: registrarBatch; nonce: 0x7f6
2026.10.01-20:40:36.815 error [caliper] [ethereum-connector] 	Error: Returned error: Transaction nonce is too distant from current sender nonce
2026.10.01-20:40:36.841 error [caliper] [ethereum-connector] 	Failed tx on registroDeBatches; calling method: registrarBatch; nonce: 0x7f7
2026.10.01-20:40:36.841 error [caliper] [ethereum-connector] 	Error: Returned error: Transaction nonce is too distant from current sender nonce
2026.10.01-20:40:36.863 error [caliper] [ethereum-connector] 	Failed tx on registroDeBatches; calling method: registrarBatch; nonce: 0x7f8
2026.10.01-20:40:36.863 error [caliper] [ethereum-connector] 	Error: Returned error: Transaction nonce is too distant from current sender nonce
2026.10.01-20:40:36.889 error [caliper] [ethereum-connector] 	Failed tx on registroDeBatches; calling method: registrarBatch; nonce: 0x7f9
2026.10.01-20:40:36.889 error [caliper] [ethereum-connector] 	Error: Returned error: Transaction nonce is too distant from current sender nonce
2026.10.01-20:40:36.914 error [caliper] [ethereum-connector] 	Failed tx on registroDeBatches; calling method: registrarBatch; nonce: 0x7fa
2026.10.01-20:40:36.914 error [caliper] [ethereum-connector] 	Error: Returned error: Transaction nonce is too distant from current sender nonce
2026.10.01-20:40:36.940 error [caliper] [ethereum-connector] 	Failed tx on registroDeBatches; calling method: registrarBatch; nonce: 0x7fb
2026.10.01-20:40:36.940 error [caliper] [ethereum-connector] 	Error: Returned error: Transaction nonce is too distant from current sender nonce
2026.10.01-20:40:36.964 error [caliper] [ethereum-connector] 	Failed tx on registroDeBatches; calling method: registrarBatch; nonce: 0x7fc
2026.10.01-20:40:36.964 error [caliper] [ethereum-connector] 	Error: Returned error: Transaction nonce is too distant from current sender nonce
2026.10.01-20:40:36.989 error [caliper] [ethereum-connector] 	Failed tx on registroDeBatches; calling method: registrarBatch; nonce: 0x7fd
2026.10.01-20:40:36.989 error [caliper] [ethereum-connector] 	Error: Returned error: Transaction nonce is too distant from current sender nonce
2026.10.01-20:40:37.014 error [caliper] [ethereum-connector] 	Failed tx on registroDeBatches; calling method: registrarBatch; nonce: 0x7fe
2026.10.01-20:40:37.014 error [caliper] [ethereum-connector] 	Error: Returned error: Transaction nonce is too distant from current sender nonce
2026.10.01-20:40:37.038 error [caliper] [ethereum-connector] 	Failed tx on registroDeBatches; calling method: registrarBatch; nonce: 0x7ff
2026.10.01-20:40:37.038 error [caliper] [ethereum-connector] 	Error: Returned error: Transaction nonce is too distant from current sender nonce
2026.10.01-20:40:37.062 error [caliper] [ethereum-connector] 	Failed tx on registroDeBatches; calling method: registrarBatch; nonce: 0x800
2026.10.01-20:40:37.062 error [caliper] [ethereum-connector] 	Error: Returned error: Transaction nonce is too distant from current sender nonce
2026.10.01-20:40:37.089 error [caliper] [ethereum-connector] 	Failed tx on registroDeBatches; calling method: registrarBatch; nonce: 0x801
2026.10.01-20:40:37.089 error [caliper] [ethereum-connector] 	Error: Returned error: Transaction nonce is too distant from current sender nonce
2026.10.01-20:40:37.114 error [caliper] [ethereum-connector] 	Failed tx on registroDeBatches; calling method: registrarBatch; nonce: 0x802
2026.10.01-20:40:37.114 error [caliper] [ethereum-connector] 	Error: Returned error: Transaction nonce is too distant from current sender nonce
2026.10.01-20:40:37.139 error [caliper] [ethereum-connector] 	Failed tx on registroDeBatches; calling method: registrarBatch; nonce: 0x803
2026.10.01-20:40:37.139 error [caliper] [ethereum-connector] 	Error: Returned error: Transaction nonce is too distant from current sender nonce
2026.10.01-20:40:37.163 error [caliper] [ethereum-connector] 	Failed tx on registroDeBatches; calling method: registrarBatch; nonce: 0x804
2026.10.01-20:40:37.163 error [caliper] [ethereum-connector] 	Error: Returned error: Transaction nonce is too distant from current sender nonce
2026.10.01-20:40:37.189 error [caliper] [ethereum-connector] 	Failed tx on registroDeBatches; calling method: registrarBatch; nonce: 0x805
2026.10.01-20:40:37.189 error [caliper] [ethereum-connector] 	Error: Returned error: Transaction nonce is too distant from current sender nonce
2026.10.01-20:40:37.215 error [caliper] [ethereum-connector] 	Failed tx on registroDeBatches; calling method: registrarBatch; nonce: 0x806
2026.10.01-20:40:37.215 error [caliper] [ethereum-connector] 	Error: Returned error: Transaction nonce is too distant from current sender nonce
2026.10.01-20:40:37.239 error [caliper] [ethereum-connector] 	Failed tx on registroDeBatches; calling method: registrarBatch; nonce: 0x807
2026.10.01-20:40:37.239 error [caliper] [ethereum-connector] 	Error: Returned error: Transaction nonce is too distant from current sender nonce
2026.10.01-20:40:37.265 error [caliper] [ethereum-connector] 	Failed tx on registroDeBatches; calling method: registrarBatch; nonce: 0x808
2026.10.01-20:40:37.265 error [caliper] [ethereum-connector] 	Error: Returned error: Transaction nonce is too distant from current sender nonce
2026.10.01-20:40:37.289 error [caliper] [ethereum-connector] 	Failed tx on registroDeBatches; calling method: registrarBatch; nonce: 0x809
2026.10.01-20:40:37.289 error [caliper] [ethereum-connector] 	Error: Returned error: Transaction nonce is too distant from current sender nonce
2026.10.01-20:40:37.314 error [caliper] [ethereum-connector] 	Failed tx on registroDeBatches; calling method: registrarBatch; nonce: 0x80a
2026.10.01-20:40:37.314 error [caliper] [ethereum-connector] 	Error: Returned error: Transaction nonce is too distant from current sender nonce
2026.10.01-20:40:37.339 error [caliper] [ethereum-connector] 	Failed tx on registroDeBatches; calling method: registrarBatch; nonce: 0x80b
2026.10.01-20:40:37.339 error [caliper] [ethereum-connector] 	Error: Returned error: Transaction nonce is too distant from current sender nonce
2026.10.01-20:40:37.364 error [caliper] [ethereum-connector] 	Failed tx on registroDeBatches; calling method: registrarBatch; nonce: 0x80c
2026.10.01-20:40:37.364 error [caliper] [ethereum-connector] 	Error: Returned error: Transaction nonce is too distant from current sender nonce
2026.10.01-20:40:37.390 error [caliper] [ethereum-connector] 	Failed tx on registroDeBatches; calling method: registrarBatch; nonce: 0x80d
2026.10.01-20:40:37.390 error [caliper] [ethereum-connector] 	Error: Returned error: Transaction nonce is too distant from current sender nonce
2026.10.01-20:40:37.414 error [caliper] [ethereum-connector] 	Failed tx on registroDeBatches; calling method: registrarBatch; nonce: 0x80e
2026.10.01-20:40:37.414 error [caliper] [ethereum-connector] 	Error: Returned error: Transaction nonce is too distant from current sender nonce
2026.10.01-20:40:37.439 error [caliper] [ethereum-connector] 	Failed tx on registroDeBatches; calling method: registrarBatch; nonce: 0x80f
2026.10.01-20:40:37.439 error [caliper] [ethereum-connector] 	Error: Returned error: Transaction nonce is too distant from current sender nonce
2026.10.01-20:40:37.466 error [caliper] [ethereum-connector] 	Failed tx on registroDeBatches; calling method: registrarBatch; nonce: 0x810
2026.10.01-20:40:37.466 error [caliper] [ethereum-connector] 	Error: Returned error: Transaction nonce is too distant from current sender nonce
2026.10.01-20:40:37.490 error [caliper] [ethereum-connector] 	Failed tx on registroDeBatches; calling method: registrarBatch; nonce: 0x811
2026.10.01-20:40:37.490 error [caliper] [ethereum-connector] 	Error: Returned error: Transaction nonce is too distant from current sender nonce
2026.10.01-20:40:37.514 error [caliper] [ethereum-connector] 	Failed tx on registroDeBatches; calling method: registrarBatch; nonce: 0x812
2026.10.01-20:40:37.515 error [caliper] [ethereum-connector] 	Error: Returned error: Transaction nonce is too distant from current sender nonce
2026.10.01-20:40:37.539 error [caliper] [ethereum-connector] 	Failed tx on registroDeBatches; calling method: registrarBatch; nonce: 0x813
2026.10.01-20:40:37.539 error [caliper] [ethereum-connector] 	Error: Returned error: Transaction nonce is too distant from current sender nonce
2026.10.01-20:40:37.565 error [caliper] [ethereum-connector] 	Failed tx on registroDeBatches; calling method: registrarBatch; nonce: 0x814
2026.10.01-20:40:37.565 error [caliper] [ethereum-connector] 	Error: Returned error: Transaction nonce is too distant from current sender nonce
2026.10.01-20:40:37.590 error [caliper] [ethereum-connector] 	Failed tx on registroDeBatches; calling method: registrarBatch; nonce: 0x815
2026.10.01-20:40:37.590 error [caliper] [ethereum-connector] 	Error: Returned error: Transaction nonce is too distant from current sender nonce
2026.10.01-20:40:37.614 error [caliper] [ethereum-connector] 	Failed tx on registroDeBatches; calling method: registrarBatch; nonce: 0x816
2026.10.01-20:40:37.614 error [caliper] [ethereum-connector] 	Error: Returned error: Transaction nonce is too distant from current sender nonce
2026.10.01-20:40:37.639 error [caliper] [ethereum-connector] 	Failed tx on registroDeBatches; calling method: registrarBatch; nonce: 0x817
2026.10.01-20:40:37.639 error [caliper] [ethereum-connector] 	Error: Returned error: Transaction nonce is too distant from current sender nonce
2026.10.01-20:40:37.665 error [caliper] [ethereum-connector] 	Failed tx on registroDeBatches; calling method: registrarBatch; nonce: 0x818
2026.10.01-20:40:37.665 error [caliper] [ethereum-connector] 	Error: Returned error: Transaction nonce is too distant from current sender nonce
2026.10.01-20:40:37.689 error [caliper] [ethereum-connector] 	Failed tx on registroDeBatches; calling method: registrarBatch; nonce: 0x819
2026.10.01-20:40:37.689 error [caliper] [ethereum-connector] 	Error: Returned error: Transaction nonce is too distant from current sender nonce
2026.10.01-20:40:37.714 error [caliper] [ethereum-connector] 	Failed tx on registroDeBatches; calling method: registrarBatch; nonce: 0x81a
2026.10.01-20:40:37.714 error [caliper] [ethereum-connector] 	Error: Returned error: Transaction nonce is too distant from current sender nonce
2026.10.01-20:40:37.739 error [caliper] [ethereum-connector] 	Failed tx on registroDeBatches; calling method: registrarBatch; nonce: 0x81b
2026.10.01-20:40:37.739 error [caliper] [ethereum-connector] 	Error: Returned error: Transaction nonce is too distant from current sender nonce
2026.10.01-20:40:37.765 error [caliper] [ethereum-connector] 	Failed tx on registroDeBatches; calling method: registrarBatch; nonce: 0x81c
2026.10.01-20:40:37.765 error [caliper] [ethereum-connector] 	Error: Returned error: Transaction nonce is too distant from current sender nonce
2026.10.01-20:40:37.789 error [caliper] [ethereum-connector] 	Failed tx on registroDeBatches; calling method: registrarBatch; nonce: 0x81d
2026.10.01-20:40:37.789 error [caliper] [ethereum-connector] 	Error: Returned error: Transaction nonce is too distant from current sender nonce
2026.10.01-20:40:37.817 error [caliper] [ethereum-connector] 	Failed tx on registroDeBatches; calling method: registrarBatch; nonce: 0x81e
2026.10.01-20:40:37.817 error [caliper] [ethereum-connector] 	Error: Returned error: Transaction nonce is too distant from current sender nonce
2026.10.01-20:40:37.838 error [caliper] [ethereum-connector] 	Failed tx on registroDeBatches; calling method: registrarBatch; nonce: 0x81f
2026.10.01-20:40:37.838 error [caliper] [ethereum-connector] 	Error: Returned error: Transaction nonce is too distant from current sender nonce
2026.10.01-20:40:37.864 error [caliper] [ethereum-connector] 	Failed tx on registroDeBatches; calling method: registrarBatch; nonce: 0x820
2026.10.01-20:40:37.864 error [caliper] [ethereum-connector] 	Error: Returned error: Transaction nonce is too distant from current sender nonce
2026.10.01-20:40:37.890 error [caliper] [ethereum-connector] 	Failed tx on registroDeBatches; calling method: registrarBatch; nonce: 0x821
2026.10.01-20:40:37.890 error [caliper] [ethereum-connector] 	Error: Returned error: Transaction nonce is too distant from current sender nonce
2026.10.01-20:40:37.915 error [caliper] [ethereum-connector] 	Failed tx on registroDeBatches; calling method: registrarBatch; nonce: 0x822
2026.10.01-20:40:37.915 error [caliper] [ethereum-connector] 	Error: Returned error: Transaction nonce is too distant from current sender nonce
2026.10.01-20:40:37.939 error [caliper] [ethereum-connector] 	Failed tx on registroDeBatches; calling method: registrarBatch; nonce: 0x823
2026.10.01-20:40:37.939 error [caliper] [ethereum-connector] 	Error: Returned error: Transaction nonce is too distant from current sender nonce
2026.10.01-20:40:37.964 error [caliper] [ethereum-connector] 	Failed tx on registroDeBatches; calling method: registrarBatch; nonce: 0x824
2026.10.01-20:40:37.964 error [caliper] [ethereum-connector] 	Error: Returned error: Transaction nonce is too distant from current sender nonce
2026.10.01-20:40:37.989 error [caliper] [ethereum-connector] 	Failed tx on registroDeBatches; calling method: registrarBatch; nonce: 0x825
2026.10.01-20:40:37.989 error [caliper] [ethereum-connector] 	Error: Returned error: Transaction nonce is too distant from current sender nonce
2026.10.01-20:40:38.015 error [caliper] [ethereum-connector] 	Failed tx on registroDeBatches; calling method: registrarBatch; nonce: 0x826
2026.10.01-20:40:38.015 error [caliper] [ethereum-connector] 	Error: Returned error: Transaction nonce is too distant from current sender nonce
2026.10.01-20:40:38.039 error [caliper] [ethereum-connector] 	Failed tx on registroDeBatches; calling method: registrarBatch; nonce: 0x827
2026.10.01-20:40:38.039 error [caliper] [ethereum-connector] 	Error: Returned error: Transaction nonce is too distant from current sender nonce
2026.10.01-20:40:38.064 error [caliper] [ethereum-connector] 	Failed tx on registroDeBatches; calling method: registrarBatch; nonce: 0x828
2026.10.01-20:40:38.064 error [caliper] [ethereum-connector] 	Error: Returned error: Transaction nonce is too distant from current sender nonce
2026.10.01-20:40:38.089 error [caliper] [ethereum-connector] 	Failed tx on registroDeBatches; calling method: registrarBatch; nonce: 0x829
2026.10.01-20:40:38.089 error [caliper] [ethereum-connector] 	Error: Returned error: Transaction nonce is too distant from current sender nonce
2026.10.01-20:40:38.114 error [caliper] [ethereum-connector] 	Failed tx on registroDeBatches; calling method: registrarBatch; nonce: 0x82a
2026.10.01-20:40:38.114 error [caliper] [ethereum-connector] 	Error: Returned error: Transaction nonce is too distant from current sender nonce
2026.10.01-20:40:38.140 error [caliper] [ethereum-connector] 	Failed tx on registroDeBatches; calling method: registrarBatch; nonce: 0x82b
2026.10.01-20:40:38.140 error [caliper] [ethereum-connector] 	Error: Returned error: Transaction nonce is too distant from current sender nonce
2026.10.01-20:40:38.164 error [caliper] [ethereum-connector] 	Failed tx on registroDeBatches; calling method: registrarBatch; nonce: 0x82c
2026.10.01-20:40:38.164 error [caliper] [ethereum-connector] 	Error: Returned error: Transaction nonce is too distant from current sender nonce
2026.10.01-20:40:38.189 error [caliper] [ethereum-connector] 	Failed tx on registroDeBatches; calling method: registrarBatch; nonce: 0x82d
2026.10.01-20:40:38.189 error [caliper] [ethereum-connector] 	Error: Returned error: Transaction nonce is too distant from current sender nonce
2026.10.01-20:40:38.214 error [caliper] [ethereum-connector] 	Failed tx on registroDeBatches; calling method: registrarBatch; nonce: 0x82e
2026.10.01-20:40:38.214 error [caliper] [ethereum-connector] 	Error: Returned error: Transaction nonce is too distant from current sender nonce
2026.10.01-20:40:38.239 error [caliper] [ethereum-connector] 	Failed tx on registroDeBatches; calling method: registrarBatch; nonce: 0x82f
2026.10.01-20:40:38.239 error [caliper] [ethereum-connector] 	Error: Returned error: Transaction nonce is too distant from current sender nonce
2026.10.01-20:40:38.263 error [caliper] [ethereum-connector] 	Failed tx on registroDeBatches; calling method: registrarBatch; nonce: 0x830
2026.10.01-20:40:38.263 error [caliper] [ethereum-connector] 	Error: Returned error: Transaction nonce is too distant from current sender nonce
2026.10.01-20:40:38.289 error [caliper] [ethereum-connector] 	Failed tx on registroDeBatches; calling method: registrarBatch; nonce: 0x831
2026.10.01-20:40:38.289 error [caliper] [ethereum-connector] 	Error: Returned error: Transaction nonce is too distant from current sender nonce
2026.10.01-20:40:38.313 error [caliper] [ethereum-connector] 	Failed tx on registroDeBatches; calling method: registrarBatch; nonce: 0x832
2026.10.01-20:40:38.313 error [caliper] [ethereum-connector] 	Error: Returned error: Transaction nonce is too distant from current sender nonce
2026.10.01-20:40:38.337 error [caliper] [ethereum-connector] 	Failed tx on registroDeBatches; calling method: registrarBatch; nonce: 0x833
2026.10.01-20:40:38.337 error [caliper] [ethereum-connector] 	Error: Returned error: Transaction nonce is too distant from current sender nonce
2026.10.01-20:40:38.363 error [caliper] [ethereum-connector] 	Failed tx on registroDeBatches; calling method: registrarBatch; nonce: 0x834
2026.10.01-20:40:38.363 error [caliper] [ethereum-connector] 	Error: Returned error: Transaction nonce is too distant from current sender nonce
2026.10.01-20:40:38.388 error [caliper] [ethereum-connector] 	Failed tx on registroDeBatches; calling method: registrarBatch; nonce: 0x835
2026.10.01-20:40:38.388 error [caliper] [ethereum-connector] 	Error: Returned error: Transaction nonce is too distant from current sender nonce
2026.10.01-20:40:38.413 error [caliper] [ethereum-connector] 	Failed tx on registroDeBatches; calling method: registrarBatch; nonce: 0x836
2026.10.01-20:40:38.413 error [caliper] [ethereum-connector] 	Error: Returned error: Transaction nonce is too distant from current sender nonce
2026.10.01-20:40:38.432 info  [caliper] [default-observer] 	[tps-40 Round 2 Transaction Info] - Submitted: 1161 Succ: 319 Fail:842 Unfinished:0
2026.10.01-20:40:38.437 error [caliper] [ethereum-connector] 	Failed tx on registroDeBatches; calling method: registrarBatch; nonce: 0x837
2026.10.01-20:40:38.437 error [caliper] [ethereum-connector] 	Error: Returned error: Transaction nonce is too distant from current sender nonce
2026.10.01-20:40:39.537 info  [caliper] [worker-message-handler] 	Worker#0 finished Round#2
2026.10.01-20:40:44.539 info  [caliper] [default-observer] 	Resetting txCount indicator count
2026.10.01-20:40:44.539 info  [caliper] [report-builder] 	### Test result ###
2026.10.01-20:40:44.540 info  [caliper] [report-builder] 	
+--------+------+------+-----------------+-----------------+-----------------+-----------------+------------------+
| Name   | Succ | Fail | Send Rate (TPS) | Max Latency (s) | Min Latency (s) | Avg Latency (s) | Throughput (TPS) |
|--------|------|------|-----------------|-----------------|-----------------|-----------------|------------------|
| tps-40 | 319  | 882  | 40.0            | 12.92           | 0.28            | 6.46            | 40.0             |
+--------+------+------+-----------------+-----------------+-----------------+-----------------+------------------+

2026.10.01-20:40:44.540 info  [caliper] [round-orchestrator] 	Finished round 3 (tps-40) in 30.101 seconds
2026.10.01-20:40:44.540 info  [caliper] [monitor.js] 	Stopping all monitors
2026.10.01-20:40:44.540 info  [caliper] [report-builder] 	### All test results ###
2026.10.01-20:40:44.540 info  [caliper] [report-builder] 	
+--------+------+------+-----------------+-----------------+-----------------+-----------------+------------------+
| Name   | Succ | Fail | Send Rate (TPS) | Max Latency (s) | Min Latency (s) | Avg Latency (s) | Throughput (TPS) |
|--------|------|------|-----------------|-----------------|-----------------|-----------------|------------------|
| tps-10 | 301  | 0    | 10.0            | 6.73            | 0.21            | 2.34            | 9.6              |
|--------|------|------|-----------------|-----------------|-----------------|-----------------|------------------|
| tps-20 | 601  | 0    | 20.0            | 9.60            | 0.18            | 4.83            | 15.3             |
|--------|------|------|-----------------|-----------------|-----------------|-----------------|------------------|
| tps-40 | 319  | 882  | 40.0            | 12.92           | 0.28            | 6.46            | 40.0             |
+--------+------+------+-----------------+-----------------+-----------------+-----------------+------------------+

2026.10.01-20:40:44.545 info  [caliper] [report-builder] 	Generated report with path /Users/manubjb/Desktop/QBFT-network-docker/caliper-workspace/resultados/A-txpool-padrao/rep3/report.html
2026.10.01-20:40:44.545 info  [caliper] [monitor.js] 	Stopping all monitors
2026.10.01-20:40:44.545 info  [caliper] [worker-orchestrator] 	Sending exit message to connected workers
2026.10.01-20:40:44.545 info  [caliper] [round-orchestrator] 	Benchmark finished in 128.864 seconds. Total rounds: 3. Successful rounds: 3. Failed rounds: 0.
2026.10.01-20:40:44.545 info  [caliper] [worker-message-handler] 	Worker#0 is exiting
2026.10.01-20:40:44.545 info  [caliper] [caliper-engine] 	Network configuration attribute "caliper.command.end" is not present, skipping end command
2026.10.01-20:40:44.546 info  [caliper] [cli-launch-manager] 	Benchmark successfully finished!
