2026.10.01-11:58:30.724 info  [caliper] [cli-launch-manager] 	Set workspace path: /Users/manubjb/Desktop/QBFT-network-docker/caliper-workspace
2026.10.01-11:58:30.725 info  [caliper] [cli-launch-manager] 	Set benchmark configuration path: /Users/manubjb/Desktop/QBFT-network-docker/caliper-workspace/benchmarks/config.yaml
2026.10.01-11:58:30.725 info  [caliper] [cli-launch-manager] 	Set network configuration path: /Users/manubjb/Desktop/QBFT-network-docker/caliper-workspace/networks/besuDocker.json
2026.10.01-11:58:30.725 info  [caliper] [cli-launch-manager] 	Set SUT type: ethereum
2026.10.01-11:58:31.054 info  [caliper] [benchmark-validator] 	No observer specified, will default to `none`
2026.10.01-11:58:31.054 info  [caliper] [caliper-engine] 	Starting benchmark flow
2026.10.01-11:58:31.054 info  [caliper] [caliper-engine] 	Network configuration attribute "caliper.command.start" is not present, skipping start command
2026.10.01-11:58:31.077 info  [caliper] [caliper-engine] 	Executed "init" step in 0.009 seconds
2026.10.01-11:58:31.077 info  [caliper] [ethereum-connector] 	Creating contracts...
2026.10.01-11:58:33.139 info  [caliper] [ethereum-connector] 	Deployed contract undefined at 0x8CdaF0CD259887258Bc13a92C0a6dA92698644C0
2026.10.01-11:58:33.139 info  [caliper] [caliper-engine] 	Executed "install" step in 2.062 seconds
2026.10.01-11:58:33.141 info  [caliper] [monitor.js] 	No resource monitors specified
2026.10.01-11:58:33.142 info  [caliper] [default-observer] 	Observer interval set to 5000 milliseconds
2026.10.01-11:58:33.143 info  [caliper] [round-orchestrator] 	Preparing worker connections
2026.10.01-11:58:33.143 info  [caliper] [worker-orchestrator] 	Launching worker 1 of 1
2026.10.01-11:58:33.145 info  [caliper] [worker-orchestrator] 	Messenger not configured, entering configure phase...
2026.10.01-11:58:33.145 info  [caliper] [worker-orchestrator] 	No existing workers detected, entering worker launch phase...
2026.10.01-11:58:33.145 info  [caliper] [worker-orchestrator] 	Waiting for 1 workers to be connected...
2026.10.01-11:58:33.244 info  [caliper] [cli-launch-worker] 	Set workspace path: /Users/manubjb/Desktop/QBFT-network-docker/caliper-workspace
2026.10.01-11:58:33.245 info  [caliper] [cli-launch-worker] 	Set benchmark configuration path: /Users/manubjb/Desktop/QBFT-network-docker/caliper-workspace/benchmarks/config.yaml
2026.10.01-11:58:33.245 info  [caliper] [cli-launch-worker] 	Set network configuration path: /Users/manubjb/Desktop/QBFT-network-docker/caliper-workspace/networks/besuDocker.json
2026.10.01-11:58:33.245 info  [caliper] [cli-launch-worker] 	Set SUT type: ethereum
2026.10.01-11:58:33.368 info  [caliper] [worker-orchestrator] 	1 workers connected, progressing to worker assignment phase.
2026.10.01-11:58:33.368 info  [caliper] [worker-orchestrator] 	Workers currently unassigned, awaiting index assignment...
2026.10.01-11:58:33.368 info  [caliper] [worker-orchestrator] 	Waiting for 1 workers to be assigned...
2026.10.01-11:58:33.374 info  [caliper] [worker-orchestrator] 	1 workers assigned, progressing to worker initialization phase.
2026.10.01-11:58:33.374 info  [caliper] [worker-orchestrator] 	Waiting for 1 workers to be ready...
2026.10.01-11:58:33.374 info  [caliper] [worker-message-handler] 	Initializing Worker#0...
2026.10.01-11:58:33.380 info  [caliper] [worker-message-handler] 	Worker#0 initialized
2026.10.01-11:58:33.380 info  [caliper] [worker-orchestrator] 	1 workers ready, progressing to test preparation phase.
2026.10.01-11:58:33.380 info  [caliper] [round-orchestrator] 	Started round 1 (tps-10)
2026.10.01-11:58:33.381 info  [caliper] [worker-message-handler] 	Preparing Worker#0 for Round#0
2026.10.01-11:58:33.400 info  [caliper] [caliper-worker] 	Info: worker 0 prepare test phase for round 0 is starting...
2026.10.01-11:58:33.402 info  [caliper] [caliper-worker] 	Info: worker 0 prepare test phase for round 0 is completed
2026.10.01-11:58:33.402 info  [caliper] [worker-message-handler] 	Worker#0 prepared for Round#0
2026.10.01-11:58:33.403 info  [caliper] [worker-orchestrator] 	1 workers prepared, progressing to test phase.
2026.10.01-11:58:33.403 info  [caliper] [round-orchestrator] 	Monitors successfully started
2026.10.01-11:58:33.403 info  [caliper] [worker-message-handler] 	Worker#0 is starting Round#0
2026.10.01-11:58:33.409 info  [caliper] [caliper-worker] 	Worker #0 starting workload loop
2026.10.01-11:58:38.409 info  [caliper] [default-observer] 	[tps-10 Round 0 Transaction Info] - Submitted: 40 Succ: 16 Fail:0 Unfinished:24
2026.10.01-11:58:43.405 info  [caliper] [default-observer] 	[tps-10 Round 0 Transaction Info] - Submitted: 91 Succ: 48 Fail:0 Unfinished:43
2026.10.01-11:58:48.406 info  [caliper] [default-observer] 	[tps-10 Round 0 Transaction Info] - Submitted: 141 Succ: 112 Fail:0 Unfinished:29
2026.10.01-11:58:53.407 info  [caliper] [default-observer] 	[tps-10 Round 0 Transaction Info] - Submitted: 191 Succ: 144 Fail:0 Unfinished:47
2026.10.01-11:58:58.407 info  [caliper] [default-observer] 	[tps-10 Round 0 Transaction Info] - Submitted: 241 Succ: 208 Fail:0 Unfinished:33
2026.10.01-11:59:03.407 info  [caliper] [default-observer] 	[tps-10 Round 0 Transaction Info] - Submitted: 291 Succ: 240 Fail:0 Unfinished:51
2026.10.01-11:59:06.229 info  [caliper] [worker-message-handler] 	Worker#0 finished Round#0
2026.10.01-11:59:11.231 info  [caliper] [default-observer] 	Resetting txCount indicator count
2026.10.01-11:59:11.231 info  [caliper] [report-builder] 	### Test result ###
2026.10.01-11:59:11.233 info  [caliper] [report-builder] 	
+--------+------+------+-----------------+-----------------+-----------------+-----------------+------------------+
| Name   | Succ | Fail | Send Rate (TPS) | Max Latency (s) | Min Latency (s) | Avg Latency (s) | Throughput (TPS) |
|--------|------|------|-----------------|-----------------|-----------------|-----------------|------------------|
| tps-10 | 301  | 0    | 10.0            | 7.01            | 0.36            | 3.81            | 9.5              |
+--------+------+------+-----------------+-----------------+-----------------+-----------------+------------------+

2026.10.01-11:59:11.234 info  [caliper] [round-orchestrator] 	Finished round 1 (tps-10) in 31.821 seconds
2026.10.01-11:59:11.234 info  [caliper] [monitor.js] 	Stopping all monitors
2026.10.01-11:59:11.234 info  [caliper] [round-orchestrator] 	Waiting 5 seconds for the next round...
2026.10.01-11:59:16.235 info  [caliper] [round-orchestrator] 	Started round 2 (tps-20)
2026.10.01-11:59:16.235 info  [caliper] [worker-message-handler] 	Preparing Worker#0 for Round#1
2026.10.01-11:59:16.250 info  [caliper] [caliper-worker] 	Info: worker 0 prepare test phase for round 1 is starting...
2026.10.01-11:59:16.251 info  [caliper] [caliper-worker] 	Info: worker 0 prepare test phase for round 1 is completed
2026.10.01-11:59:16.251 info  [caliper] [worker-message-handler] 	Worker#0 prepared for Round#1
2026.10.01-11:59:16.251 info  [caliper] [worker-orchestrator] 	1 workers prepared, progressing to test phase.
2026.10.01-11:59:16.251 info  [caliper] [round-orchestrator] 	Monitors successfully started
2026.10.01-11:59:16.252 info  [caliper] [worker-message-handler] 	Worker#0 is starting Round#1
2026.10.01-11:59:16.261 info  [caliper] [caliper-worker] 	Worker #0 starting workload loop
2026.10.01-11:59:21.252 info  [caliper] [default-observer] 	[tps-20 Round 1 Transaction Info] - Submitted: 80 Succ: 47 Fail:0 Unfinished:33
2026.10.01-11:59:26.253 info  [caliper] [default-observer] 	[tps-20 Round 1 Transaction Info] - Submitted: 180 Succ: 143 Fail:0 Unfinished:37
2026.10.01-11:59:31.254 info  [caliper] [default-observer] 	[tps-20 Round 1 Transaction Info] - Submitted: 280 Succ: 207 Fail:0 Unfinished:73
2026.10.01-11:59:36.255 info  [caliper] [default-observer] 	[tps-20 Round 1 Transaction Info] - Submitted: 380 Succ: 303 Fail:0 Unfinished:77
2026.10.01-11:59:41.255 info  [caliper] [default-observer] 	[tps-20 Round 1 Transaction Info] - Submitted: 481 Succ: 367 Fail:0 Unfinished:114
2026.10.01-11:59:46.256 info  [caliper] [default-observer] 	[tps-20 Round 1 Transaction Info] - Submitted: 581 Succ: 463 Fail:0 Unfinished:118
2026.10.01-11:59:51.257 info  [caliper] [default-observer] 	[tps-20 Round 1 Transaction Info] - Submitted: 601 Succ: 527 Fail:0 Unfinished:74
2026.10.01-11:59:56.143 info  [caliper] [worker-message-handler] 	Worker#0 finished Round#1
2026.10.01-12:00:01.144 info  [caliper] [default-observer] 	Resetting txCount indicator count
2026.10.01-12:00:01.144 info  [caliper] [report-builder] 	### Test result ###
2026.10.01-12:00:01.145 info  [caliper] [report-builder] 	
+--------+------+------+-----------------+-----------------+-----------------+-----------------+------------------+
| Name   | Succ | Fail | Send Rate (TPS) | Max Latency (s) | Min Latency (s) | Avg Latency (s) | Throughput (TPS) |
|--------|------|------|-----------------|-----------------|-----------------|-----------------|------------------|
| tps-20 | 601  | 0    | 20.0            | 9.30            | 0.14            | 4.74            | 15.5             |
+--------+------+------+-----------------+-----------------+-----------------+-----------------+------------------+

2026.10.01-12:00:01.145 info  [caliper] [round-orchestrator] 	Finished round 2 (tps-20) in 38.881 seconds
2026.10.01-12:00:01.145 info  [caliper] [monitor.js] 	Stopping all monitors
2026.10.01-12:00:01.145 info  [caliper] [round-orchestrator] 	Waiting 5 seconds for the next round...
2026.10.01-12:00:06.147 info  [caliper] [round-orchestrator] 	Started round 3 (tps-40)
2026.10.01-12:00:06.151 info  [caliper] [worker-message-handler] 	Preparing Worker#0 for Round#2
2026.10.01-12:00:06.168 info  [caliper] [caliper-worker] 	Info: worker 0 prepare test phase for round 2 is starting...
2026.10.01-12:00:06.169 info  [caliper] [caliper-worker] 	Info: worker 0 prepare test phase for round 2 is completed
2026.10.01-12:00:06.169 info  [caliper] [worker-message-handler] 	Worker#0 prepared for Round#2
2026.10.01-12:00:06.170 info  [caliper] [worker-orchestrator] 	1 workers prepared, progressing to test phase.
2026.10.01-12:00:06.170 info  [caliper] [round-orchestrator] 	Monitors successfully started
2026.10.01-12:00:06.170 info  [caliper] [worker-message-handler] 	Worker#0 is starting Round#2
2026.10.01-12:00:06.185 info  [caliper] [caliper-worker] 	Worker #0 starting workload loop
2026.10.01-12:00:11.170 info  [caliper] [default-observer] 	[tps-40 Round 2 Transaction Info] - Submitted: 160 Succ: 64 Fail:0 Unfinished:96
2026.10.01-12:00:14.398 error [caliper] [ethereum-connector] 	Failed tx on registroDeBatches; calling method: registrarBatch; nonce: 0x4cf
2026.10.01-12:00:14.398 error [caliper] [ethereum-connector] 	Error: Returned error: Transaction nonce is too distant from current sender nonce
2026.10.01-12:00:14.413 error [caliper] [ethereum-connector] 	Failed tx on registroDeBatches; calling method: registrarBatch; nonce: 0x4d0
2026.10.01-12:00:14.413 error [caliper] [ethereum-connector] 	Error: Returned error: Transaction nonce is too distant from current sender nonce
2026.10.01-12:00:14.438 error [caliper] [ethereum-connector] 	Failed tx on registroDeBatches; calling method: registrarBatch; nonce: 0x4d1
2026.10.01-12:00:14.438 error [caliper] [ethereum-connector] 	Error: Returned error: Transaction nonce is too distant from current sender nonce
2026.10.01-12:00:14.464 error [caliper] [ethereum-connector] 	Failed tx on registroDeBatches; calling method: registrarBatch; nonce: 0x4d2
2026.10.01-12:00:14.464 error [caliper] [ethereum-connector] 	Error: Returned error: Transaction nonce is too distant from current sender nonce
2026.10.01-12:00:14.489 error [caliper] [ethereum-connector] 	Failed tx on registroDeBatches; calling method: registrarBatch; nonce: 0x4d3
2026.10.01-12:00:14.489 error [caliper] [ethereum-connector] 	Error: Returned error: Transaction nonce is too distant from current sender nonce
2026.10.01-12:00:14.512 error [caliper] [ethereum-connector] 	Failed tx on registroDeBatches; calling method: registrarBatch; nonce: 0x4d4
2026.10.01-12:00:14.512 error [caliper] [ethereum-connector] 	Error: Returned error: Transaction nonce is too distant from current sender nonce
2026.10.01-12:00:14.538 error [caliper] [ethereum-connector] 	Failed tx on registroDeBatches; calling method: registrarBatch; nonce: 0x4d5
2026.10.01-12:00:14.538 error [caliper] [ethereum-connector] 	Error: Returned error: Transaction nonce is too distant from current sender nonce
2026.10.01-12:00:14.562 error [caliper] [ethereum-connector] 	Failed tx on registroDeBatches; calling method: registrarBatch; nonce: 0x4d6
2026.10.01-12:00:14.562 error [caliper] [ethereum-connector] 	Error: Returned error: Transaction nonce is too distant from current sender nonce
2026.10.01-12:00:14.588 error [caliper] [ethereum-connector] 	Failed tx on registroDeBatches; calling method: registrarBatch; nonce: 0x4d7
2026.10.01-12:00:14.588 error [caliper] [ethereum-connector] 	Error: Returned error: Transaction nonce is too distant from current sender nonce
2026.10.01-12:00:14.613 error [caliper] [ethereum-connector] 	Failed tx on registroDeBatches; calling method: registrarBatch; nonce: 0x4d8
2026.10.01-12:00:14.613 error [caliper] [ethereum-connector] 	Error: Returned error: Transaction nonce is too distant from current sender nonce
2026.10.01-12:00:14.639 error [caliper] [ethereum-connector] 	Failed tx on registroDeBatches; calling method: registrarBatch; nonce: 0x4d9
2026.10.01-12:00:14.639 error [caliper] [ethereum-connector] 	Error: Returned error: Transaction nonce is too distant from current sender nonce
2026.10.01-12:00:14.663 error [caliper] [ethereum-connector] 	Failed tx on registroDeBatches; calling method: registrarBatch; nonce: 0x4da
2026.10.01-12:00:14.663 error [caliper] [ethereum-connector] 	Error: Returned error: Transaction nonce is too distant from current sender nonce
2026.10.01-12:00:14.689 error [caliper] [ethereum-connector] 	Failed tx on registroDeBatches; calling method: registrarBatch; nonce: 0x4db
2026.10.01-12:00:14.689 error [caliper] [ethereum-connector] 	Error: Returned error: Transaction nonce is too distant from current sender nonce
2026.10.01-12:00:14.713 error [caliper] [ethereum-connector] 	Failed tx on registroDeBatches; calling method: registrarBatch; nonce: 0x4dc
2026.10.01-12:00:14.713 error [caliper] [ethereum-connector] 	Error: Returned error: Transaction nonce is too distant from current sender nonce
2026.10.01-12:00:14.739 error [caliper] [ethereum-connector] 	Failed tx on registroDeBatches; calling method: registrarBatch; nonce: 0x4dd
2026.10.01-12:00:14.739 error [caliper] [ethereum-connector] 	Error: Returned error: Transaction nonce is too distant from current sender nonce
2026.10.01-12:00:14.762 error [caliper] [ethereum-connector] 	Failed tx on registroDeBatches; calling method: registrarBatch; nonce: 0x4de
2026.10.01-12:00:14.762 error [caliper] [ethereum-connector] 	Error: Returned error: Transaction nonce is too distant from current sender nonce
2026.10.01-12:00:14.789 error [caliper] [ethereum-connector] 	Failed tx on registroDeBatches; calling method: registrarBatch; nonce: 0x4df
2026.10.01-12:00:14.789 error [caliper] [ethereum-connector] 	Error: Returned error: Transaction nonce is too distant from current sender nonce
2026.10.01-12:00:14.813 error [caliper] [ethereum-connector] 	Failed tx on registroDeBatches; calling method: registrarBatch; nonce: 0x4e0
2026.10.01-12:00:14.813 error [caliper] [ethereum-connector] 	Error: Returned error: Transaction nonce is too distant from current sender nonce
2026.10.01-12:00:14.839 error [caliper] [ethereum-connector] 	Failed tx on registroDeBatches; calling method: registrarBatch; nonce: 0x4e1
2026.10.01-12:00:14.839 error [caliper] [ethereum-connector] 	Error: Returned error: Transaction nonce is too distant from current sender nonce
2026.10.01-12:00:14.870 error [caliper] [ethereum-connector] 	Failed tx on registroDeBatches; calling method: registrarBatch; nonce: 0x4e2
2026.10.01-12:00:14.870 error [caliper] [ethereum-connector] 	Error: Returned error: Transaction nonce is too distant from current sender nonce
2026.10.01-12:00:14.887 error [caliper] [ethereum-connector] 	Failed tx on registroDeBatches; calling method: registrarBatch; nonce: 0x4e3
2026.10.01-12:00:14.887 error [caliper] [ethereum-connector] 	Error: Returned error: Transaction nonce is too distant from current sender nonce
2026.10.01-12:00:14.913 error [caliper] [ethereum-connector] 	Failed tx on registroDeBatches; calling method: registrarBatch; nonce: 0x4e4
2026.10.01-12:00:14.913 error [caliper] [ethereum-connector] 	Error: Returned error: Transaction nonce is too distant from current sender nonce
2026.10.01-12:00:14.937 error [caliper] [ethereum-connector] 	Failed tx on registroDeBatches; calling method: registrarBatch; nonce: 0x4e5
2026.10.01-12:00:14.937 error [caliper] [ethereum-connector] 	Error: Returned error: Transaction nonce is too distant from current sender nonce
2026.10.01-12:00:14.963 error [caliper] [ethereum-connector] 	Failed tx on registroDeBatches; calling method: registrarBatch; nonce: 0x4e6
2026.10.01-12:00:14.963 error [caliper] [ethereum-connector] 	Error: Returned error: Transaction nonce is too distant from current sender nonce
2026.10.01-12:00:14.989 error [caliper] [ethereum-connector] 	Failed tx on registroDeBatches; calling method: registrarBatch; nonce: 0x4e7
2026.10.01-12:00:14.989 error [caliper] [ethereum-connector] 	Error: Returned error: Transaction nonce is too distant from current sender nonce
2026.10.01-12:00:15.014 error [caliper] [ethereum-connector] 	Failed tx on registroDeBatches; calling method: registrarBatch; nonce: 0x4e8
2026.10.01-12:00:15.014 error [caliper] [ethereum-connector] 	Error: Returned error: Transaction nonce is too distant from current sender nonce
2026.10.01-12:00:15.044 error [caliper] [ethereum-connector] 	Failed tx on registroDeBatches; calling method: registrarBatch; nonce: 0x4e9
2026.10.01-12:00:15.044 error [caliper] [ethereum-connector] 	Error: Returned error: Transaction nonce is too distant from current sender nonce
2026.10.01-12:00:15.069 error [caliper] [ethereum-connector] 	Failed tx on registroDeBatches; calling method: registrarBatch; nonce: 0x4ea
2026.10.01-12:00:15.069 error [caliper] [ethereum-connector] 	Error: Returned error: Transaction nonce is too distant from current sender nonce
2026.10.01-12:00:15.094 error [caliper] [ethereum-connector] 	Failed tx on registroDeBatches; calling method: registrarBatch; nonce: 0x4eb
2026.10.01-12:00:15.094 error [caliper] [ethereum-connector] 	Error: Returned error: Transaction nonce is too distant from current sender nonce
2026.10.01-12:00:15.120 error [caliper] [ethereum-connector] 	Failed tx on registroDeBatches; calling method: registrarBatch; nonce: 0x4ec
2026.10.01-12:00:15.120 error [caliper] [ethereum-connector] 	Error: Returned error: Transaction nonce is too distant from current sender nonce
2026.10.01-12:00:15.188 error [caliper] [ethereum-connector] 	Failed tx on registroDeBatches; calling method: registrarBatch; nonce: 0x4ef
2026.10.01-12:00:15.188 error [caliper] [ethereum-connector] 	Error: Returned error: Transaction nonce is too distant from current sender nonce
2026.10.01-12:00:15.213 error [caliper] [ethereum-connector] 	Failed tx on registroDeBatches; calling method: registrarBatch; nonce: 0x4f0
2026.10.01-12:00:15.213 error [caliper] [ethereum-connector] 	Error: Returned error: Transaction nonce is too distant from current sender nonce
2026.10.01-12:00:15.238 error [caliper] [ethereum-connector] 	Failed tx on registroDeBatches; calling method: registrarBatch; nonce: 0x4f1
2026.10.01-12:00:15.238 error [caliper] [ethereum-connector] 	Error: Returned error: Transaction nonce is too distant from current sender nonce
2026.10.01-12:00:15.262 error [caliper] [ethereum-connector] 	Failed tx on registroDeBatches; calling method: registrarBatch; nonce: 0x4f2
2026.10.01-12:00:15.262 error [caliper] [ethereum-connector] 	Error: Returned error: Transaction nonce is too distant from current sender nonce
2026.10.01-12:00:15.288 error [caliper] [ethereum-connector] 	Failed tx on registroDeBatches; calling method: registrarBatch; nonce: 0x4f3
2026.10.01-12:00:15.288 error [caliper] [ethereum-connector] 	Error: Returned error: Transaction nonce is too distant from current sender nonce
2026.10.01-12:00:15.312 error [caliper] [ethereum-connector] 	Failed tx on registroDeBatches; calling method: registrarBatch; nonce: 0x4f4
2026.10.01-12:00:15.312 error [caliper] [ethereum-connector] 	Error: Returned error: Transaction nonce is too distant from current sender nonce
2026.10.01-12:00:15.337 error [caliper] [ethereum-connector] 	Failed tx on registroDeBatches; calling method: registrarBatch; nonce: 0x4f5
2026.10.01-12:00:15.337 error [caliper] [ethereum-connector] 	Error: Returned error: Transaction nonce is too distant from current sender nonce
2026.10.01-12:00:15.362 error [caliper] [ethereum-connector] 	Failed tx on registroDeBatches; calling method: registrarBatch; nonce: 0x4f6
2026.10.01-12:00:15.362 error [caliper] [ethereum-connector] 	Error: Returned error: Transaction nonce is too distant from current sender nonce
2026.10.01-12:00:15.387 error [caliper] [ethereum-connector] 	Failed tx on registroDeBatches; calling method: registrarBatch; nonce: 0x4f7
2026.10.01-12:00:15.387 error [caliper] [ethereum-connector] 	Error: Returned error: Transaction nonce is too distant from current sender nonce
2026.10.01-12:00:15.413 error [caliper] [ethereum-connector] 	Failed tx on registroDeBatches; calling method: registrarBatch; nonce: 0x4f8
2026.10.01-12:00:15.413 error [caliper] [ethereum-connector] 	Error: Returned error: Transaction nonce is too distant from current sender nonce
2026.10.01-12:00:15.438 error [caliper] [ethereum-connector] 	Failed tx on registroDeBatches; calling method: registrarBatch; nonce: 0x4f9
2026.10.01-12:00:15.438 error [caliper] [ethereum-connector] 	Error: Returned error: Transaction nonce is too distant from current sender nonce
2026.10.01-12:00:15.461 error [caliper] [ethereum-connector] 	Failed tx on registroDeBatches; calling method: registrarBatch; nonce: 0x4fa
2026.10.01-12:00:15.462 error [caliper] [ethereum-connector] 	Error: Returned error: Transaction nonce is too distant from current sender nonce
2026.10.01-12:00:15.489 error [caliper] [ethereum-connector] 	Failed tx on registroDeBatches; calling method: registrarBatch; nonce: 0x4fb
2026.10.01-12:00:15.489 error [caliper] [ethereum-connector] 	Error: Returned error: Transaction nonce is too distant from current sender nonce
2026.10.01-12:00:15.513 error [caliper] [ethereum-connector] 	Failed tx on registroDeBatches; calling method: registrarBatch; nonce: 0x4fc
2026.10.01-12:00:15.513 error [caliper] [ethereum-connector] 	Error: Returned error: Transaction nonce is too distant from current sender nonce
2026.10.01-12:00:15.537 error [caliper] [ethereum-connector] 	Failed tx on registroDeBatches; calling method: registrarBatch; nonce: 0x4fd
2026.10.01-12:00:15.537 error [caliper] [ethereum-connector] 	Error: Returned error: Transaction nonce is too distant from current sender nonce
2026.10.01-12:00:15.563 error [caliper] [ethereum-connector] 	Failed tx on registroDeBatches; calling method: registrarBatch; nonce: 0x4fe
2026.10.01-12:00:15.563 error [caliper] [ethereum-connector] 	Error: Returned error: Transaction nonce is too distant from current sender nonce
2026.10.01-12:00:15.587 error [caliper] [ethereum-connector] 	Failed tx on registroDeBatches; calling method: registrarBatch; nonce: 0x4ff
2026.10.01-12:00:15.587 error [caliper] [ethereum-connector] 	Error: Returned error: Transaction nonce is too distant from current sender nonce
2026.10.01-12:00:15.612 error [caliper] [ethereum-connector] 	Failed tx on registroDeBatches; calling method: registrarBatch; nonce: 0x500
2026.10.01-12:00:15.612 error [caliper] [ethereum-connector] 	Error: Returned error: Transaction nonce is too distant from current sender nonce
2026.10.01-12:00:15.637 error [caliper] [ethereum-connector] 	Failed tx on registroDeBatches; calling method: registrarBatch; nonce: 0x501
2026.10.01-12:00:15.637 error [caliper] [ethereum-connector] 	Error: Returned error: Transaction nonce is too distant from current sender nonce
2026.10.01-12:00:15.661 error [caliper] [ethereum-connector] 	Failed tx on registroDeBatches; calling method: registrarBatch; nonce: 0x502
2026.10.01-12:00:15.661 error [caliper] [ethereum-connector] 	Error: Returned error: Transaction nonce is too distant from current sender nonce
2026.10.01-12:00:15.686 error [caliper] [ethereum-connector] 	Failed tx on registroDeBatches; calling method: registrarBatch; nonce: 0x503
2026.10.01-12:00:15.686 error [caliper] [ethereum-connector] 	Error: Returned error: Transaction nonce is too distant from current sender nonce
2026.10.01-12:00:15.712 error [caliper] [ethereum-connector] 	Failed tx on registroDeBatches; calling method: registrarBatch; nonce: 0x504
2026.10.01-12:00:15.712 error [caliper] [ethereum-connector] 	Error: Returned error: Transaction nonce is too distant from current sender nonce
2026.10.01-12:00:15.738 error [caliper] [ethereum-connector] 	Failed tx on registroDeBatches; calling method: registrarBatch; nonce: 0x505
2026.10.01-12:00:15.738 error [caliper] [ethereum-connector] 	Error: Returned error: Transaction nonce is too distant from current sender nonce
2026.10.01-12:00:15.761 error [caliper] [ethereum-connector] 	Failed tx on registroDeBatches; calling method: registrarBatch; nonce: 0x506
2026.10.01-12:00:15.761 error [caliper] [ethereum-connector] 	Error: Returned error: Transaction nonce is too distant from current sender nonce
2026.10.01-12:00:15.787 error [caliper] [ethereum-connector] 	Failed tx on registroDeBatches; calling method: registrarBatch; nonce: 0x507
2026.10.01-12:00:15.787 error [caliper] [ethereum-connector] 	Error: Returned error: Transaction nonce is too distant from current sender nonce
2026.10.01-12:00:15.812 error [caliper] [ethereum-connector] 	Failed tx on registroDeBatches; calling method: registrarBatch; nonce: 0x508
2026.10.01-12:00:15.812 error [caliper] [ethereum-connector] 	Error: Returned error: Transaction nonce is too distant from current sender nonce
2026.10.01-12:00:15.837 error [caliper] [ethereum-connector] 	Failed tx on registroDeBatches; calling method: registrarBatch; nonce: 0x509
2026.10.01-12:00:15.837 error [caliper] [ethereum-connector] 	Error: Returned error: Transaction nonce is too distant from current sender nonce
2026.10.01-12:00:15.862 error [caliper] [ethereum-connector] 	Failed tx on registroDeBatches; calling method: registrarBatch; nonce: 0x50a
2026.10.01-12:00:15.862 error [caliper] [ethereum-connector] 	Error: Returned error: Transaction nonce is too distant from current sender nonce
2026.10.01-12:00:15.887 error [caliper] [ethereum-connector] 	Failed tx on registroDeBatches; calling method: registrarBatch; nonce: 0x50b
2026.10.01-12:00:15.887 error [caliper] [ethereum-connector] 	Error: Returned error: Transaction nonce is too distant from current sender nonce
2026.10.01-12:00:15.914 error [caliper] [ethereum-connector] 	Failed tx on registroDeBatches; calling method: registrarBatch; nonce: 0x50c
2026.10.01-12:00:15.914 error [caliper] [ethereum-connector] 	Error: Returned error: Transaction nonce is too distant from current sender nonce
2026.10.01-12:00:15.939 error [caliper] [ethereum-connector] 	Failed tx on registroDeBatches; calling method: registrarBatch; nonce: 0x50d
2026.10.01-12:00:15.939 error [caliper] [ethereum-connector] 	Error: Returned error: Transaction nonce is too distant from current sender nonce
2026.10.01-12:00:15.962 error [caliper] [ethereum-connector] 	Failed tx on registroDeBatches; calling method: registrarBatch; nonce: 0x50e
2026.10.01-12:00:15.962 error [caliper] [ethereum-connector] 	Error: Returned error: Transaction nonce is too distant from current sender nonce
2026.10.01-12:00:15.988 error [caliper] [ethereum-connector] 	Failed tx on registroDeBatches; calling method: registrarBatch; nonce: 0x50f
2026.10.01-12:00:15.988 error [caliper] [ethereum-connector] 	Error: Returned error: Transaction nonce is too distant from current sender nonce
2026.10.01-12:00:16.015 error [caliper] [ethereum-connector] 	Failed tx on registroDeBatches; calling method: registrarBatch; nonce: 0x510
2026.10.01-12:00:16.015 error [caliper] [ethereum-connector] 	Error: Returned error: Transaction nonce is too distant from current sender nonce
2026.10.01-12:00:16.038 error [caliper] [ethereum-connector] 	Failed tx on registroDeBatches; calling method: registrarBatch; nonce: 0x511
2026.10.01-12:00:16.038 error [caliper] [ethereum-connector] 	Error: Returned error: Transaction nonce is too distant from current sender nonce
2026.10.01-12:00:16.063 error [caliper] [ethereum-connector] 	Failed tx on registroDeBatches; calling method: registrarBatch; nonce: 0x512
2026.10.01-12:00:16.063 error [caliper] [ethereum-connector] 	Error: Returned error: Transaction nonce is too distant from current sender nonce
2026.10.01-12:00:16.088 error [caliper] [ethereum-connector] 	Failed tx on registroDeBatches; calling method: registrarBatch; nonce: 0x513
2026.10.01-12:00:16.088 error [caliper] [ethereum-connector] 	Error: Returned error: Transaction nonce is too distant from current sender nonce
2026.10.01-12:00:16.113 error [caliper] [ethereum-connector] 	Failed tx on registroDeBatches; calling method: registrarBatch; nonce: 0x514
2026.10.01-12:00:16.113 error [caliper] [ethereum-connector] 	Error: Returned error: Transaction nonce is too distant from current sender nonce
2026.10.01-12:00:16.138 error [caliper] [ethereum-connector] 	Failed tx on registroDeBatches; calling method: registrarBatch; nonce: 0x515
2026.10.01-12:00:16.138 error [caliper] [ethereum-connector] 	Error: Returned error: Transaction nonce is too distant from current sender nonce
2026.10.01-12:00:16.164 error [caliper] [ethereum-connector] 	Failed tx on registroDeBatches; calling method: registrarBatch; nonce: 0x516
2026.10.01-12:00:16.164 error [caliper] [ethereum-connector] 	Error: Returned error: Transaction nonce is too distant from current sender nonce
2026.10.01-12:00:16.172 info  [caliper] [default-observer] 	[tps-40 Round 2 Transaction Info] - Submitted: 360 Succ: 160 Fail:30 Unfinished:170
2026.10.01-12:00:16.189 error [caliper] [ethereum-connector] 	Failed tx on registroDeBatches; calling method: registrarBatch; nonce: 0x517
2026.10.01-12:00:16.189 error [caliper] [ethereum-connector] 	Error: Returned error: Transaction nonce is too distant from current sender nonce
2026.10.01-12:00:16.213 error [caliper] [ethereum-connector] 	Failed tx on registroDeBatches; calling method: registrarBatch; nonce: 0x518
2026.10.01-12:00:16.213 error [caliper] [ethereum-connector] 	Error: Returned error: Transaction nonce is too distant from current sender nonce
2026.10.01-12:00:16.239 error [caliper] [ethereum-connector] 	Failed tx on registroDeBatches; calling method: registrarBatch; nonce: 0x519
2026.10.01-12:00:16.239 error [caliper] [ethereum-connector] 	Error: Returned error: Transaction nonce is too distant from current sender nonce
2026.10.01-12:00:16.264 error [caliper] [ethereum-connector] 	Failed tx on registroDeBatches; calling method: registrarBatch; nonce: 0x51a
2026.10.01-12:00:16.264 error [caliper] [ethereum-connector] 	Error: Returned error: Transaction nonce is too distant from current sender nonce
2026.10.01-12:00:16.288 error [caliper] [ethereum-connector] 	Failed tx on registroDeBatches; calling method: registrarBatch; nonce: 0x51b
2026.10.01-12:00:16.288 error [caliper] [ethereum-connector] 	Error: Returned error: Transaction nonce is too distant from current sender nonce
2026.10.01-12:00:16.313 error [caliper] [ethereum-connector] 	Failed tx on registroDeBatches; calling method: registrarBatch; nonce: 0x51c
2026.10.01-12:00:16.313 error [caliper] [ethereum-connector] 	Error: Returned error: Transaction nonce is too distant from current sender nonce
2026.10.01-12:00:16.338 error [caliper] [ethereum-connector] 	Failed tx on registroDeBatches; calling method: registrarBatch; nonce: 0x51d
2026.10.01-12:00:16.338 error [caliper] [ethereum-connector] 	Error: Returned error: Transaction nonce is too distant from current sender nonce
2026.10.01-12:00:16.363 error [caliper] [ethereum-connector] 	Failed tx on registroDeBatches; calling method: registrarBatch; nonce: 0x51e
2026.10.01-12:00:16.363 error [caliper] [ethereum-connector] 	Error: Returned error: Transaction nonce is too distant from current sender nonce
2026.10.01-12:00:16.389 error [caliper] [ethereum-connector] 	Failed tx on registroDeBatches; calling method: registrarBatch; nonce: 0x51f
2026.10.01-12:00:16.389 error [caliper] [ethereum-connector] 	Error: Returned error: Transaction nonce is too distant from current sender nonce
2026.10.01-12:00:16.413 error [caliper] [ethereum-connector] 	Failed tx on registroDeBatches; calling method: registrarBatch; nonce: 0x520
2026.10.01-12:00:16.413 error [caliper] [ethereum-connector] 	Error: Returned error: Transaction nonce is too distant from current sender nonce
2026.10.01-12:00:16.437 error [caliper] [ethereum-connector] 	Failed tx on registroDeBatches; calling method: registrarBatch; nonce: 0x521
2026.10.01-12:00:16.437 error [caliper] [ethereum-connector] 	Error: Returned error: Transaction nonce is too distant from current sender nonce
2026.10.01-12:00:16.462 error [caliper] [ethereum-connector] 	Failed tx on registroDeBatches; calling method: registrarBatch; nonce: 0x522
2026.10.01-12:00:16.462 error [caliper] [ethereum-connector] 	Error: Returned error: Transaction nonce is too distant from current sender nonce
2026.10.01-12:00:16.487 error [caliper] [ethereum-connector] 	Failed tx on registroDeBatches; calling method: registrarBatch; nonce: 0x523
2026.10.01-12:00:16.487 error [caliper] [ethereum-connector] 	Error: Returned error: Transaction nonce is too distant from current sender nonce
2026.10.01-12:00:16.512 error [caliper] [ethereum-connector] 	Failed tx on registroDeBatches; calling method: registrarBatch; nonce: 0x524
2026.10.01-12:00:16.512 error [caliper] [ethereum-connector] 	Error: Returned error: Transaction nonce is too distant from current sender nonce
2026.10.01-12:00:16.537 error [caliper] [ethereum-connector] 	Failed tx on registroDeBatches; calling method: registrarBatch; nonce: 0x525
2026.10.01-12:00:16.537 error [caliper] [ethereum-connector] 	Error: Returned error: Transaction nonce is too distant from current sender nonce
2026.10.01-12:00:16.563 error [caliper] [ethereum-connector] 	Failed tx on registroDeBatches; calling method: registrarBatch; nonce: 0x526
2026.10.01-12:00:16.563 error [caliper] [ethereum-connector] 	Error: Returned error: Transaction nonce is too distant from current sender nonce
2026.10.01-12:00:16.588 error [caliper] [ethereum-connector] 	Failed tx on registroDeBatches; calling method: registrarBatch; nonce: 0x527
2026.10.01-12:00:16.588 error [caliper] [ethereum-connector] 	Error: Returned error: Transaction nonce is too distant from current sender nonce
2026.10.01-12:00:16.613 error [caliper] [ethereum-connector] 	Failed tx on registroDeBatches; calling method: registrarBatch; nonce: 0x528
2026.10.01-12:00:16.613 error [caliper] [ethereum-connector] 	Error: Returned error: Transaction nonce is too distant from current sender nonce
2026.10.01-12:00:16.638 error [caliper] [ethereum-connector] 	Failed tx on registroDeBatches; calling method: registrarBatch; nonce: 0x529
2026.10.01-12:00:16.638 error [caliper] [ethereum-connector] 	Error: Returned error: Transaction nonce is too distant from current sender nonce
2026.10.01-12:00:16.663 error [caliper] [ethereum-connector] 	Failed tx on registroDeBatches; calling method: registrarBatch; nonce: 0x52a
2026.10.01-12:00:16.663 error [caliper] [ethereum-connector] 	Error: Returned error: Transaction nonce is too distant from current sender nonce
2026.10.01-12:00:16.688 error [caliper] [ethereum-connector] 	Failed tx on registroDeBatches; calling method: registrarBatch; nonce: 0x52b
2026.10.01-12:00:16.688 error [caliper] [ethereum-connector] 	Error: Returned error: Transaction nonce is too distant from current sender nonce
2026.10.01-12:00:16.713 error [caliper] [ethereum-connector] 	Failed tx on registroDeBatches; calling method: registrarBatch; nonce: 0x52c
2026.10.01-12:00:16.713 error [caliper] [ethereum-connector] 	Error: Returned error: Transaction nonce is too distant from current sender nonce
2026.10.01-12:00:16.736 error [caliper] [ethereum-connector] 	Failed tx on registroDeBatches; calling method: registrarBatch; nonce: 0x52d
2026.10.01-12:00:16.736 error [caliper] [ethereum-connector] 	Error: Returned error: Transaction nonce is too distant from current sender nonce
2026.10.01-12:00:16.762 error [caliper] [ethereum-connector] 	Failed tx on registroDeBatches; calling method: registrarBatch; nonce: 0x52e
2026.10.01-12:00:16.762 error [caliper] [ethereum-connector] 	Error: Returned error: Transaction nonce is too distant from current sender nonce
2026.10.01-12:00:16.788 error [caliper] [ethereum-connector] 	Failed tx on registroDeBatches; calling method: registrarBatch; nonce: 0x52f
2026.10.01-12:00:16.788 error [caliper] [ethereum-connector] 	Error: Returned error: Transaction nonce is too distant from current sender nonce
2026.10.01-12:00:16.812 error [caliper] [ethereum-connector] 	Failed tx on registroDeBatches; calling method: registrarBatch; nonce: 0x530
2026.10.01-12:00:16.812 error [caliper] [ethereum-connector] 	Error: Returned error: Transaction nonce is too distant from current sender nonce
2026.10.01-12:00:16.837 error [caliper] [ethereum-connector] 	Failed tx on registroDeBatches; calling method: registrarBatch; nonce: 0x531
2026.10.01-12:00:16.837 error [caliper] [ethereum-connector] 	Error: Returned error: Transaction nonce is too distant from current sender nonce
2026.10.01-12:00:16.863 error [caliper] [ethereum-connector] 	Failed tx on registroDeBatches; calling method: registrarBatch; nonce: 0x532
2026.10.01-12:00:16.863 error [caliper] [ethereum-connector] 	Error: Returned error: Transaction nonce is too distant from current sender nonce
2026.10.01-12:00:16.887 error [caliper] [ethereum-connector] 	Failed tx on registroDeBatches; calling method: registrarBatch; nonce: 0x533
2026.10.01-12:00:16.887 error [caliper] [ethereum-connector] 	Error: Returned error: Transaction nonce is too distant from current sender nonce
2026.10.01-12:00:16.913 error [caliper] [ethereum-connector] 	Failed tx on registroDeBatches; calling method: registrarBatch; nonce: 0x534
2026.10.01-12:00:16.913 error [caliper] [ethereum-connector] 	Error: Returned error: Transaction nonce is too distant from current sender nonce
2026.10.01-12:00:16.939 error [caliper] [ethereum-connector] 	Failed tx on registroDeBatches; calling method: registrarBatch; nonce: 0x535
2026.10.01-12:00:16.939 error [caliper] [ethereum-connector] 	Error: Returned error: Transaction nonce is too distant from current sender nonce
2026.10.01-12:00:16.964 error [caliper] [ethereum-connector] 	Failed tx on registroDeBatches; calling method: registrarBatch; nonce: 0x536
2026.10.01-12:00:16.964 error [caliper] [ethereum-connector] 	Error: Returned error: Transaction nonce is too distant from current sender nonce
2026.10.01-12:00:16.987 error [caliper] [ethereum-connector] 	Failed tx on registroDeBatches; calling method: registrarBatch; nonce: 0x537
2026.10.01-12:00:16.987 error [caliper] [ethereum-connector] 	Error: Returned error: Transaction nonce is too distant from current sender nonce
2026.10.01-12:00:17.013 error [caliper] [ethereum-connector] 	Failed tx on registroDeBatches; calling method: registrarBatch; nonce: 0x538
2026.10.01-12:00:17.013 error [caliper] [ethereum-connector] 	Error: Returned error: Transaction nonce is too distant from current sender nonce
2026.10.01-12:00:17.039 error [caliper] [ethereum-connector] 	Failed tx on registroDeBatches; calling method: registrarBatch; nonce: 0x539
2026.10.01-12:00:17.040 error [caliper] [ethereum-connector] 	Error: Returned error: Transaction nonce is too distant from current sender nonce
2026.10.01-12:00:17.068 error [caliper] [ethereum-connector] 	Failed tx on registroDeBatches; calling method: registrarBatch; nonce: 0x53a
2026.10.01-12:00:17.068 error [caliper] [ethereum-connector] 	Error: Returned error: Transaction nonce is too distant from current sender nonce
2026.10.01-12:00:17.101 error [caliper] [ethereum-connector] 	Failed tx on registroDeBatches; calling method: registrarBatch; nonce: 0x53b
2026.10.01-12:00:17.101 error [caliper] [ethereum-connector] 	Error: Returned error: Transaction nonce is too distant from current sender nonce
2026.10.01-12:00:17.113 error [caliper] [ethereum-connector] 	Failed tx on registroDeBatches; calling method: registrarBatch; nonce: 0x53c
2026.10.01-12:00:17.113 error [caliper] [ethereum-connector] 	Error: Returned error: Transaction nonce is too distant from current sender nonce
2026.10.01-12:00:17.150 error [caliper] [ethereum-connector] 	Failed tx on registroDeBatches; calling method: registrarBatch; nonce: 0x53d
2026.10.01-12:00:17.150 error [caliper] [ethereum-connector] 	Error: Returned error: Transaction nonce is too distant from current sender nonce
2026.10.01-12:00:17.164 error [caliper] [ethereum-connector] 	Failed tx on registroDeBatches; calling method: registrarBatch; nonce: 0x53e
2026.10.01-12:00:17.164 error [caliper] [ethereum-connector] 	Error: Returned error: Transaction nonce is too distant from current sender nonce
2026.10.01-12:00:17.187 error [caliper] [ethereum-connector] 	Failed tx on registroDeBatches; calling method: registrarBatch; nonce: 0x53f
2026.10.01-12:00:17.187 error [caliper] [ethereum-connector] 	Error: Returned error: Transaction nonce is too distant from current sender nonce
2026.10.01-12:00:17.213 error [caliper] [ethereum-connector] 	Failed tx on registroDeBatches; calling method: registrarBatch; nonce: 0x540
2026.10.01-12:00:17.213 error [caliper] [ethereum-connector] 	Error: Returned error: Transaction nonce is too distant from current sender nonce
2026.10.01-12:00:17.237 error [caliper] [ethereum-connector] 	Failed tx on registroDeBatches; calling method: registrarBatch; nonce: 0x541
2026.10.01-12:00:17.237 error [caliper] [ethereum-connector] 	Error: Returned error: Transaction nonce is too distant from current sender nonce
2026.10.01-12:00:17.263 error [caliper] [ethereum-connector] 	Failed tx on registroDeBatches; calling method: registrarBatch; nonce: 0x542
2026.10.01-12:00:17.263 error [caliper] [ethereum-connector] 	Error: Returned error: Transaction nonce is too distant from current sender nonce
2026.10.01-12:00:17.287 error [caliper] [ethereum-connector] 	Failed tx on registroDeBatches; calling method: registrarBatch; nonce: 0x543
2026.10.01-12:00:17.288 error [caliper] [ethereum-connector] 	Error: Returned error: Transaction nonce is too distant from current sender nonce
2026.10.01-12:00:17.313 error [caliper] [ethereum-connector] 	Failed tx on registroDeBatches; calling method: registrarBatch; nonce: 0x544
2026.10.01-12:00:17.313 error [caliper] [ethereum-connector] 	Error: Returned error: Transaction nonce is too distant from current sender nonce
2026.10.01-12:00:17.336 error [caliper] [ethereum-connector] 	Failed tx on registroDeBatches; calling method: registrarBatch; nonce: 0x545
2026.10.01-12:00:17.336 error [caliper] [ethereum-connector] 	Error: Returned error: Transaction nonce is too distant from current sender nonce
2026.10.01-12:00:17.363 error [caliper] [ethereum-connector] 	Failed tx on registroDeBatches; calling method: registrarBatch; nonce: 0x546
2026.10.01-12:00:17.363 error [caliper] [ethereum-connector] 	Error: Returned error: Transaction nonce is too distant from current sender nonce
2026.10.01-12:00:17.388 error [caliper] [ethereum-connector] 	Failed tx on registroDeBatches; calling method: registrarBatch; nonce: 0x547
2026.10.01-12:00:17.388 error [caliper] [ethereum-connector] 	Error: Returned error: Transaction nonce is too distant from current sender nonce
2026.10.01-12:00:17.412 error [caliper] [ethereum-connector] 	Failed tx on registroDeBatches; calling method: registrarBatch; nonce: 0x548
2026.10.01-12:00:17.412 error [caliper] [ethereum-connector] 	Error: Returned error: Transaction nonce is too distant from current sender nonce
2026.10.01-12:00:17.438 error [caliper] [ethereum-connector] 	Failed tx on registroDeBatches; calling method: registrarBatch; nonce: 0x549
2026.10.01-12:00:17.438 error [caliper] [ethereum-connector] 	Error: Returned error: Transaction nonce is too distant from current sender nonce
2026.10.01-12:00:17.461 error [caliper] [ethereum-connector] 	Failed tx on registroDeBatches; calling method: registrarBatch; nonce: 0x54a
2026.10.01-12:00:17.461 error [caliper] [ethereum-connector] 	Error: Returned error: Transaction nonce is too distant from current sender nonce
2026.10.01-12:00:17.489 error [caliper] [ethereum-connector] 	Failed tx on registroDeBatches; calling method: registrarBatch; nonce: 0x54b
2026.10.01-12:00:17.489 error [caliper] [ethereum-connector] 	Error: Returned error: Transaction nonce is too distant from current sender nonce
2026.10.01-12:00:17.513 error [caliper] [ethereum-connector] 	Failed tx on registroDeBatches; calling method: registrarBatch; nonce: 0x54c
2026.10.01-12:00:17.513 error [caliper] [ethereum-connector] 	Error: Returned error: Transaction nonce is too distant from current sender nonce
2026.10.01-12:00:17.537 error [caliper] [ethereum-connector] 	Failed tx on registroDeBatches; calling method: registrarBatch; nonce: 0x54d
2026.10.01-12:00:17.537 error [caliper] [ethereum-connector] 	Error: Returned error: Transaction nonce is too distant from current sender nonce
2026.10.01-12:00:17.562 error [caliper] [ethereum-connector] 	Failed tx on registroDeBatches; calling method: registrarBatch; nonce: 0x54e
2026.10.01-12:00:17.562 error [caliper] [ethereum-connector] 	Error: Returned error: Transaction nonce is too distant from current sender nonce
2026.10.01-12:00:17.587 error [caliper] [ethereum-connector] 	Failed tx on registroDeBatches; calling method: registrarBatch; nonce: 0x54f
2026.10.01-12:00:17.587 error [caliper] [ethereum-connector] 	Error: Returned error: Transaction nonce is too distant from current sender nonce
2026.10.01-12:00:17.611 error [caliper] [ethereum-connector] 	Failed tx on registroDeBatches; calling method: registrarBatch; nonce: 0x550
2026.10.01-12:00:17.611 error [caliper] [ethereum-connector] 	Error: Returned error: Transaction nonce is too distant from current sender nonce
2026.10.01-12:00:17.638 error [caliper] [ethereum-connector] 	Failed tx on registroDeBatches; calling method: registrarBatch; nonce: 0x551
2026.10.01-12:00:17.638 error [caliper] [ethereum-connector] 	Error: Returned error: Transaction nonce is too distant from current sender nonce
2026.10.01-12:00:17.661 error [caliper] [ethereum-connector] 	Failed tx on registroDeBatches; calling method: registrarBatch; nonce: 0x552
2026.10.01-12:00:17.661 error [caliper] [ethereum-connector] 	Error: Returned error: Transaction nonce is too distant from current sender nonce
2026.10.01-12:00:17.687 error [caliper] [ethereum-connector] 	Failed tx on registroDeBatches; calling method: registrarBatch; nonce: 0x553
2026.10.01-12:00:17.687 error [caliper] [ethereum-connector] 	Error: Returned error: Transaction nonce is too distant from current sender nonce
2026.10.01-12:00:17.711 error [caliper] [ethereum-connector] 	Failed tx on registroDeBatches; calling method: registrarBatch; nonce: 0x554
2026.10.01-12:00:17.711 error [caliper] [ethereum-connector] 	Error: Returned error: Transaction nonce is too distant from current sender nonce
2026.10.01-12:00:17.738 error [caliper] [ethereum-connector] 	Failed tx on registroDeBatches; calling method: registrarBatch; nonce: 0x555
2026.10.01-12:00:17.738 error [caliper] [ethereum-connector] 	Error: Returned error: Transaction nonce is too distant from current sender nonce
2026.10.01-12:00:17.762 error [caliper] [ethereum-connector] 	Failed tx on registroDeBatches; calling method: registrarBatch; nonce: 0x556
2026.10.01-12:00:17.762 error [caliper] [ethereum-connector] 	Error: Returned error: Transaction nonce is too distant from current sender nonce
2026.10.01-12:00:17.787 error [caliper] [ethereum-connector] 	Failed tx on registroDeBatches; calling method: registrarBatch; nonce: 0x557
2026.10.01-12:00:17.787 error [caliper] [ethereum-connector] 	Error: Returned error: Transaction nonce is too distant from current sender nonce
2026.10.01-12:00:17.814 error [caliper] [ethereum-connector] 	Failed tx on registroDeBatches; calling method: registrarBatch; nonce: 0x558
2026.10.01-12:00:17.814 error [caliper] [ethereum-connector] 	Error: Returned error: Transaction nonce is too distant from current sender nonce
2026.10.01-12:00:17.839 error [caliper] [ethereum-connector] 	Failed tx on registroDeBatches; calling method: registrarBatch; nonce: 0x559
2026.10.01-12:00:17.839 error [caliper] [ethereum-connector] 	Error: Returned error: Transaction nonce is too distant from current sender nonce
2026.10.01-12:00:17.863 error [caliper] [ethereum-connector] 	Failed tx on registroDeBatches; calling method: registrarBatch; nonce: 0x55a
2026.10.01-12:00:17.863 error [caliper] [ethereum-connector] 	Error: Returned error: Transaction nonce is too distant from current sender nonce
2026.10.01-12:00:17.888 error [caliper] [ethereum-connector] 	Failed tx on registroDeBatches; calling method: registrarBatch; nonce: 0x55b
2026.10.01-12:00:17.888 error [caliper] [ethereum-connector] 	Error: Returned error: Transaction nonce is too distant from current sender nonce
2026.10.01-12:00:17.913 error [caliper] [ethereum-connector] 	Failed tx on registroDeBatches; calling method: registrarBatch; nonce: 0x55c
2026.10.01-12:00:17.913 error [caliper] [ethereum-connector] 	Error: Returned error: Transaction nonce is too distant from current sender nonce
2026.10.01-12:00:17.938 error [caliper] [ethereum-connector] 	Failed tx on registroDeBatches; calling method: registrarBatch; nonce: 0x55d
2026.10.01-12:00:17.938 error [caliper] [ethereum-connector] 	Error: Returned error: Transaction nonce is too distant from current sender nonce
2026.10.01-12:00:17.964 error [caliper] [ethereum-connector] 	Failed tx on registroDeBatches; calling method: registrarBatch; nonce: 0x55e
2026.10.01-12:00:17.964 error [caliper] [ethereum-connector] 	Error: Returned error: Transaction nonce is too distant from current sender nonce
2026.10.01-12:00:17.987 error [caliper] [ethereum-connector] 	Failed tx on registroDeBatches; calling method: registrarBatch; nonce: 0x55f
2026.10.01-12:00:17.987 error [caliper] [ethereum-connector] 	Error: Returned error: Transaction nonce is too distant from current sender nonce
2026.10.01-12:00:18.014 error [caliper] [ethereum-connector] 	Failed tx on registroDeBatches; calling method: registrarBatch; nonce: 0x560
2026.10.01-12:00:18.014 error [caliper] [ethereum-connector] 	Error: Returned error: Transaction nonce is too distant from current sender nonce
2026.10.01-12:00:18.039 error [caliper] [ethereum-connector] 	Failed tx on registroDeBatches; calling method: registrarBatch; nonce: 0x561
2026.10.01-12:00:18.039 error [caliper] [ethereum-connector] 	Error: Returned error: Transaction nonce is too distant from current sender nonce
2026.10.01-12:00:18.063 error [caliper] [ethereum-connector] 	Failed tx on registroDeBatches; calling method: registrarBatch; nonce: 0x562
2026.10.01-12:00:18.063 error [caliper] [ethereum-connector] 	Error: Returned error: Transaction nonce is too distant from current sender nonce
2026.10.01-12:00:18.088 error [caliper] [ethereum-connector] 	Failed tx on registroDeBatches; calling method: registrarBatch; nonce: 0x563
2026.10.01-12:00:18.088 error [caliper] [ethereum-connector] 	Error: Returned error: Transaction nonce is too distant from current sender nonce
2026.10.01-12:00:18.113 error [caliper] [ethereum-connector] 	Failed tx on registroDeBatches; calling method: registrarBatch; nonce: 0x564
2026.10.01-12:00:18.113 error [caliper] [ethereum-connector] 	Error: Returned error: Transaction nonce is too distant from current sender nonce
2026.10.01-12:00:18.139 error [caliper] [ethereum-connector] 	Failed tx on registroDeBatches; calling method: registrarBatch; nonce: 0x565
2026.10.01-12:00:18.139 error [caliper] [ethereum-connector] 	Error: Returned error: Transaction nonce is too distant from current sender nonce
2026.10.01-12:00:18.162 error [caliper] [ethereum-connector] 	Failed tx on registroDeBatches; calling method: registrarBatch; nonce: 0x566
2026.10.01-12:00:18.162 error [caliper] [ethereum-connector] 	Error: Returned error: Transaction nonce is too distant from current sender nonce
2026.10.01-12:00:18.189 error [caliper] [ethereum-connector] 	Failed tx on registroDeBatches; calling method: registrarBatch; nonce: 0x567
2026.10.01-12:00:18.189 error [caliper] [ethereum-connector] 	Error: Returned error: Transaction nonce is too distant from current sender nonce
2026.10.01-12:00:18.212 error [caliper] [ethereum-connector] 	Failed tx on registroDeBatches; calling method: registrarBatch; nonce: 0x568
2026.10.01-12:00:18.212 error [caliper] [ethereum-connector] 	Error: Returned error: Transaction nonce is too distant from current sender nonce
2026.10.01-12:00:18.239 error [caliper] [ethereum-connector] 	Failed tx on registroDeBatches; calling method: registrarBatch; nonce: 0x569
2026.10.01-12:00:18.239 error [caliper] [ethereum-connector] 	Error: Returned error: Transaction nonce is too distant from current sender nonce
2026.10.01-12:00:18.263 error [caliper] [ethereum-connector] 	Failed tx on registroDeBatches; calling method: registrarBatch; nonce: 0x56a
2026.10.01-12:00:18.263 error [caliper] [ethereum-connector] 	Error: Returned error: Transaction nonce is too distant from current sender nonce
2026.10.01-12:00:18.289 error [caliper] [ethereum-connector] 	Failed tx on registroDeBatches; calling method: registrarBatch; nonce: 0x56b
2026.10.01-12:00:18.289 error [caliper] [ethereum-connector] 	Error: Returned error: Transaction nonce is too distant from current sender nonce
2026.10.01-12:00:18.313 error [caliper] [ethereum-connector] 	Failed tx on registroDeBatches; calling method: registrarBatch; nonce: 0x56c
2026.10.01-12:00:18.313 error [caliper] [ethereum-connector] 	Error: Returned error: Transaction nonce is too distant from current sender nonce
2026.10.01-12:00:18.339 error [caliper] [ethereum-connector] 	Failed tx on registroDeBatches; calling method: registrarBatch; nonce: 0x56d
2026.10.01-12:00:18.339 error [caliper] [ethereum-connector] 	Error: Returned error: Transaction nonce is too distant from current sender nonce
2026.10.01-12:00:18.363 error [caliper] [ethereum-connector] 	Failed tx on registroDeBatches; calling method: registrarBatch; nonce: 0x56e
2026.10.01-12:00:18.363 error [caliper] [ethereum-connector] 	Error: Returned error: Transaction nonce is too distant from current sender nonce
2026.10.01-12:00:18.388 error [caliper] [ethereum-connector] 	Failed tx on registroDeBatches; calling method: registrarBatch; nonce: 0x56f
2026.10.01-12:00:18.388 error [caliper] [ethereum-connector] 	Error: Returned error: Transaction nonce is too distant from current sender nonce
2026.10.01-12:00:18.412 error [caliper] [ethereum-connector] 	Failed tx on registroDeBatches; calling method: registrarBatch; nonce: 0x570
2026.10.01-12:00:18.412 error [caliper] [ethereum-connector] 	Error: Returned error: Transaction nonce is too distant from current sender nonce
2026.10.01-12:00:18.439 error [caliper] [ethereum-connector] 	Failed tx on registroDeBatches; calling method: registrarBatch; nonce: 0x571
2026.10.01-12:00:18.439 error [caliper] [ethereum-connector] 	Error: Returned error: Transaction nonce is too distant from current sender nonce
2026.10.01-12:00:18.464 error [caliper] [ethereum-connector] 	Failed tx on registroDeBatches; calling method: registrarBatch; nonce: 0x572
2026.10.01-12:00:18.464 error [caliper] [ethereum-connector] 	Error: Returned error: Transaction nonce is too distant from current sender nonce
2026.10.01-12:00:18.488 error [caliper] [ethereum-connector] 	Failed tx on registroDeBatches; calling method: registrarBatch; nonce: 0x573
2026.10.01-12:00:18.488 error [caliper] [ethereum-connector] 	Error: Returned error: Transaction nonce is too distant from current sender nonce
2026.10.01-12:00:18.512 error [caliper] [ethereum-connector] 	Failed tx on registroDeBatches; calling method: registrarBatch; nonce: 0x574
2026.10.01-12:00:18.512 error [caliper] [ethereum-connector] 	Error: Returned error: Transaction nonce is too distant from current sender nonce
2026.10.01-12:00:18.538 error [caliper] [ethereum-connector] 	Failed tx on registroDeBatches; calling method: registrarBatch; nonce: 0x575
2026.10.01-12:00:18.538 error [caliper] [ethereum-connector] 	Error: Returned error: Transaction nonce is too distant from current sender nonce
2026.10.01-12:00:18.563 error [caliper] [ethereum-connector] 	Failed tx on registroDeBatches; calling method: registrarBatch; nonce: 0x576
2026.10.01-12:00:18.563 error [caliper] [ethereum-connector] 	Error: Returned error: Transaction nonce is too distant from current sender nonce
2026.10.01-12:00:18.588 error [caliper] [ethereum-connector] 	Failed tx on registroDeBatches; calling method: registrarBatch; nonce: 0x577
2026.10.01-12:00:18.588 error [caliper] [ethereum-connector] 	Error: Returned error: Transaction nonce is too distant from current sender nonce
2026.10.01-12:00:18.614 error [caliper] [ethereum-connector] 	Failed tx on registroDeBatches; calling method: registrarBatch; nonce: 0x578
2026.10.01-12:00:18.614 error [caliper] [ethereum-connector] 	Error: Returned error: Transaction nonce is too distant from current sender nonce
2026.10.01-12:00:18.637 error [caliper] [ethereum-connector] 	Failed tx on registroDeBatches; calling method: registrarBatch; nonce: 0x579
2026.10.01-12:00:18.637 error [caliper] [ethereum-connector] 	Error: Returned error: Transaction nonce is too distant from current sender nonce
2026.10.01-12:00:18.663 error [caliper] [ethereum-connector] 	Failed tx on registroDeBatches; calling method: registrarBatch; nonce: 0x57a
2026.10.01-12:00:18.663 error [caliper] [ethereum-connector] 	Error: Returned error: Transaction nonce is too distant from current sender nonce
2026.10.01-12:00:18.689 error [caliper] [ethereum-connector] 	Failed tx on registroDeBatches; calling method: registrarBatch; nonce: 0x57b
2026.10.01-12:00:18.689 error [caliper] [ethereum-connector] 	Error: Returned error: Transaction nonce is too distant from current sender nonce
2026.10.01-12:00:18.713 error [caliper] [ethereum-connector] 	Failed tx on registroDeBatches; calling method: registrarBatch; nonce: 0x57c
2026.10.01-12:00:18.713 error [caliper] [ethereum-connector] 	Error: Returned error: Transaction nonce is too distant from current sender nonce
2026.10.01-12:00:18.738 error [caliper] [ethereum-connector] 	Failed tx on registroDeBatches; calling method: registrarBatch; nonce: 0x57d
2026.10.01-12:00:18.738 error [caliper] [ethereum-connector] 	Error: Returned error: Transaction nonce is too distant from current sender nonce
2026.10.01-12:00:18.763 error [caliper] [ethereum-connector] 	Failed tx on registroDeBatches; calling method: registrarBatch; nonce: 0x57e
2026.10.01-12:00:18.763 error [caliper] [ethereum-connector] 	Error: Returned error: Transaction nonce is too distant from current sender nonce
2026.10.01-12:00:18.788 error [caliper] [ethereum-connector] 	Failed tx on registroDeBatches; calling method: registrarBatch; nonce: 0x57f
2026.10.01-12:00:18.788 error [caliper] [ethereum-connector] 	Error: Returned error: Transaction nonce is too distant from current sender nonce
2026.10.01-12:00:18.814 error [caliper] [ethereum-connector] 	Failed tx on registroDeBatches; calling method: registrarBatch; nonce: 0x580
2026.10.01-12:00:18.814 error [caliper] [ethereum-connector] 	Error: Returned error: Transaction nonce is too distant from current sender nonce
2026.10.01-12:00:18.838 error [caliper] [ethereum-connector] 	Failed tx on registroDeBatches; calling method: registrarBatch; nonce: 0x581
2026.10.01-12:00:18.838 error [caliper] [ethereum-connector] 	Error: Returned error: Transaction nonce is too distant from current sender nonce
2026.10.01-12:00:18.864 error [caliper] [ethereum-connector] 	Failed tx on registroDeBatches; calling method: registrarBatch; nonce: 0x582
2026.10.01-12:00:18.864 error [caliper] [ethereum-connector] 	Error: Returned error: Transaction nonce is too distant from current sender nonce
2026.10.01-12:00:18.888 error [caliper] [ethereum-connector] 	Failed tx on registroDeBatches; calling method: registrarBatch; nonce: 0x583
2026.10.01-12:00:18.888 error [caliper] [ethereum-connector] 	Error: Returned error: Transaction nonce is too distant from current sender nonce
2026.10.01-12:00:18.913 error [caliper] [ethereum-connector] 	Failed tx on registroDeBatches; calling method: registrarBatch; nonce: 0x584
2026.10.01-12:00:18.913 error [caliper] [ethereum-connector] 	Error: Returned error: Transaction nonce is too distant from current sender nonce
2026.10.01-12:00:18.938 error [caliper] [ethereum-connector] 	Failed tx on registroDeBatches; calling method: registrarBatch; nonce: 0x585
2026.10.01-12:00:18.938 error [caliper] [ethereum-connector] 	Error: Returned error: Transaction nonce is too distant from current sender nonce
2026.10.01-12:00:18.963 error [caliper] [ethereum-connector] 	Failed tx on registroDeBatches; calling method: registrarBatch; nonce: 0x586
2026.10.01-12:00:18.963 error [caliper] [ethereum-connector] 	Error: Returned error: Transaction nonce is too distant from current sender nonce
2026.10.01-12:00:18.988 error [caliper] [ethereum-connector] 	Failed tx on registroDeBatches; calling method: registrarBatch; nonce: 0x587
2026.10.01-12:00:18.988 error [caliper] [ethereum-connector] 	Error: Returned error: Transaction nonce is too distant from current sender nonce
2026.10.01-12:00:19.014 error [caliper] [ethereum-connector] 	Failed tx on registroDeBatches; calling method: registrarBatch; nonce: 0x588
2026.10.01-12:00:19.014 error [caliper] [ethereum-connector] 	Error: Returned error: Transaction nonce is too distant from current sender nonce
2026.10.01-12:00:19.042 error [caliper] [ethereum-connector] 	Failed tx on registroDeBatches; calling method: registrarBatch; nonce: 0x589
2026.10.01-12:00:19.042 error [caliper] [ethereum-connector] 	Error: Returned error: Transaction nonce is too distant from current sender nonce
2026.10.01-12:00:19.065 error [caliper] [ethereum-connector] 	Failed tx on registroDeBatches; calling method: registrarBatch; nonce: 0x58a
2026.10.01-12:00:19.065 error [caliper] [ethereum-connector] 	Error: Returned error: Transaction nonce is too distant from current sender nonce
2026.10.01-12:00:19.092 error [caliper] [ethereum-connector] 	Failed tx on registroDeBatches; calling method: registrarBatch; nonce: 0x58b
2026.10.01-12:00:19.092 error [caliper] [ethereum-connector] 	Error: Returned error: Transaction nonce is too distant from current sender nonce
2026.10.01-12:00:19.123 error [caliper] [ethereum-connector] 	Failed tx on registroDeBatches; calling method: registrarBatch; nonce: 0x58c
2026.10.01-12:00:19.123 error [caliper] [ethereum-connector] 	Error: Returned error: Transaction nonce is too distant from current sender nonce
2026.10.01-12:00:19.137 error [caliper] [ethereum-connector] 	Failed tx on registroDeBatches; calling method: registrarBatch; nonce: 0x58d
2026.10.01-12:00:19.137 error [caliper] [ethereum-connector] 	Error: Returned error: Transaction nonce is too distant from current sender nonce
2026.10.01-12:00:19.163 error [caliper] [ethereum-connector] 	Failed tx on registroDeBatches; calling method: registrarBatch; nonce: 0x58e
2026.10.01-12:00:19.163 error [caliper] [ethereum-connector] 	Error: Returned error: Transaction nonce is too distant from current sender nonce
2026.10.01-12:00:19.188 error [caliper] [ethereum-connector] 	Failed tx on registroDeBatches; calling method: registrarBatch; nonce: 0x58f
2026.10.01-12:00:19.188 error [caliper] [ethereum-connector] 	Error: Returned error: Transaction nonce is too distant from current sender nonce
2026.10.01-12:00:19.212 error [caliper] [ethereum-connector] 	Failed tx on registroDeBatches; calling method: registrarBatch; nonce: 0x590
2026.10.01-12:00:19.212 error [caliper] [ethereum-connector] 	Error: Returned error: Transaction nonce is too distant from current sender nonce
2026.10.01-12:00:19.237 error [caliper] [ethereum-connector] 	Failed tx on registroDeBatches; calling method: registrarBatch; nonce: 0x591
2026.10.01-12:00:19.237 error [caliper] [ethereum-connector] 	Error: Returned error: Transaction nonce is too distant from current sender nonce
2026.10.01-12:00:19.260 error [caliper] [ethereum-connector] 	Failed tx on registroDeBatches; calling method: registrarBatch; nonce: 0x592
2026.10.01-12:00:19.260 error [caliper] [ethereum-connector] 	Error: Returned error: Transaction nonce is too distant from current sender nonce
2026.10.01-12:00:19.287 error [caliper] [ethereum-connector] 	Failed tx on registroDeBatches; calling method: registrarBatch; nonce: 0x593
2026.10.01-12:00:19.287 error [caliper] [ethereum-connector] 	Error: Returned error: Transaction nonce is too distant from current sender nonce
2026.10.01-12:00:19.312 error [caliper] [ethereum-connector] 	Failed tx on registroDeBatches; calling method: registrarBatch; nonce: 0x594
2026.10.01-12:00:19.312 error [caliper] [ethereum-connector] 	Error: Returned error: Transaction nonce is too distant from current sender nonce
2026.10.01-12:00:19.337 error [caliper] [ethereum-connector] 	Failed tx on registroDeBatches; calling method: registrarBatch; nonce: 0x595
2026.10.01-12:00:19.337 error [caliper] [ethereum-connector] 	Error: Returned error: Transaction nonce is too distant from current sender nonce
2026.10.01-12:00:19.362 error [caliper] [ethereum-connector] 	Failed tx on registroDeBatches; calling method: registrarBatch; nonce: 0x596
2026.10.01-12:00:19.362 error [caliper] [ethereum-connector] 	Error: Returned error: Transaction nonce is too distant from current sender nonce
2026.10.01-12:00:19.388 error [caliper] [ethereum-connector] 	Failed tx on registroDeBatches; calling method: registrarBatch; nonce: 0x597
2026.10.01-12:00:19.388 error [caliper] [ethereum-connector] 	Error: Returned error: Transaction nonce is too distant from current sender nonce
2026.10.01-12:00:19.414 error [caliper] [ethereum-connector] 	Failed tx on registroDeBatches; calling method: registrarBatch; nonce: 0x598
2026.10.01-12:00:19.414 error [caliper] [ethereum-connector] 	Error: Returned error: Transaction nonce is too distant from current sender nonce
2026.10.01-12:00:19.438 error [caliper] [ethereum-connector] 	Failed tx on registroDeBatches; calling method: registrarBatch; nonce: 0x599
2026.10.01-12:00:19.438 error [caliper] [ethereum-connector] 	Error: Returned error: Transaction nonce is too distant from current sender nonce
2026.10.01-12:00:19.463 error [caliper] [ethereum-connector] 	Failed tx on registroDeBatches; calling method: registrarBatch; nonce: 0x59a
2026.10.01-12:00:19.463 error [caliper] [ethereum-connector] 	Error: Returned error: Transaction nonce is too distant from current sender nonce
2026.10.01-12:00:19.488 error [caliper] [ethereum-connector] 	Failed tx on registroDeBatches; calling method: registrarBatch; nonce: 0x59b
2026.10.01-12:00:19.488 error [caliper] [ethereum-connector] 	Error: Returned error: Transaction nonce is too distant from current sender nonce
2026.10.01-12:00:19.512 error [caliper] [ethereum-connector] 	Failed tx on registroDeBatches; calling method: registrarBatch; nonce: 0x59c
2026.10.01-12:00:19.512 error [caliper] [ethereum-connector] 	Error: Returned error: Transaction nonce is too distant from current sender nonce
2026.10.01-12:00:19.539 error [caliper] [ethereum-connector] 	Failed tx on registroDeBatches; calling method: registrarBatch; nonce: 0x59d
2026.10.01-12:00:19.539 error [caliper] [ethereum-connector] 	Error: Returned error: Transaction nonce is too distant from current sender nonce
2026.10.01-12:00:19.563 error [caliper] [ethereum-connector] 	Failed tx on registroDeBatches; calling method: registrarBatch; nonce: 0x59e
2026.10.01-12:00:19.563 error [caliper] [ethereum-connector] 	Error: Returned error: Transaction nonce is too distant from current sender nonce
2026.10.01-12:00:19.587 error [caliper] [ethereum-connector] 	Failed tx on registroDeBatches; calling method: registrarBatch; nonce: 0x59f
2026.10.01-12:00:19.587 error [caliper] [ethereum-connector] 	Error: Returned error: Transaction nonce is too distant from current sender nonce
2026.10.01-12:00:19.612 error [caliper] [ethereum-connector] 	Failed tx on registroDeBatches; calling method: registrarBatch; nonce: 0x5a0
2026.10.01-12:00:19.612 error [caliper] [ethereum-connector] 	Error: Returned error: Transaction nonce is too distant from current sender nonce
2026.10.01-12:00:19.637 error [caliper] [ethereum-connector] 	Failed tx on registroDeBatches; calling method: registrarBatch; nonce: 0x5a1
2026.10.01-12:00:19.637 error [caliper] [ethereum-connector] 	Error: Returned error: Transaction nonce is too distant from current sender nonce
2026.10.01-12:00:19.662 error [caliper] [ethereum-connector] 	Failed tx on registroDeBatches; calling method: registrarBatch; nonce: 0x5a2
2026.10.01-12:00:19.662 error [caliper] [ethereum-connector] 	Error: Returned error: Transaction nonce is too distant from current sender nonce
2026.10.01-12:00:19.687 error [caliper] [ethereum-connector] 	Failed tx on registroDeBatches; calling method: registrarBatch; nonce: 0x5a3
2026.10.01-12:00:19.687 error [caliper] [ethereum-connector] 	Error: Returned error: Transaction nonce is too distant from current sender nonce
2026.10.01-12:00:19.712 error [caliper] [ethereum-connector] 	Failed tx on registroDeBatches; calling method: registrarBatch; nonce: 0x5a4
2026.10.01-12:00:19.712 error [caliper] [ethereum-connector] 	Error: Returned error: Transaction nonce is too distant from current sender nonce
2026.10.01-12:00:19.739 error [caliper] [ethereum-connector] 	Failed tx on registroDeBatches; calling method: registrarBatch; nonce: 0x5a5
2026.10.01-12:00:19.739 error [caliper] [ethereum-connector] 	Error: Returned error: Transaction nonce is too distant from current sender nonce
2026.10.01-12:00:19.764 error [caliper] [ethereum-connector] 	Failed tx on registroDeBatches; calling method: registrarBatch; nonce: 0x5a6
2026.10.01-12:00:19.764 error [caliper] [ethereum-connector] 	Error: Returned error: Transaction nonce is too distant from current sender nonce
2026.10.01-12:00:19.788 error [caliper] [ethereum-connector] 	Failed tx on registroDeBatches; calling method: registrarBatch; nonce: 0x5a7
2026.10.01-12:00:19.788 error [caliper] [ethereum-connector] 	Error: Returned error: Transaction nonce is too distant from current sender nonce
2026.10.01-12:00:19.813 error [caliper] [ethereum-connector] 	Failed tx on registroDeBatches; calling method: registrarBatch; nonce: 0x5a8
2026.10.01-12:00:19.813 error [caliper] [ethereum-connector] 	Error: Returned error: Transaction nonce is too distant from current sender nonce
2026.10.01-12:00:19.838 error [caliper] [ethereum-connector] 	Failed tx on registroDeBatches; calling method: registrarBatch; nonce: 0x5a9
2026.10.01-12:00:19.838 error [caliper] [ethereum-connector] 	Error: Returned error: Transaction nonce is too distant from current sender nonce
2026.10.01-12:00:19.863 error [caliper] [ethereum-connector] 	Failed tx on registroDeBatches; calling method: registrarBatch; nonce: 0x5aa
2026.10.01-12:00:19.863 error [caliper] [ethereum-connector] 	Error: Returned error: Transaction nonce is too distant from current sender nonce
2026.10.01-12:00:19.888 error [caliper] [ethereum-connector] 	Failed tx on registroDeBatches; calling method: registrarBatch; nonce: 0x5ab
2026.10.01-12:00:19.888 error [caliper] [ethereum-connector] 	Error: Returned error: Transaction nonce is too distant from current sender nonce
2026.10.01-12:00:19.914 error [caliper] [ethereum-connector] 	Failed tx on registroDeBatches; calling method: registrarBatch; nonce: 0x5ac
2026.10.01-12:00:19.914 error [caliper] [ethereum-connector] 	Error: Returned error: Transaction nonce is too distant from current sender nonce
2026.10.01-12:00:19.939 error [caliper] [ethereum-connector] 	Failed tx on registroDeBatches; calling method: registrarBatch; nonce: 0x5ad
2026.10.01-12:00:19.939 error [caliper] [ethereum-connector] 	Error: Returned error: Transaction nonce is too distant from current sender nonce
2026.10.01-12:00:19.962 error [caliper] [ethereum-connector] 	Failed tx on registroDeBatches; calling method: registrarBatch; nonce: 0x5ae
2026.10.01-12:00:19.962 error [caliper] [ethereum-connector] 	Error: Returned error: Transaction nonce is too distant from current sender nonce
2026.10.01-12:00:19.988 error [caliper] [ethereum-connector] 	Failed tx on registroDeBatches; calling method: registrarBatch; nonce: 0x5af
2026.10.01-12:00:19.988 error [caliper] [ethereum-connector] 	Error: Returned error: Transaction nonce is too distant from current sender nonce
2026.10.01-12:00:20.013 error [caliper] [ethereum-connector] 	Failed tx on registroDeBatches; calling method: registrarBatch; nonce: 0x5b0
2026.10.01-12:00:20.013 error [caliper] [ethereum-connector] 	Error: Returned error: Transaction nonce is too distant from current sender nonce
2026.10.01-12:00:20.038 error [caliper] [ethereum-connector] 	Failed tx on registroDeBatches; calling method: registrarBatch; nonce: 0x5b1
2026.10.01-12:00:20.038 error [caliper] [ethereum-connector] 	Error: Returned error: Transaction nonce is too distant from current sender nonce
2026.10.01-12:00:20.063 error [caliper] [ethereum-connector] 	Failed tx on registroDeBatches; calling method: registrarBatch; nonce: 0x5b2
2026.10.01-12:00:20.063 error [caliper] [ethereum-connector] 	Error: Returned error: Transaction nonce is too distant from current sender nonce
2026.10.01-12:00:20.087 error [caliper] [ethereum-connector] 	Failed tx on registroDeBatches; calling method: registrarBatch; nonce: 0x5b3
2026.10.01-12:00:20.087 error [caliper] [ethereum-connector] 	Error: Returned error: Transaction nonce is too distant from current sender nonce
2026.10.01-12:00:20.115 error [caliper] [ethereum-connector] 	Failed tx on registroDeBatches; calling method: registrarBatch; nonce: 0x5b4
2026.10.01-12:00:20.115 error [caliper] [ethereum-connector] 	Error: Returned error: Transaction nonce is too distant from current sender nonce
2026.10.01-12:00:20.139 error [caliper] [ethereum-connector] 	Failed tx on registroDeBatches; calling method: registrarBatch; nonce: 0x5b5
2026.10.01-12:00:20.139 error [caliper] [ethereum-connector] 	Error: Returned error: Transaction nonce is too distant from current sender nonce
2026.10.01-12:00:20.164 error [caliper] [ethereum-connector] 	Failed tx on registroDeBatches; calling method: registrarBatch; nonce: 0x5b6
2026.10.01-12:00:20.164 error [caliper] [ethereum-connector] 	Error: Returned error: Transaction nonce is too distant from current sender nonce
2026.10.01-12:00:20.188 error [caliper] [ethereum-connector] 	Failed tx on registroDeBatches; calling method: registrarBatch; nonce: 0x5b7
2026.10.01-12:00:20.188 error [caliper] [ethereum-connector] 	Error: Returned error: Transaction nonce is too distant from current sender nonce
2026.10.01-12:00:20.215 error [caliper] [ethereum-connector] 	Failed tx on registroDeBatches; calling method: registrarBatch; nonce: 0x5b8
2026.10.01-12:00:20.215 error [caliper] [ethereum-connector] 	Error: Returned error: Transaction nonce is too distant from current sender nonce
2026.10.01-12:00:20.239 error [caliper] [ethereum-connector] 	Failed tx on registroDeBatches; calling method: registrarBatch; nonce: 0x5b9
2026.10.01-12:00:20.239 error [caliper] [ethereum-connector] 	Error: Returned error: Transaction nonce is too distant from current sender nonce
2026.10.01-12:00:20.264 error [caliper] [ethereum-connector] 	Failed tx on registroDeBatches; calling method: registrarBatch; nonce: 0x5ba
2026.10.01-12:00:20.264 error [caliper] [ethereum-connector] 	Error: Returned error: Transaction nonce is too distant from current sender nonce
2026.10.01-12:00:20.288 error [caliper] [ethereum-connector] 	Failed tx on registroDeBatches; calling method: registrarBatch; nonce: 0x5bb
2026.10.01-12:00:20.288 error [caliper] [ethereum-connector] 	Error: Returned error: Transaction nonce is too distant from current sender nonce
2026.10.01-12:00:20.313 error [caliper] [ethereum-connector] 	Failed tx on registroDeBatches; calling method: registrarBatch; nonce: 0x5bc
2026.10.01-12:00:20.313 error [caliper] [ethereum-connector] 	Error: Returned error: Transaction nonce is too distant from current sender nonce
2026.10.01-12:00:20.339 error [caliper] [ethereum-connector] 	Failed tx on registroDeBatches; calling method: registrarBatch; nonce: 0x5bd
2026.10.01-12:00:20.339 error [caliper] [ethereum-connector] 	Error: Returned error: Transaction nonce is too distant from current sender nonce
2026.10.01-12:00:20.363 error [caliper] [ethereum-connector] 	Failed tx on registroDeBatches; calling method: registrarBatch; nonce: 0x5be
2026.10.01-12:00:20.363 error [caliper] [ethereum-connector] 	Error: Returned error: Transaction nonce is too distant from current sender nonce
2026.10.01-12:00:20.389 error [caliper] [ethereum-connector] 	Failed tx on registroDeBatches; calling method: registrarBatch; nonce: 0x5bf
2026.10.01-12:00:20.389 error [caliper] [ethereum-connector] 	Error: Returned error: Transaction nonce is too distant from current sender nonce
2026.10.01-12:00:20.413 error [caliper] [ethereum-connector] 	Failed tx on registroDeBatches; calling method: registrarBatch; nonce: 0x5c0
2026.10.01-12:00:20.413 error [caliper] [ethereum-connector] 	Error: Returned error: Transaction nonce is too distant from current sender nonce
2026.10.01-12:00:20.438 error [caliper] [ethereum-connector] 	Failed tx on registroDeBatches; calling method: registrarBatch; nonce: 0x5c1
2026.10.01-12:00:20.438 error [caliper] [ethereum-connector] 	Error: Returned error: Transaction nonce is too distant from current sender nonce
2026.10.01-12:00:20.464 error [caliper] [ethereum-connector] 	Failed tx on registroDeBatches; calling method: registrarBatch; nonce: 0x5c2
2026.10.01-12:00:20.464 error [caliper] [ethereum-connector] 	Error: Returned error: Transaction nonce is too distant from current sender nonce
2026.10.01-12:00:20.488 error [caliper] [ethereum-connector] 	Failed tx on registroDeBatches; calling method: registrarBatch; nonce: 0x5c3
2026.10.01-12:00:20.488 error [caliper] [ethereum-connector] 	Error: Returned error: Transaction nonce is too distant from current sender nonce
2026.10.01-12:00:20.513 error [caliper] [ethereum-connector] 	Failed tx on registroDeBatches; calling method: registrarBatch; nonce: 0x5c4
2026.10.01-12:00:20.513 error [caliper] [ethereum-connector] 	Error: Returned error: Transaction nonce is too distant from current sender nonce
2026.10.01-12:00:20.538 error [caliper] [ethereum-connector] 	Failed tx on registroDeBatches; calling method: registrarBatch; nonce: 0x5c5
2026.10.01-12:00:20.538 error [caliper] [ethereum-connector] 	Error: Returned error: Transaction nonce is too distant from current sender nonce
2026.10.01-12:00:20.564 error [caliper] [ethereum-connector] 	Failed tx on registroDeBatches; calling method: registrarBatch; nonce: 0x5c6
2026.10.01-12:00:20.564 error [caliper] [ethereum-connector] 	Error: Returned error: Transaction nonce is too distant from current sender nonce
2026.10.01-12:00:20.589 error [caliper] [ethereum-connector] 	Failed tx on registroDeBatches; calling method: registrarBatch; nonce: 0x5c7
2026.10.01-12:00:20.589 error [caliper] [ethereum-connector] 	Error: Returned error: Transaction nonce is too distant from current sender nonce
2026.10.01-12:00:20.614 error [caliper] [ethereum-connector] 	Failed tx on registroDeBatches; calling method: registrarBatch; nonce: 0x5c8
2026.10.01-12:00:20.614 error [caliper] [ethereum-connector] 	Error: Returned error: Transaction nonce is too distant from current sender nonce
2026.10.01-12:00:20.638 error [caliper] [ethereum-connector] 	Failed tx on registroDeBatches; calling method: registrarBatch; nonce: 0x5c9
2026.10.01-12:00:20.638 error [caliper] [ethereum-connector] 	Error: Returned error: Transaction nonce is too distant from current sender nonce
2026.10.01-12:00:20.664 error [caliper] [ethereum-connector] 	Failed tx on registroDeBatches; calling method: registrarBatch; nonce: 0x5ca
2026.10.01-12:00:20.664 error [caliper] [ethereum-connector] 	Error: Returned error: Transaction nonce is too distant from current sender nonce
2026.10.01-12:00:20.687 error [caliper] [ethereum-connector] 	Failed tx on registroDeBatches; calling method: registrarBatch; nonce: 0x5cb
2026.10.01-12:00:20.688 error [caliper] [ethereum-connector] 	Error: Returned error: Transaction nonce is too distant from current sender nonce
2026.10.01-12:00:20.715 error [caliper] [ethereum-connector] 	Failed tx on registroDeBatches; calling method: registrarBatch; nonce: 0x5cc
2026.10.01-12:00:20.715 error [caliper] [ethereum-connector] 	Error: Returned error: Transaction nonce is too distant from current sender nonce
2026.10.01-12:00:20.739 error [caliper] [ethereum-connector] 	Failed tx on registroDeBatches; calling method: registrarBatch; nonce: 0x5cd
2026.10.01-12:00:20.739 error [caliper] [ethereum-connector] 	Error: Returned error: Transaction nonce is too distant from current sender nonce
2026.10.01-12:00:20.763 error [caliper] [ethereum-connector] 	Failed tx on registroDeBatches; calling method: registrarBatch; nonce: 0x5ce
2026.10.01-12:00:20.764 error [caliper] [ethereum-connector] 	Error: Returned error: Transaction nonce is too distant from current sender nonce
2026.10.01-12:00:20.789 error [caliper] [ethereum-connector] 	Failed tx on registroDeBatches; calling method: registrarBatch; nonce: 0x5cf
2026.10.01-12:00:20.789 error [caliper] [ethereum-connector] 	Error: Returned error: Transaction nonce is too distant from current sender nonce
2026.10.01-12:00:20.812 error [caliper] [ethereum-connector] 	Failed tx on registroDeBatches; calling method: registrarBatch; nonce: 0x5d0
2026.10.01-12:00:20.812 error [caliper] [ethereum-connector] 	Error: Returned error: Transaction nonce is too distant from current sender nonce
2026.10.01-12:00:20.839 error [caliper] [ethereum-connector] 	Failed tx on registroDeBatches; calling method: registrarBatch; nonce: 0x5d1
2026.10.01-12:00:20.839 error [caliper] [ethereum-connector] 	Error: Returned error: Transaction nonce is too distant from current sender nonce
2026.10.01-12:00:20.862 error [caliper] [ethereum-connector] 	Failed tx on registroDeBatches; calling method: registrarBatch; nonce: 0x5d2
2026.10.01-12:00:20.862 error [caliper] [ethereum-connector] 	Error: Returned error: Transaction nonce is too distant from current sender nonce
2026.10.01-12:00:20.889 error [caliper] [ethereum-connector] 	Failed tx on registroDeBatches; calling method: registrarBatch; nonce: 0x5d3
2026.10.01-12:00:20.889 error [caliper] [ethereum-connector] 	Error: Returned error: Transaction nonce is too distant from current sender nonce
2026.10.01-12:00:20.914 error [caliper] [ethereum-connector] 	Failed tx on registroDeBatches; calling method: registrarBatch; nonce: 0x5d4
2026.10.01-12:00:20.914 error [caliper] [ethereum-connector] 	Error: Returned error: Transaction nonce is too distant from current sender nonce
2026.10.01-12:00:20.939 error [caliper] [ethereum-connector] 	Failed tx on registroDeBatches; calling method: registrarBatch; nonce: 0x5d5
2026.10.01-12:00:20.939 error [caliper] [ethereum-connector] 	Error: Returned error: Transaction nonce is too distant from current sender nonce
2026.10.01-12:00:20.963 error [caliper] [ethereum-connector] 	Failed tx on registroDeBatches; calling method: registrarBatch; nonce: 0x5d6
2026.10.01-12:00:20.963 error [caliper] [ethereum-connector] 	Error: Returned error: Transaction nonce is too distant from current sender nonce
2026.10.01-12:00:20.988 error [caliper] [ethereum-connector] 	Failed tx on registroDeBatches; calling method: registrarBatch; nonce: 0x5d7
2026.10.01-12:00:20.988 error [caliper] [ethereum-connector] 	Error: Returned error: Transaction nonce is too distant from current sender nonce
2026.10.01-12:00:21.013 error [caliper] [ethereum-connector] 	Failed tx on registroDeBatches; calling method: registrarBatch; nonce: 0x5d8
2026.10.01-12:00:21.013 error [caliper] [ethereum-connector] 	Error: Returned error: Transaction nonce is too distant from current sender nonce
2026.10.01-12:00:21.045 error [caliper] [ethereum-connector] 	Failed tx on registroDeBatches; calling method: registrarBatch; nonce: 0x5d9
2026.10.01-12:00:21.045 error [caliper] [ethereum-connector] 	Error: Returned error: Transaction nonce is too distant from current sender nonce
2026.10.01-12:00:21.064 error [caliper] [ethereum-connector] 	Failed tx on registroDeBatches; calling method: registrarBatch; nonce: 0x5da
2026.10.01-12:00:21.064 error [caliper] [ethereum-connector] 	Error: Returned error: Transaction nonce is too distant from current sender nonce
2026.10.01-12:00:21.089 error [caliper] [ethereum-connector] 	Failed tx on registroDeBatches; calling method: registrarBatch; nonce: 0x5db
2026.10.01-12:00:21.089 error [caliper] [ethereum-connector] 	Error: Returned error: Transaction nonce is too distant from current sender nonce
2026.10.01-12:00:21.118 error [caliper] [ethereum-connector] 	Failed tx on registroDeBatches; calling method: registrarBatch; nonce: 0x5dc
2026.10.01-12:00:21.118 error [caliper] [ethereum-connector] 	Error: Returned error: Transaction nonce is too distant from current sender nonce
2026.10.01-12:00:21.138 error [caliper] [ethereum-connector] 	Failed tx on registroDeBatches; calling method: registrarBatch; nonce: 0x5dd
2026.10.01-12:00:21.138 error [caliper] [ethereum-connector] 	Error: Returned error: Transaction nonce is too distant from current sender nonce
2026.10.01-12:00:21.162 error [caliper] [ethereum-connector] 	Failed tx on registroDeBatches; calling method: registrarBatch; nonce: 0x5de
2026.10.01-12:00:21.162 error [caliper] [ethereum-connector] 	Error: Returned error: Transaction nonce is too distant from current sender nonce
2026.10.01-12:00:21.174 info  [caliper] [default-observer] 	[tps-40 Round 2 Transaction Info] - Submitted: 561 Succ: 224 Fail:230 Unfinished:107
2026.10.01-12:00:21.187 error [caliper] [ethereum-connector] 	Failed tx on registroDeBatches; calling method: registrarBatch; nonce: 0x5df
2026.10.01-12:00:21.187 error [caliper] [ethereum-connector] 	Error: Returned error: Transaction nonce is too distant from current sender nonce
2026.10.01-12:00:21.212 error [caliper] [ethereum-connector] 	Failed tx on registroDeBatches; calling method: registrarBatch; nonce: 0x5e0
2026.10.01-12:00:21.212 error [caliper] [ethereum-connector] 	Error: Returned error: Transaction nonce is too distant from current sender nonce
2026.10.01-12:00:21.239 error [caliper] [ethereum-connector] 	Failed tx on registroDeBatches; calling method: registrarBatch; nonce: 0x5e1
2026.10.01-12:00:21.239 error [caliper] [ethereum-connector] 	Error: Returned error: Transaction nonce is too distant from current sender nonce
2026.10.01-12:00:21.263 error [caliper] [ethereum-connector] 	Failed tx on registroDeBatches; calling method: registrarBatch; nonce: 0x5e2
2026.10.01-12:00:21.263 error [caliper] [ethereum-connector] 	Error: Returned error: Transaction nonce is too distant from current sender nonce
2026.10.01-12:00:21.287 error [caliper] [ethereum-connector] 	Failed tx on registroDeBatches; calling method: registrarBatch; nonce: 0x5e3
2026.10.01-12:00:21.287 error [caliper] [ethereum-connector] 	Error: Returned error: Transaction nonce is too distant from current sender nonce
2026.10.01-12:00:21.312 error [caliper] [ethereum-connector] 	Failed tx on registroDeBatches; calling method: registrarBatch; nonce: 0x5e4
2026.10.01-12:00:21.312 error [caliper] [ethereum-connector] 	Error: Returned error: Transaction nonce is too distant from current sender nonce
2026.10.01-12:00:21.337 error [caliper] [ethereum-connector] 	Failed tx on registroDeBatches; calling method: registrarBatch; nonce: 0x5e5
2026.10.01-12:00:21.337 error [caliper] [ethereum-connector] 	Error: Returned error: Transaction nonce is too distant from current sender nonce
2026.10.01-12:00:21.362 error [caliper] [ethereum-connector] 	Failed tx on registroDeBatches; calling method: registrarBatch; nonce: 0x5e6
2026.10.01-12:00:21.362 error [caliper] [ethereum-connector] 	Error: Returned error: Transaction nonce is too distant from current sender nonce
2026.10.01-12:00:21.389 error [caliper] [ethereum-connector] 	Failed tx on registroDeBatches; calling method: registrarBatch; nonce: 0x5e7
2026.10.01-12:00:21.389 error [caliper] [ethereum-connector] 	Error: Returned error: Transaction nonce is too distant from current sender nonce
2026.10.01-12:00:21.414 error [caliper] [ethereum-connector] 	Failed tx on registroDeBatches; calling method: registrarBatch; nonce: 0x5e8
2026.10.01-12:00:21.414 error [caliper] [ethereum-connector] 	Error: Returned error: Transaction nonce is too distant from current sender nonce
2026.10.01-12:00:21.438 error [caliper] [ethereum-connector] 	Failed tx on registroDeBatches; calling method: registrarBatch; nonce: 0x5e9
2026.10.01-12:00:21.438 error [caliper] [ethereum-connector] 	Error: Returned error: Transaction nonce is too distant from current sender nonce
2026.10.01-12:00:21.463 error [caliper] [ethereum-connector] 	Failed tx on registroDeBatches; calling method: registrarBatch; nonce: 0x5ea
2026.10.01-12:00:21.463 error [caliper] [ethereum-connector] 	Error: Returned error: Transaction nonce is too distant from current sender nonce
2026.10.01-12:00:21.488 error [caliper] [ethereum-connector] 	Failed tx on registroDeBatches; calling method: registrarBatch; nonce: 0x5eb
2026.10.01-12:00:21.488 error [caliper] [ethereum-connector] 	Error: Returned error: Transaction nonce is too distant from current sender nonce
2026.10.01-12:00:21.512 error [caliper] [ethereum-connector] 	Failed tx on registroDeBatches; calling method: registrarBatch; nonce: 0x5ec
2026.10.01-12:00:21.512 error [caliper] [ethereum-connector] 	Error: Returned error: Transaction nonce is too distant from current sender nonce
2026.10.01-12:00:21.537 error [caliper] [ethereum-connector] 	Failed tx on registroDeBatches; calling method: registrarBatch; nonce: 0x5ed
2026.10.01-12:00:21.537 error [caliper] [ethereum-connector] 	Error: Returned error: Transaction nonce is too distant from current sender nonce
2026.10.01-12:00:21.562 error [caliper] [ethereum-connector] 	Failed tx on registroDeBatches; calling method: registrarBatch; nonce: 0x5ee
2026.10.01-12:00:21.562 error [caliper] [ethereum-connector] 	Error: Returned error: Transaction nonce is too distant from current sender nonce
2026.10.01-12:00:21.587 error [caliper] [ethereum-connector] 	Failed tx on registroDeBatches; calling method: registrarBatch; nonce: 0x5ef
2026.10.01-12:00:21.587 error [caliper] [ethereum-connector] 	Error: Returned error: Transaction nonce is too distant from current sender nonce
2026.10.01-12:00:21.612 error [caliper] [ethereum-connector] 	Failed tx on registroDeBatches; calling method: registrarBatch; nonce: 0x5f0
2026.10.01-12:00:21.612 error [caliper] [ethereum-connector] 	Error: Returned error: Transaction nonce is too distant from current sender nonce
2026.10.01-12:00:21.637 error [caliper] [ethereum-connector] 	Failed tx on registroDeBatches; calling method: registrarBatch; nonce: 0x5f1
2026.10.01-12:00:21.637 error [caliper] [ethereum-connector] 	Error: Returned error: Transaction nonce is too distant from current sender nonce
2026.10.01-12:00:21.661 error [caliper] [ethereum-connector] 	Failed tx on registroDeBatches; calling method: registrarBatch; nonce: 0x5f2
2026.10.01-12:00:21.662 error [caliper] [ethereum-connector] 	Error: Returned error: Transaction nonce is too distant from current sender nonce
2026.10.01-12:00:21.689 error [caliper] [ethereum-connector] 	Failed tx on registroDeBatches; calling method: registrarBatch; nonce: 0x5f3
2026.10.01-12:00:21.689 error [caliper] [ethereum-connector] 	Error: Returned error: Transaction nonce is too distant from current sender nonce
2026.10.01-12:00:21.712 error [caliper] [ethereum-connector] 	Failed tx on registroDeBatches; calling method: registrarBatch; nonce: 0x5f4
2026.10.01-12:00:21.712 error [caliper] [ethereum-connector] 	Error: Returned error: Transaction nonce is too distant from current sender nonce
2026.10.01-12:00:21.738 error [caliper] [ethereum-connector] 	Failed tx on registroDeBatches; calling method: registrarBatch; nonce: 0x5f5
2026.10.01-12:00:21.738 error [caliper] [ethereum-connector] 	Error: Returned error: Transaction nonce is too distant from current sender nonce
2026.10.01-12:00:21.762 error [caliper] [ethereum-connector] 	Failed tx on registroDeBatches; calling method: registrarBatch; nonce: 0x5f6
2026.10.01-12:00:21.762 error [caliper] [ethereum-connector] 	Error: Returned error: Transaction nonce is too distant from current sender nonce
2026.10.01-12:00:21.787 error [caliper] [ethereum-connector] 	Failed tx on registroDeBatches; calling method: registrarBatch; nonce: 0x5f7
2026.10.01-12:00:21.787 error [caliper] [ethereum-connector] 	Error: Returned error: Transaction nonce is too distant from current sender nonce
2026.10.01-12:00:21.813 error [caliper] [ethereum-connector] 	Failed tx on registroDeBatches; calling method: registrarBatch; nonce: 0x5f8
2026.10.01-12:00:21.813 error [caliper] [ethereum-connector] 	Error: Returned error: Transaction nonce is too distant from current sender nonce
2026.10.01-12:00:21.836 error [caliper] [ethereum-connector] 	Failed tx on registroDeBatches; calling method: registrarBatch; nonce: 0x5f9
2026.10.01-12:00:21.836 error [caliper] [ethereum-connector] 	Error: Returned error: Transaction nonce is too distant from current sender nonce
2026.10.01-12:00:21.862 error [caliper] [ethereum-connector] 	Failed tx on registroDeBatches; calling method: registrarBatch; nonce: 0x5fa
2026.10.01-12:00:21.862 error [caliper] [ethereum-connector] 	Error: Returned error: Transaction nonce is too distant from current sender nonce
2026.10.01-12:00:21.887 error [caliper] [ethereum-connector] 	Failed tx on registroDeBatches; calling method: registrarBatch; nonce: 0x5fb
2026.10.01-12:00:21.887 error [caliper] [ethereum-connector] 	Error: Returned error: Transaction nonce is too distant from current sender nonce
2026.10.01-12:00:21.913 error [caliper] [ethereum-connector] 	Failed tx on registroDeBatches; calling method: registrarBatch; nonce: 0x5fc
2026.10.01-12:00:21.913 error [caliper] [ethereum-connector] 	Error: Returned error: Transaction nonce is too distant from current sender nonce
2026.10.01-12:00:21.939 error [caliper] [ethereum-connector] 	Failed tx on registroDeBatches; calling method: registrarBatch; nonce: 0x5fd
2026.10.01-12:00:21.939 error [caliper] [ethereum-connector] 	Error: Returned error: Transaction nonce is too distant from current sender nonce
2026.10.01-12:00:21.963 error [caliper] [ethereum-connector] 	Failed tx on registroDeBatches; calling method: registrarBatch; nonce: 0x5fe
2026.10.01-12:00:21.963 error [caliper] [ethereum-connector] 	Error: Returned error: Transaction nonce is too distant from current sender nonce
2026.10.01-12:00:21.989 error [caliper] [ethereum-connector] 	Failed tx on registroDeBatches; calling method: registrarBatch; nonce: 0x5ff
2026.10.01-12:00:21.989 error [caliper] [ethereum-connector] 	Error: Returned error: Transaction nonce is too distant from current sender nonce
2026.10.01-12:00:22.012 error [caliper] [ethereum-connector] 	Failed tx on registroDeBatches; calling method: registrarBatch; nonce: 0x600
2026.10.01-12:00:22.012 error [caliper] [ethereum-connector] 	Error: Returned error: Transaction nonce is too distant from current sender nonce
2026.10.01-12:00:22.039 error [caliper] [ethereum-connector] 	Failed tx on registroDeBatches; calling method: registrarBatch; nonce: 0x601
2026.10.01-12:00:22.039 error [caliper] [ethereum-connector] 	Error: Returned error: Transaction nonce is too distant from current sender nonce
2026.10.01-12:00:22.061 error [caliper] [ethereum-connector] 	Failed tx on registroDeBatches; calling method: registrarBatch; nonce: 0x602
2026.10.01-12:00:22.061 error [caliper] [ethereum-connector] 	Error: Returned error: Transaction nonce is too distant from current sender nonce
2026.10.01-12:00:22.088 error [caliper] [ethereum-connector] 	Failed tx on registroDeBatches; calling method: registrarBatch; nonce: 0x603
2026.10.01-12:00:22.088 error [caliper] [ethereum-connector] 	Error: Returned error: Transaction nonce is too distant from current sender nonce
2026.10.01-12:00:22.111 error [caliper] [ethereum-connector] 	Failed tx on registroDeBatches; calling method: registrarBatch; nonce: 0x604
2026.10.01-12:00:22.111 error [caliper] [ethereum-connector] 	Error: Returned error: Transaction nonce is too distant from current sender nonce
2026.10.01-12:00:22.138 error [caliper] [ethereum-connector] 	Failed tx on registroDeBatches; calling method: registrarBatch; nonce: 0x605
2026.10.01-12:00:22.138 error [caliper] [ethereum-connector] 	Error: Returned error: Transaction nonce is too distant from current sender nonce
2026.10.01-12:00:22.163 error [caliper] [ethereum-connector] 	Failed tx on registroDeBatches; calling method: registrarBatch; nonce: 0x606
2026.10.01-12:00:22.163 error [caliper] [ethereum-connector] 	Error: Returned error: Transaction nonce is too distant from current sender nonce
2026.10.01-12:00:22.188 error [caliper] [ethereum-connector] 	Failed tx on registroDeBatches; calling method: registrarBatch; nonce: 0x607
2026.10.01-12:00:22.188 error [caliper] [ethereum-connector] 	Error: Returned error: Transaction nonce is too distant from current sender nonce
2026.10.01-12:00:22.213 error [caliper] [ethereum-connector] 	Failed tx on registroDeBatches; calling method: registrarBatch; nonce: 0x608
2026.10.01-12:00:22.213 error [caliper] [ethereum-connector] 	Error: Returned error: Transaction nonce is too distant from current sender nonce
2026.10.01-12:00:22.239 error [caliper] [ethereum-connector] 	Failed tx on registroDeBatches; calling method: registrarBatch; nonce: 0x609
2026.10.01-12:00:22.239 error [caliper] [ethereum-connector] 	Error: Returned error: Transaction nonce is too distant from current sender nonce
2026.10.01-12:00:22.264 error [caliper] [ethereum-connector] 	Failed tx on registroDeBatches; calling method: registrarBatch; nonce: 0x60a
2026.10.01-12:00:22.264 error [caliper] [ethereum-connector] 	Error: Returned error: Transaction nonce is too distant from current sender nonce
2026.10.01-12:00:22.288 error [caliper] [ethereum-connector] 	Failed tx on registroDeBatches; calling method: registrarBatch; nonce: 0x60b
2026.10.01-12:00:22.288 error [caliper] [ethereum-connector] 	Error: Returned error: Transaction nonce is too distant from current sender nonce
2026.10.01-12:00:22.314 error [caliper] [ethereum-connector] 	Failed tx on registroDeBatches; calling method: registrarBatch; nonce: 0x60c
2026.10.01-12:00:22.314 error [caliper] [ethereum-connector] 	Error: Returned error: Transaction nonce is too distant from current sender nonce
2026.10.01-12:00:22.338 error [caliper] [ethereum-connector] 	Failed tx on registroDeBatches; calling method: registrarBatch; nonce: 0x60d
2026.10.01-12:00:22.338 error [caliper] [ethereum-connector] 	Error: Returned error: Transaction nonce is too distant from current sender nonce
2026.10.01-12:00:22.363 error [caliper] [ethereum-connector] 	Failed tx on registroDeBatches; calling method: registrarBatch; nonce: 0x60e
2026.10.01-12:00:22.363 error [caliper] [ethereum-connector] 	Error: Returned error: Transaction nonce is too distant from current sender nonce
2026.10.01-12:00:22.388 error [caliper] [ethereum-connector] 	Failed tx on registroDeBatches; calling method: registrarBatch; nonce: 0x60f
2026.10.01-12:00:22.388 error [caliper] [ethereum-connector] 	Error: Returned error: Transaction nonce is too distant from current sender nonce
2026.10.01-12:00:22.414 error [caliper] [ethereum-connector] 	Failed tx on registroDeBatches; calling method: registrarBatch; nonce: 0x610
2026.10.01-12:00:22.414 error [caliper] [ethereum-connector] 	Error: Returned error: Transaction nonce is too distant from current sender nonce
2026.10.01-12:00:22.438 error [caliper] [ethereum-connector] 	Failed tx on registroDeBatches; calling method: registrarBatch; nonce: 0x611
2026.10.01-12:00:22.438 error [caliper] [ethereum-connector] 	Error: Returned error: Transaction nonce is too distant from current sender nonce
2026.10.01-12:00:22.463 error [caliper] [ethereum-connector] 	Failed tx on registroDeBatches; calling method: registrarBatch; nonce: 0x612
2026.10.01-12:00:22.463 error [caliper] [ethereum-connector] 	Error: Returned error: Transaction nonce is too distant from current sender nonce
2026.10.01-12:00:22.488 error [caliper] [ethereum-connector] 	Failed tx on registroDeBatches; calling method: registrarBatch; nonce: 0x613
2026.10.01-12:00:22.488 error [caliper] [ethereum-connector] 	Error: Returned error: Transaction nonce is too distant from current sender nonce
2026.10.01-12:00:22.513 error [caliper] [ethereum-connector] 	Failed tx on registroDeBatches; calling method: registrarBatch; nonce: 0x614
2026.10.01-12:00:22.513 error [caliper] [ethereum-connector] 	Error: Returned error: Transaction nonce is too distant from current sender nonce
2026.10.01-12:00:22.538 error [caliper] [ethereum-connector] 	Failed tx on registroDeBatches; calling method: registrarBatch; nonce: 0x615
2026.10.01-12:00:22.538 error [caliper] [ethereum-connector] 	Error: Returned error: Transaction nonce is too distant from current sender nonce
2026.10.01-12:00:22.562 error [caliper] [ethereum-connector] 	Failed tx on registroDeBatches; calling method: registrarBatch; nonce: 0x616
2026.10.01-12:00:22.562 error [caliper] [ethereum-connector] 	Error: Returned error: Transaction nonce is too distant from current sender nonce
2026.10.01-12:00:22.588 error [caliper] [ethereum-connector] 	Failed tx on registroDeBatches; calling method: registrarBatch; nonce: 0x617
2026.10.01-12:00:22.588 error [caliper] [ethereum-connector] 	Error: Returned error: Transaction nonce is too distant from current sender nonce
2026.10.01-12:00:22.613 error [caliper] [ethereum-connector] 	Failed tx on registroDeBatches; calling method: registrarBatch; nonce: 0x618
2026.10.01-12:00:22.613 error [caliper] [ethereum-connector] 	Error: Returned error: Transaction nonce is too distant from current sender nonce
2026.10.01-12:00:22.638 error [caliper] [ethereum-connector] 	Failed tx on registroDeBatches; calling method: registrarBatch; nonce: 0x619
2026.10.01-12:00:22.638 error [caliper] [ethereum-connector] 	Error: Returned error: Transaction nonce is too distant from current sender nonce
2026.10.01-12:00:22.663 error [caliper] [ethereum-connector] 	Failed tx on registroDeBatches; calling method: registrarBatch; nonce: 0x61a
2026.10.01-12:00:22.663 error [caliper] [ethereum-connector] 	Error: Returned error: Transaction nonce is too distant from current sender nonce
2026.10.01-12:00:22.687 error [caliper] [ethereum-connector] 	Failed tx on registroDeBatches; calling method: registrarBatch; nonce: 0x61b
2026.10.01-12:00:22.687 error [caliper] [ethereum-connector] 	Error: Returned error: Transaction nonce is too distant from current sender nonce
2026.10.01-12:00:22.713 error [caliper] [ethereum-connector] 	Failed tx on registroDeBatches; calling method: registrarBatch; nonce: 0x61c
2026.10.01-12:00:22.713 error [caliper] [ethereum-connector] 	Error: Returned error: Transaction nonce is too distant from current sender nonce
2026.10.01-12:00:22.738 error [caliper] [ethereum-connector] 	Failed tx on registroDeBatches; calling method: registrarBatch; nonce: 0x61d
2026.10.01-12:00:22.738 error [caliper] [ethereum-connector] 	Error: Returned error: Transaction nonce is too distant from current sender nonce
2026.10.01-12:00:22.764 error [caliper] [ethereum-connector] 	Failed tx on registroDeBatches; calling method: registrarBatch; nonce: 0x61e
2026.10.01-12:00:22.764 error [caliper] [ethereum-connector] 	Error: Returned error: Transaction nonce is too distant from current sender nonce
2026.10.01-12:00:22.788 error [caliper] [ethereum-connector] 	Failed tx on registroDeBatches; calling method: registrarBatch; nonce: 0x61f
2026.10.01-12:00:22.788 error [caliper] [ethereum-connector] 	Error: Returned error: Transaction nonce is too distant from current sender nonce
2026.10.01-12:00:22.813 error [caliper] [ethereum-connector] 	Failed tx on registroDeBatches; calling method: registrarBatch; nonce: 0x620
2026.10.01-12:00:22.813 error [caliper] [ethereum-connector] 	Error: Returned error: Transaction nonce is too distant from current sender nonce
2026.10.01-12:00:22.839 error [caliper] [ethereum-connector] 	Failed tx on registroDeBatches; calling method: registrarBatch; nonce: 0x621
2026.10.01-12:00:22.839 error [caliper] [ethereum-connector] 	Error: Returned error: Transaction nonce is too distant from current sender nonce
2026.10.01-12:00:22.862 error [caliper] [ethereum-connector] 	Failed tx on registroDeBatches; calling method: registrarBatch; nonce: 0x622
2026.10.01-12:00:22.862 error [caliper] [ethereum-connector] 	Error: Returned error: Transaction nonce is too distant from current sender nonce
2026.10.01-12:00:22.889 error [caliper] [ethereum-connector] 	Failed tx on registroDeBatches; calling method: registrarBatch; nonce: 0x623
2026.10.01-12:00:22.889 error [caliper] [ethereum-connector] 	Error: Returned error: Transaction nonce is too distant from current sender nonce
2026.10.01-12:00:22.912 error [caliper] [ethereum-connector] 	Failed tx on registroDeBatches; calling method: registrarBatch; nonce: 0x624
2026.10.01-12:00:22.912 error [caliper] [ethereum-connector] 	Error: Returned error: Transaction nonce is too distant from current sender nonce
2026.10.01-12:00:22.938 error [caliper] [ethereum-connector] 	Failed tx on registroDeBatches; calling method: registrarBatch; nonce: 0x625
2026.10.01-12:00:22.938 error [caliper] [ethereum-connector] 	Error: Returned error: Transaction nonce is too distant from current sender nonce
2026.10.01-12:00:22.964 error [caliper] [ethereum-connector] 	Failed tx on registroDeBatches; calling method: registrarBatch; nonce: 0x626
2026.10.01-12:00:22.964 error [caliper] [ethereum-connector] 	Error: Returned error: Transaction nonce is too distant from current sender nonce
2026.10.01-12:00:22.989 error [caliper] [ethereum-connector] 	Failed tx on registroDeBatches; calling method: registrarBatch; nonce: 0x627
2026.10.01-12:00:22.989 error [caliper] [ethereum-connector] 	Error: Returned error: Transaction nonce is too distant from current sender nonce
2026.10.01-12:00:23.014 error [caliper] [ethereum-connector] 	Failed tx on registroDeBatches; calling method: registrarBatch; nonce: 0x628
2026.10.01-12:00:23.014 error [caliper] [ethereum-connector] 	Error: Returned error: Transaction nonce is too distant from current sender nonce
2026.10.01-12:00:23.041 error [caliper] [ethereum-connector] 	Failed tx on registroDeBatches; calling method: registrarBatch; nonce: 0x629
2026.10.01-12:00:23.041 error [caliper] [ethereum-connector] 	Error: Returned error: Transaction nonce is too distant from current sender nonce
2026.10.01-12:00:23.066 error [caliper] [ethereum-connector] 	Failed tx on registroDeBatches; calling method: registrarBatch; nonce: 0x62a
2026.10.01-12:00:23.066 error [caliper] [ethereum-connector] 	Error: Returned error: Transaction nonce is too distant from current sender nonce
2026.10.01-12:00:23.089 error [caliper] [ethereum-connector] 	Failed tx on registroDeBatches; calling method: registrarBatch; nonce: 0x62b
2026.10.01-12:00:23.089 error [caliper] [ethereum-connector] 	Error: Returned error: Transaction nonce is too distant from current sender nonce
2026.10.01-12:00:23.115 error [caliper] [ethereum-connector] 	Failed tx on registroDeBatches; calling method: registrarBatch; nonce: 0x62c
2026.10.01-12:00:23.115 error [caliper] [ethereum-connector] 	Error: Returned error: Transaction nonce is too distant from current sender nonce
2026.10.01-12:00:23.146 error [caliper] [ethereum-connector] 	Failed tx on registroDeBatches; calling method: registrarBatch; nonce: 0x62d
2026.10.01-12:00:23.146 error [caliper] [ethereum-connector] 	Error: Returned error: Transaction nonce is too distant from current sender nonce
2026.10.01-12:00:23.163 error [caliper] [ethereum-connector] 	Failed tx on registroDeBatches; calling method: registrarBatch; nonce: 0x62e
2026.10.01-12:00:23.163 error [caliper] [ethereum-connector] 	Error: Returned error: Transaction nonce is too distant from current sender nonce
2026.10.01-12:00:23.187 error [caliper] [ethereum-connector] 	Failed tx on registroDeBatches; calling method: registrarBatch; nonce: 0x62f
2026.10.01-12:00:23.187 error [caliper] [ethereum-connector] 	Error: Returned error: Transaction nonce is too distant from current sender nonce
2026.10.01-12:00:23.211 error [caliper] [ethereum-connector] 	Failed tx on registroDeBatches; calling method: registrarBatch; nonce: 0x630
2026.10.01-12:00:23.211 error [caliper] [ethereum-connector] 	Error: Returned error: Transaction nonce is too distant from current sender nonce
2026.10.01-12:00:23.237 error [caliper] [ethereum-connector] 	Failed tx on registroDeBatches; calling method: registrarBatch; nonce: 0x631
2026.10.01-12:00:23.237 error [caliper] [ethereum-connector] 	Error: Returned error: Transaction nonce is too distant from current sender nonce
2026.10.01-12:00:23.263 error [caliper] [ethereum-connector] 	Failed tx on registroDeBatches; calling method: registrarBatch; nonce: 0x632
2026.10.01-12:00:23.263 error [caliper] [ethereum-connector] 	Error: Returned error: Transaction nonce is too distant from current sender nonce
2026.10.01-12:00:23.287 error [caliper] [ethereum-connector] 	Failed tx on registroDeBatches; calling method: registrarBatch; nonce: 0x633
2026.10.01-12:00:23.287 error [caliper] [ethereum-connector] 	Error: Returned error: Transaction nonce is too distant from current sender nonce
2026.10.01-12:00:23.312 error [caliper] [ethereum-connector] 	Failed tx on registroDeBatches; calling method: registrarBatch; nonce: 0x634
2026.10.01-12:00:23.312 error [caliper] [ethereum-connector] 	Error: Returned error: Transaction nonce is too distant from current sender nonce
2026.10.01-12:00:23.336 error [caliper] [ethereum-connector] 	Failed tx on registroDeBatches; calling method: registrarBatch; nonce: 0x635
2026.10.01-12:00:23.336 error [caliper] [ethereum-connector] 	Error: Returned error: Transaction nonce is too distant from current sender nonce
2026.10.01-12:00:23.361 error [caliper] [ethereum-connector] 	Failed tx on registroDeBatches; calling method: registrarBatch; nonce: 0x636
2026.10.01-12:00:23.361 error [caliper] [ethereum-connector] 	Error: Returned error: Transaction nonce is too distant from current sender nonce
2026.10.01-12:00:23.387 error [caliper] [ethereum-connector] 	Failed tx on registroDeBatches; calling method: registrarBatch; nonce: 0x637
2026.10.01-12:00:23.387 error [caliper] [ethereum-connector] 	Error: Returned error: Transaction nonce is too distant from current sender nonce
2026.10.01-12:00:23.414 error [caliper] [ethereum-connector] 	Failed tx on registroDeBatches; calling method: registrarBatch; nonce: 0x638
2026.10.01-12:00:23.414 error [caliper] [ethereum-connector] 	Error: Returned error: Transaction nonce is too distant from current sender nonce
2026.10.01-12:00:23.437 error [caliper] [ethereum-connector] 	Failed tx on registroDeBatches; calling method: registrarBatch; nonce: 0x639
2026.10.01-12:00:23.437 error [caliper] [ethereum-connector] 	Error: Returned error: Transaction nonce is too distant from current sender nonce
2026.10.01-12:00:23.463 error [caliper] [ethereum-connector] 	Failed tx on registroDeBatches; calling method: registrarBatch; nonce: 0x63a
2026.10.01-12:00:23.463 error [caliper] [ethereum-connector] 	Error: Returned error: Transaction nonce is too distant from current sender nonce
2026.10.01-12:00:23.488 error [caliper] [ethereum-connector] 	Failed tx on registroDeBatches; calling method: registrarBatch; nonce: 0x63b
2026.10.01-12:00:23.488 error [caliper] [ethereum-connector] 	Error: Returned error: Transaction nonce is too distant from current sender nonce
2026.10.01-12:00:23.513 error [caliper] [ethereum-connector] 	Failed tx on registroDeBatches; calling method: registrarBatch; nonce: 0x63c
2026.10.01-12:00:23.513 error [caliper] [ethereum-connector] 	Error: Returned error: Transaction nonce is too distant from current sender nonce
2026.10.01-12:00:23.537 error [caliper] [ethereum-connector] 	Failed tx on registroDeBatches; calling method: registrarBatch; nonce: 0x63d
2026.10.01-12:00:23.537 error [caliper] [ethereum-connector] 	Error: Returned error: Transaction nonce is too distant from current sender nonce
2026.10.01-12:00:23.564 error [caliper] [ethereum-connector] 	Failed tx on registroDeBatches; calling method: registrarBatch; nonce: 0x63e
2026.10.01-12:00:23.564 error [caliper] [ethereum-connector] 	Error: Returned error: Transaction nonce is too distant from current sender nonce
2026.10.01-12:00:23.593 error [caliper] [ethereum-connector] 	Failed tx on registroDeBatches; calling method: registrarBatch; nonce: 0x63f
2026.10.01-12:00:23.593 error [caliper] [ethereum-connector] 	Error: Returned error: Transaction nonce is too distant from current sender nonce
2026.10.01-12:00:23.614 error [caliper] [ethereum-connector] 	Failed tx on registroDeBatches; calling method: registrarBatch; nonce: 0x640
2026.10.01-12:00:23.614 error [caliper] [ethereum-connector] 	Error: Returned error: Transaction nonce is too distant from current sender nonce
2026.10.01-12:00:23.639 error [caliper] [ethereum-connector] 	Failed tx on registroDeBatches; calling method: registrarBatch; nonce: 0x641
2026.10.01-12:00:23.639 error [caliper] [ethereum-connector] 	Error: Returned error: Transaction nonce is too distant from current sender nonce
2026.10.01-12:00:23.663 error [caliper] [ethereum-connector] 	Failed tx on registroDeBatches; calling method: registrarBatch; nonce: 0x642
2026.10.01-12:00:23.663 error [caliper] [ethereum-connector] 	Error: Returned error: Transaction nonce is too distant from current sender nonce
2026.10.01-12:00:23.689 error [caliper] [ethereum-connector] 	Failed tx on registroDeBatches; calling method: registrarBatch; nonce: 0x643
2026.10.01-12:00:23.689 error [caliper] [ethereum-connector] 	Error: Returned error: Transaction nonce is too distant from current sender nonce
2026.10.01-12:00:23.713 error [caliper] [ethereum-connector] 	Failed tx on registroDeBatches; calling method: registrarBatch; nonce: 0x644
2026.10.01-12:00:23.713 error [caliper] [ethereum-connector] 	Error: Returned error: Transaction nonce is too distant from current sender nonce
2026.10.01-12:00:23.738 error [caliper] [ethereum-connector] 	Failed tx on registroDeBatches; calling method: registrarBatch; nonce: 0x645
2026.10.01-12:00:23.738 error [caliper] [ethereum-connector] 	Error: Returned error: Transaction nonce is too distant from current sender nonce
2026.10.01-12:00:23.764 error [caliper] [ethereum-connector] 	Failed tx on registroDeBatches; calling method: registrarBatch; nonce: 0x646
2026.10.01-12:00:23.764 error [caliper] [ethereum-connector] 	Error: Returned error: Transaction nonce is too distant from current sender nonce
2026.10.01-12:00:23.788 error [caliper] [ethereum-connector] 	Failed tx on registroDeBatches; calling method: registrarBatch; nonce: 0x647
2026.10.01-12:00:23.788 error [caliper] [ethereum-connector] 	Error: Returned error: Transaction nonce is too distant from current sender nonce
2026.10.01-12:00:23.814 error [caliper] [ethereum-connector] 	Failed tx on registroDeBatches; calling method: registrarBatch; nonce: 0x648
2026.10.01-12:00:23.814 error [caliper] [ethereum-connector] 	Error: Returned error: Transaction nonce is too distant from current sender nonce
2026.10.01-12:00:23.838 error [caliper] [ethereum-connector] 	Failed tx on registroDeBatches; calling method: registrarBatch; nonce: 0x649
2026.10.01-12:00:23.838 error [caliper] [ethereum-connector] 	Error: Returned error: Transaction nonce is too distant from current sender nonce
2026.10.01-12:00:23.864 error [caliper] [ethereum-connector] 	Failed tx on registroDeBatches; calling method: registrarBatch; nonce: 0x64a
2026.10.01-12:00:23.864 error [caliper] [ethereum-connector] 	Error: Returned error: Transaction nonce is too distant from current sender nonce
2026.10.01-12:00:23.887 error [caliper] [ethereum-connector] 	Failed tx on registroDeBatches; calling method: registrarBatch; nonce: 0x64b
2026.10.01-12:00:23.887 error [caliper] [ethereum-connector] 	Error: Returned error: Transaction nonce is too distant from current sender nonce
2026.10.01-12:00:23.913 error [caliper] [ethereum-connector] 	Failed tx on registroDeBatches; calling method: registrarBatch; nonce: 0x64c
2026.10.01-12:00:23.913 error [caliper] [ethereum-connector] 	Error: Returned error: Transaction nonce is too distant from current sender nonce
2026.10.01-12:00:23.938 error [caliper] [ethereum-connector] 	Failed tx on registroDeBatches; calling method: registrarBatch; nonce: 0x64d
2026.10.01-12:00:23.938 error [caliper] [ethereum-connector] 	Error: Returned error: Transaction nonce is too distant from current sender nonce
2026.10.01-12:00:23.963 error [caliper] [ethereum-connector] 	Failed tx on registroDeBatches; calling method: registrarBatch; nonce: 0x64e
2026.10.01-12:00:23.963 error [caliper] [ethereum-connector] 	Error: Returned error: Transaction nonce is too distant from current sender nonce
2026.10.01-12:00:23.988 error [caliper] [ethereum-connector] 	Failed tx on registroDeBatches; calling method: registrarBatch; nonce: 0x64f
2026.10.01-12:00:23.988 error [caliper] [ethereum-connector] 	Error: Returned error: Transaction nonce is too distant from current sender nonce
2026.10.01-12:00:24.014 error [caliper] [ethereum-connector] 	Failed tx on registroDeBatches; calling method: registrarBatch; nonce: 0x650
2026.10.01-12:00:24.014 error [caliper] [ethereum-connector] 	Error: Returned error: Transaction nonce is too distant from current sender nonce
2026.10.01-12:00:24.037 error [caliper] [ethereum-connector] 	Failed tx on registroDeBatches; calling method: registrarBatch; nonce: 0x651
2026.10.01-12:00:24.037 error [caliper] [ethereum-connector] 	Error: Returned error: Transaction nonce is too distant from current sender nonce
2026.10.01-12:00:24.063 error [caliper] [ethereum-connector] 	Failed tx on registroDeBatches; calling method: registrarBatch; nonce: 0x652
2026.10.01-12:00:24.063 error [caliper] [ethereum-connector] 	Error: Returned error: Transaction nonce is too distant from current sender nonce
2026.10.01-12:00:24.088 error [caliper] [ethereum-connector] 	Failed tx on registroDeBatches; calling method: registrarBatch; nonce: 0x653
2026.10.01-12:00:24.088 error [caliper] [ethereum-connector] 	Error: Returned error: Transaction nonce is too distant from current sender nonce
2026.10.01-12:00:24.113 error [caliper] [ethereum-connector] 	Failed tx on registroDeBatches; calling method: registrarBatch; nonce: 0x654
2026.10.01-12:00:24.113 error [caliper] [ethereum-connector] 	Error: Returned error: Transaction nonce is too distant from current sender nonce
2026.10.01-12:00:24.137 error [caliper] [ethereum-connector] 	Failed tx on registroDeBatches; calling method: registrarBatch; nonce: 0x655
2026.10.01-12:00:24.137 error [caliper] [ethereum-connector] 	Error: Returned error: Transaction nonce is too distant from current sender nonce
2026.10.01-12:00:24.161 error [caliper] [ethereum-connector] 	Failed tx on registroDeBatches; calling method: registrarBatch; nonce: 0x656
2026.10.01-12:00:24.161 error [caliper] [ethereum-connector] 	Error: Returned error: Transaction nonce is too distant from current sender nonce
2026.10.01-12:00:24.187 error [caliper] [ethereum-connector] 	Failed tx on registroDeBatches; calling method: registrarBatch; nonce: 0x657
2026.10.01-12:00:24.187 error [caliper] [ethereum-connector] 	Error: Returned error: Transaction nonce is too distant from current sender nonce
2026.10.01-12:00:24.212 error [caliper] [ethereum-connector] 	Failed tx on registroDeBatches; calling method: registrarBatch; nonce: 0x658
2026.10.01-12:00:24.212 error [caliper] [ethereum-connector] 	Error: Returned error: Transaction nonce is too distant from current sender nonce
2026.10.01-12:00:24.238 error [caliper] [ethereum-connector] 	Failed tx on registroDeBatches; calling method: registrarBatch; nonce: 0x659
2026.10.01-12:00:24.238 error [caliper] [ethereum-connector] 	Error: Returned error: Transaction nonce is too distant from current sender nonce
2026.10.01-12:00:24.263 error [caliper] [ethereum-connector] 	Failed tx on registroDeBatches; calling method: registrarBatch; nonce: 0x65a
2026.10.01-12:00:24.263 error [caliper] [ethereum-connector] 	Error: Returned error: Transaction nonce is too distant from current sender nonce
2026.10.01-12:00:24.288 error [caliper] [ethereum-connector] 	Failed tx on registroDeBatches; calling method: registrarBatch; nonce: 0x65b
2026.10.01-12:00:24.288 error [caliper] [ethereum-connector] 	Error: Returned error: Transaction nonce is too distant from current sender nonce
2026.10.01-12:00:24.313 error [caliper] [ethereum-connector] 	Failed tx on registroDeBatches; calling method: registrarBatch; nonce: 0x65c
2026.10.01-12:00:24.314 error [caliper] [ethereum-connector] 	Error: Returned error: Transaction nonce is too distant from current sender nonce
2026.10.01-12:00:24.338 error [caliper] [ethereum-connector] 	Failed tx on registroDeBatches; calling method: registrarBatch; nonce: 0x65d
2026.10.01-12:00:24.338 error [caliper] [ethereum-connector] 	Error: Returned error: Transaction nonce is too distant from current sender nonce
2026.10.01-12:00:24.363 error [caliper] [ethereum-connector] 	Failed tx on registroDeBatches; calling method: registrarBatch; nonce: 0x65e
2026.10.01-12:00:24.363 error [caliper] [ethereum-connector] 	Error: Returned error: Transaction nonce is too distant from current sender nonce
2026.10.01-12:00:24.387 error [caliper] [ethereum-connector] 	Failed tx on registroDeBatches; calling method: registrarBatch; nonce: 0x65f
2026.10.01-12:00:24.387 error [caliper] [ethereum-connector] 	Error: Returned error: Transaction nonce is too distant from current sender nonce
2026.10.01-12:00:24.414 error [caliper] [ethereum-connector] 	Failed tx on registroDeBatches; calling method: registrarBatch; nonce: 0x660
2026.10.01-12:00:24.414 error [caliper] [ethereum-connector] 	Error: Returned error: Transaction nonce is too distant from current sender nonce
2026.10.01-12:00:24.438 error [caliper] [ethereum-connector] 	Failed tx on registroDeBatches; calling method: registrarBatch; nonce: 0x661
2026.10.01-12:00:24.438 error [caliper] [ethereum-connector] 	Error: Returned error: Transaction nonce is too distant from current sender nonce
2026.10.01-12:00:24.463 error [caliper] [ethereum-connector] 	Failed tx on registroDeBatches; calling method: registrarBatch; nonce: 0x662
2026.10.01-12:00:24.463 error [caliper] [ethereum-connector] 	Error: Returned error: Transaction nonce is too distant from current sender nonce
2026.10.01-12:00:24.489 error [caliper] [ethereum-connector] 	Failed tx on registroDeBatches; calling method: registrarBatch; nonce: 0x663
2026.10.01-12:00:24.489 error [caliper] [ethereum-connector] 	Error: Returned error: Transaction nonce is too distant from current sender nonce
2026.10.01-12:00:24.512 error [caliper] [ethereum-connector] 	Failed tx on registroDeBatches; calling method: registrarBatch; nonce: 0x664
2026.10.01-12:00:24.512 error [caliper] [ethereum-connector] 	Error: Returned error: Transaction nonce is too distant from current sender nonce
2026.10.01-12:00:24.537 error [caliper] [ethereum-connector] 	Failed tx on registroDeBatches; calling method: registrarBatch; nonce: 0x665
2026.10.01-12:00:24.537 error [caliper] [ethereum-connector] 	Error: Returned error: Transaction nonce is too distant from current sender nonce
2026.10.01-12:00:24.563 error [caliper] [ethereum-connector] 	Failed tx on registroDeBatches; calling method: registrarBatch; nonce: 0x666
2026.10.01-12:00:24.563 error [caliper] [ethereum-connector] 	Error: Returned error: Transaction nonce is too distant from current sender nonce
2026.10.01-12:00:24.588 error [caliper] [ethereum-connector] 	Failed tx on registroDeBatches; calling method: registrarBatch; nonce: 0x667
2026.10.01-12:00:24.588 error [caliper] [ethereum-connector] 	Error: Returned error: Transaction nonce is too distant from current sender nonce
2026.10.01-12:00:24.613 error [caliper] [ethereum-connector] 	Failed tx on registroDeBatches; calling method: registrarBatch; nonce: 0x668
2026.10.01-12:00:24.613 error [caliper] [ethereum-connector] 	Error: Returned error: Transaction nonce is too distant from current sender nonce
2026.10.01-12:00:24.638 error [caliper] [ethereum-connector] 	Failed tx on registroDeBatches; calling method: registrarBatch; nonce: 0x669
2026.10.01-12:00:24.638 error [caliper] [ethereum-connector] 	Error: Returned error: Transaction nonce is too distant from current sender nonce
2026.10.01-12:00:24.663 error [caliper] [ethereum-connector] 	Failed tx on registroDeBatches; calling method: registrarBatch; nonce: 0x66a
2026.10.01-12:00:24.663 error [caliper] [ethereum-connector] 	Error: Returned error: Transaction nonce is too distant from current sender nonce
2026.10.01-12:00:24.688 error [caliper] [ethereum-connector] 	Failed tx on registroDeBatches; calling method: registrarBatch; nonce: 0x66b
2026.10.01-12:00:24.688 error [caliper] [ethereum-connector] 	Error: Returned error: Transaction nonce is too distant from current sender nonce
2026.10.01-12:00:24.713 error [caliper] [ethereum-connector] 	Failed tx on registroDeBatches; calling method: registrarBatch; nonce: 0x66c
2026.10.01-12:00:24.713 error [caliper] [ethereum-connector] 	Error: Returned error: Transaction nonce is too distant from current sender nonce
2026.10.01-12:00:24.739 error [caliper] [ethereum-connector] 	Failed tx on registroDeBatches; calling method: registrarBatch; nonce: 0x66d
2026.10.01-12:00:24.739 error [caliper] [ethereum-connector] 	Error: Returned error: Transaction nonce is too distant from current sender nonce
2026.10.01-12:00:24.763 error [caliper] [ethereum-connector] 	Failed tx on registroDeBatches; calling method: registrarBatch; nonce: 0x66e
2026.10.01-12:00:24.763 error [caliper] [ethereum-connector] 	Error: Returned error: Transaction nonce is too distant from current sender nonce
2026.10.01-12:00:24.788 error [caliper] [ethereum-connector] 	Failed tx on registroDeBatches; calling method: registrarBatch; nonce: 0x66f
2026.10.01-12:00:24.788 error [caliper] [ethereum-connector] 	Error: Returned error: Transaction nonce is too distant from current sender nonce
2026.10.01-12:00:24.814 error [caliper] [ethereum-connector] 	Failed tx on registroDeBatches; calling method: registrarBatch; nonce: 0x670
2026.10.01-12:00:24.814 error [caliper] [ethereum-connector] 	Error: Returned error: Transaction nonce is too distant from current sender nonce
2026.10.01-12:00:24.839 error [caliper] [ethereum-connector] 	Failed tx on registroDeBatches; calling method: registrarBatch; nonce: 0x671
2026.10.01-12:00:24.839 error [caliper] [ethereum-connector] 	Error: Returned error: Transaction nonce is too distant from current sender nonce
2026.10.01-12:00:24.863 error [caliper] [ethereum-connector] 	Failed tx on registroDeBatches; calling method: registrarBatch; nonce: 0x672
2026.10.01-12:00:24.864 error [caliper] [ethereum-connector] 	Error: Returned error: Transaction nonce is too distant from current sender nonce
2026.10.01-12:00:24.889 error [caliper] [ethereum-connector] 	Failed tx on registroDeBatches; calling method: registrarBatch; nonce: 0x673
2026.10.01-12:00:24.889 error [caliper] [ethereum-connector] 	Error: Returned error: Transaction nonce is too distant from current sender nonce
2026.10.01-12:00:24.914 error [caliper] [ethereum-connector] 	Failed tx on registroDeBatches; calling method: registrarBatch; nonce: 0x674
2026.10.01-12:00:24.914 error [caliper] [ethereum-connector] 	Error: Returned error: Transaction nonce is too distant from current sender nonce
2026.10.01-12:00:24.939 error [caliper] [ethereum-connector] 	Failed tx on registroDeBatches; calling method: registrarBatch; nonce: 0x675
2026.10.01-12:00:24.939 error [caliper] [ethereum-connector] 	Error: Returned error: Transaction nonce is too distant from current sender nonce
2026.10.01-12:00:24.963 error [caliper] [ethereum-connector] 	Failed tx on registroDeBatches; calling method: registrarBatch; nonce: 0x676
2026.10.01-12:00:24.963 error [caliper] [ethereum-connector] 	Error: Returned error: Transaction nonce is too distant from current sender nonce
2026.10.01-12:00:24.988 error [caliper] [ethereum-connector] 	Failed tx on registroDeBatches; calling method: registrarBatch; nonce: 0x677
2026.10.01-12:00:24.988 error [caliper] [ethereum-connector] 	Error: Returned error: Transaction nonce is too distant from current sender nonce
2026.10.01-12:00:25.014 error [caliper] [ethereum-connector] 	Failed tx on registroDeBatches; calling method: registrarBatch; nonce: 0x678
2026.10.01-12:00:25.014 error [caliper] [ethereum-connector] 	Error: Returned error: Transaction nonce is too distant from current sender nonce
2026.10.01-12:00:25.037 error [caliper] [ethereum-connector] 	Failed tx on registroDeBatches; calling method: registrarBatch; nonce: 0x679
2026.10.01-12:00:25.037 error [caliper] [ethereum-connector] 	Error: Returned error: Transaction nonce is too distant from current sender nonce
2026.10.01-12:00:25.067 error [caliper] [ethereum-connector] 	Failed tx on registroDeBatches; calling method: registrarBatch; nonce: 0x67a
2026.10.01-12:00:25.067 error [caliper] [ethereum-connector] 	Error: Returned error: Transaction nonce is too distant from current sender nonce
2026.10.01-12:00:25.091 error [caliper] [ethereum-connector] 	Failed tx on registroDeBatches; calling method: registrarBatch; nonce: 0x67b
2026.10.01-12:00:25.091 error [caliper] [ethereum-connector] 	Error: Returned error: Transaction nonce is too distant from current sender nonce
2026.10.01-12:00:25.126 error [caliper] [ethereum-connector] 	Failed tx on registroDeBatches; calling method: registrarBatch; nonce: 0x67c
2026.10.01-12:00:25.126 error [caliper] [ethereum-connector] 	Error: Returned error: Transaction nonce is too distant from current sender nonce
2026.10.01-12:00:25.137 error [caliper] [ethereum-connector] 	Failed tx on registroDeBatches; calling method: registrarBatch; nonce: 0x67d
2026.10.01-12:00:25.137 error [caliper] [ethereum-connector] 	Error: Returned error: Transaction nonce is too distant from current sender nonce
2026.10.01-12:00:25.163 error [caliper] [ethereum-connector] 	Failed tx on registroDeBatches; calling method: registrarBatch; nonce: 0x67e
2026.10.01-12:00:25.163 error [caliper] [ethereum-connector] 	Error: Returned error: Transaction nonce is too distant from current sender nonce
2026.10.01-12:00:25.188 error [caliper] [ethereum-connector] 	Failed tx on registroDeBatches; calling method: registrarBatch; nonce: 0x67f
2026.10.01-12:00:25.188 error [caliper] [ethereum-connector] 	Error: Returned error: Transaction nonce is too distant from current sender nonce
2026.10.01-12:00:25.211 error [caliper] [ethereum-connector] 	Failed tx on registroDeBatches; calling method: registrarBatch; nonce: 0x680
2026.10.01-12:00:25.211 error [caliper] [ethereum-connector] 	Error: Returned error: Transaction nonce is too distant from current sender nonce
2026.10.01-12:00:25.237 error [caliper] [ethereum-connector] 	Failed tx on registroDeBatches; calling method: registrarBatch; nonce: 0x681
2026.10.01-12:00:25.238 error [caliper] [ethereum-connector] 	Error: Returned error: Transaction nonce is too distant from current sender nonce
2026.10.01-12:00:25.263 error [caliper] [ethereum-connector] 	Failed tx on registroDeBatches; calling method: registrarBatch; nonce: 0x682
2026.10.01-12:00:25.263 error [caliper] [ethereum-connector] 	Error: Returned error: Transaction nonce is too distant from current sender nonce
2026.10.01-12:00:25.287 error [caliper] [ethereum-connector] 	Failed tx on registroDeBatches; calling method: registrarBatch; nonce: 0x683
2026.10.01-12:00:25.287 error [caliper] [ethereum-connector] 	Error: Returned error: Transaction nonce is too distant from current sender nonce
2026.10.01-12:00:25.312 error [caliper] [ethereum-connector] 	Failed tx on registroDeBatches; calling method: registrarBatch; nonce: 0x684
2026.10.01-12:00:25.312 error [caliper] [ethereum-connector] 	Error: Returned error: Transaction nonce is too distant from current sender nonce
2026.10.01-12:00:25.337 error [caliper] [ethereum-connector] 	Failed tx on registroDeBatches; calling method: registrarBatch; nonce: 0x685
2026.10.01-12:00:25.337 error [caliper] [ethereum-connector] 	Error: Returned error: Transaction nonce is too distant from current sender nonce
2026.10.01-12:00:25.363 error [caliper] [ethereum-connector] 	Failed tx on registroDeBatches; calling method: registrarBatch; nonce: 0x686
2026.10.01-12:00:25.363 error [caliper] [ethereum-connector] 	Error: Returned error: Transaction nonce is too distant from current sender nonce
2026.10.01-12:00:25.389 error [caliper] [ethereum-connector] 	Failed tx on registroDeBatches; calling method: registrarBatch; nonce: 0x687
2026.10.01-12:00:25.389 error [caliper] [ethereum-connector] 	Error: Returned error: Transaction nonce is too distant from current sender nonce
2026.10.01-12:00:25.412 error [caliper] [ethereum-connector] 	Failed tx on registroDeBatches; calling method: registrarBatch; nonce: 0x688
2026.10.01-12:00:25.412 error [caliper] [ethereum-connector] 	Error: Returned error: Transaction nonce is too distant from current sender nonce
2026.10.01-12:00:25.438 error [caliper] [ethereum-connector] 	Failed tx on registroDeBatches; calling method: registrarBatch; nonce: 0x689
2026.10.01-12:00:25.438 error [caliper] [ethereum-connector] 	Error: Returned error: Transaction nonce is too distant from current sender nonce
2026.10.01-12:00:25.464 error [caliper] [ethereum-connector] 	Failed tx on registroDeBatches; calling method: registrarBatch; nonce: 0x68a
2026.10.01-12:00:25.464 error [caliper] [ethereum-connector] 	Error: Returned error: Transaction nonce is too distant from current sender nonce
2026.10.01-12:00:25.488 error [caliper] [ethereum-connector] 	Failed tx on registroDeBatches; calling method: registrarBatch; nonce: 0x68b
2026.10.01-12:00:25.488 error [caliper] [ethereum-connector] 	Error: Returned error: Transaction nonce is too distant from current sender nonce
2026.10.01-12:00:25.512 error [caliper] [ethereum-connector] 	Failed tx on registroDeBatches; calling method: registrarBatch; nonce: 0x68c
2026.10.01-12:00:25.512 error [caliper] [ethereum-connector] 	Error: Returned error: Transaction nonce is too distant from current sender nonce
2026.10.01-12:00:25.538 error [caliper] [ethereum-connector] 	Failed tx on registroDeBatches; calling method: registrarBatch; nonce: 0x68d
2026.10.01-12:00:25.538 error [caliper] [ethereum-connector] 	Error: Returned error: Transaction nonce is too distant from current sender nonce
2026.10.01-12:00:25.562 error [caliper] [ethereum-connector] 	Failed tx on registroDeBatches; calling method: registrarBatch; nonce: 0x68e
2026.10.01-12:00:25.562 error [caliper] [ethereum-connector] 	Error: Returned error: Transaction nonce is too distant from current sender nonce
2026.10.01-12:00:25.586 error [caliper] [ethereum-connector] 	Failed tx on registroDeBatches; calling method: registrarBatch; nonce: 0x68f
2026.10.01-12:00:25.586 error [caliper] [ethereum-connector] 	Error: Returned error: Transaction nonce is too distant from current sender nonce
2026.10.01-12:00:25.612 error [caliper] [ethereum-connector] 	Failed tx on registroDeBatches; calling method: registrarBatch; nonce: 0x690
2026.10.01-12:00:25.612 error [caliper] [ethereum-connector] 	Error: Returned error: Transaction nonce is too distant from current sender nonce
2026.10.01-12:00:25.639 error [caliper] [ethereum-connector] 	Failed tx on registroDeBatches; calling method: registrarBatch; nonce: 0x691
2026.10.01-12:00:25.639 error [caliper] [ethereum-connector] 	Error: Returned error: Transaction nonce is too distant from current sender nonce
2026.10.01-12:00:25.662 error [caliper] [ethereum-connector] 	Failed tx on registroDeBatches; calling method: registrarBatch; nonce: 0x692
2026.10.01-12:00:25.662 error [caliper] [ethereum-connector] 	Error: Returned error: Transaction nonce is too distant from current sender nonce
2026.10.01-12:00:25.688 error [caliper] [ethereum-connector] 	Failed tx on registroDeBatches; calling method: registrarBatch; nonce: 0x693
2026.10.01-12:00:25.688 error [caliper] [ethereum-connector] 	Error: Returned error: Transaction nonce is too distant from current sender nonce
2026.10.01-12:00:25.714 error [caliper] [ethereum-connector] 	Failed tx on registroDeBatches; calling method: registrarBatch; nonce: 0x694
2026.10.01-12:00:25.714 error [caliper] [ethereum-connector] 	Error: Returned error: Transaction nonce is too distant from current sender nonce
2026.10.01-12:00:25.737 error [caliper] [ethereum-connector] 	Failed tx on registroDeBatches; calling method: registrarBatch; nonce: 0x695
2026.10.01-12:00:25.737 error [caliper] [ethereum-connector] 	Error: Returned error: Transaction nonce is too distant from current sender nonce
2026.10.01-12:00:25.764 error [caliper] [ethereum-connector] 	Failed tx on registroDeBatches; calling method: registrarBatch; nonce: 0x696
2026.10.01-12:00:25.764 error [caliper] [ethereum-connector] 	Error: Returned error: Transaction nonce is too distant from current sender nonce
2026.10.01-12:00:25.789 error [caliper] [ethereum-connector] 	Failed tx on registroDeBatches; calling method: registrarBatch; nonce: 0x697
2026.10.01-12:00:25.789 error [caliper] [ethereum-connector] 	Error: Returned error: Transaction nonce is too distant from current sender nonce
2026.10.01-12:00:25.813 error [caliper] [ethereum-connector] 	Failed tx on registroDeBatches; calling method: registrarBatch; nonce: 0x698
2026.10.01-12:00:25.813 error [caliper] [ethereum-connector] 	Error: Returned error: Transaction nonce is too distant from current sender nonce
2026.10.01-12:00:25.839 error [caliper] [ethereum-connector] 	Failed tx on registroDeBatches; calling method: registrarBatch; nonce: 0x699
2026.10.01-12:00:25.839 error [caliper] [ethereum-connector] 	Error: Returned error: Transaction nonce is too distant from current sender nonce
2026.10.01-12:00:25.863 error [caliper] [ethereum-connector] 	Failed tx on registroDeBatches; calling method: registrarBatch; nonce: 0x69a
2026.10.01-12:00:25.863 error [caliper] [ethereum-connector] 	Error: Returned error: Transaction nonce is too distant from current sender nonce
2026.10.01-12:00:25.888 error [caliper] [ethereum-connector] 	Failed tx on registroDeBatches; calling method: registrarBatch; nonce: 0x69b
2026.10.01-12:00:25.888 error [caliper] [ethereum-connector] 	Error: Returned error: Transaction nonce is too distant from current sender nonce
2026.10.01-12:00:25.914 error [caliper] [ethereum-connector] 	Failed tx on registroDeBatches; calling method: registrarBatch; nonce: 0x69c
2026.10.01-12:00:25.914 error [caliper] [ethereum-connector] 	Error: Returned error: Transaction nonce is too distant from current sender nonce
2026.10.01-12:00:25.938 error [caliper] [ethereum-connector] 	Failed tx on registroDeBatches; calling method: registrarBatch; nonce: 0x69d
2026.10.01-12:00:25.938 error [caliper] [ethereum-connector] 	Error: Returned error: Transaction nonce is too distant from current sender nonce
2026.10.01-12:00:25.963 error [caliper] [ethereum-connector] 	Failed tx on registroDeBatches; calling method: registrarBatch; nonce: 0x69e
2026.10.01-12:00:25.963 error [caliper] [ethereum-connector] 	Error: Returned error: Transaction nonce is too distant from current sender nonce
2026.10.01-12:00:25.988 error [caliper] [ethereum-connector] 	Failed tx on registroDeBatches; calling method: registrarBatch; nonce: 0x69f
2026.10.01-12:00:25.988 error [caliper] [ethereum-connector] 	Error: Returned error: Transaction nonce is too distant from current sender nonce
2026.10.01-12:00:26.014 error [caliper] [ethereum-connector] 	Failed tx on registroDeBatches; calling method: registrarBatch; nonce: 0x6a0
2026.10.01-12:00:26.014 error [caliper] [ethereum-connector] 	Error: Returned error: Transaction nonce is too distant from current sender nonce
2026.10.01-12:00:26.038 error [caliper] [ethereum-connector] 	Failed tx on registroDeBatches; calling method: registrarBatch; nonce: 0x6a1
2026.10.01-12:00:26.038 error [caliper] [ethereum-connector] 	Error: Returned error: Transaction nonce is too distant from current sender nonce
2026.10.01-12:00:26.063 error [caliper] [ethereum-connector] 	Failed tx on registroDeBatches; calling method: registrarBatch; nonce: 0x6a2
2026.10.01-12:00:26.063 error [caliper] [ethereum-connector] 	Error: Returned error: Transaction nonce is too distant from current sender nonce
2026.10.01-12:00:26.089 error [caliper] [ethereum-connector] 	Failed tx on registroDeBatches; calling method: registrarBatch; nonce: 0x6a3
2026.10.01-12:00:26.089 error [caliper] [ethereum-connector] 	Error: Returned error: Transaction nonce is too distant from current sender nonce
2026.10.01-12:00:26.114 error [caliper] [ethereum-connector] 	Failed tx on registroDeBatches; calling method: registrarBatch; nonce: 0x6a4
2026.10.01-12:00:26.114 error [caliper] [ethereum-connector] 	Error: Returned error: Transaction nonce is too distant from current sender nonce
2026.10.01-12:00:26.138 error [caliper] [ethereum-connector] 	Failed tx on registroDeBatches; calling method: registrarBatch; nonce: 0x6a5
2026.10.01-12:00:26.138 error [caliper] [ethereum-connector] 	Error: Returned error: Transaction nonce is too distant from current sender nonce
2026.10.01-12:00:26.163 error [caliper] [ethereum-connector] 	Failed tx on registroDeBatches; calling method: registrarBatch; nonce: 0x6a6
2026.10.01-12:00:26.163 error [caliper] [ethereum-connector] 	Error: Returned error: Transaction nonce is too distant from current sender nonce
2026.10.01-12:00:26.174 info  [caliper] [default-observer] 	[tps-40 Round 2 Transaction Info] - Submitted: 761 Succ: 320 Fail:430 Unfinished:11
2026.10.01-12:00:26.188 error [caliper] [ethereum-connector] 	Failed tx on registroDeBatches; calling method: registrarBatch; nonce: 0x6a7
2026.10.01-12:00:26.188 error [caliper] [ethereum-connector] 	Error: Returned error: Transaction nonce is too distant from current sender nonce
2026.10.01-12:00:26.214 error [caliper] [ethereum-connector] 	Failed tx on registroDeBatches; calling method: registrarBatch; nonce: 0x6a8
2026.10.01-12:00:26.214 error [caliper] [ethereum-connector] 	Error: Returned error: Transaction nonce is too distant from current sender nonce
2026.10.01-12:00:26.239 error [caliper] [ethereum-connector] 	Failed tx on registroDeBatches; calling method: registrarBatch; nonce: 0x6a9
2026.10.01-12:00:26.239 error [caliper] [ethereum-connector] 	Error: Returned error: Transaction nonce is too distant from current sender nonce
2026.10.01-12:00:26.263 error [caliper] [ethereum-connector] 	Failed tx on registroDeBatches; calling method: registrarBatch; nonce: 0x6aa
2026.10.01-12:00:26.263 error [caliper] [ethereum-connector] 	Error: Returned error: Transaction nonce is too distant from current sender nonce
2026.10.01-12:00:26.288 error [caliper] [ethereum-connector] 	Failed tx on registroDeBatches; calling method: registrarBatch; nonce: 0x6ab
2026.10.01-12:00:26.289 error [caliper] [ethereum-connector] 	Error: Returned error: Transaction nonce is too distant from current sender nonce
2026.10.01-12:00:26.314 error [caliper] [ethereum-connector] 	Failed tx on registroDeBatches; calling method: registrarBatch; nonce: 0x6ac
2026.10.01-12:00:26.314 error [caliper] [ethereum-connector] 	Error: Returned error: Transaction nonce is too distant from current sender nonce
2026.10.01-12:00:26.338 error [caliper] [ethereum-connector] 	Failed tx on registroDeBatches; calling method: registrarBatch; nonce: 0x6ad
2026.10.01-12:00:26.338 error [caliper] [ethereum-connector] 	Error: Returned error: Transaction nonce is too distant from current sender nonce
2026.10.01-12:00:26.363 error [caliper] [ethereum-connector] 	Failed tx on registroDeBatches; calling method: registrarBatch; nonce: 0x6ae
2026.10.01-12:00:26.363 error [caliper] [ethereum-connector] 	Error: Returned error: Transaction nonce is too distant from current sender nonce
2026.10.01-12:00:26.388 error [caliper] [ethereum-connector] 	Failed tx on registroDeBatches; calling method: registrarBatch; nonce: 0x6af
2026.10.01-12:00:26.388 error [caliper] [ethereum-connector] 	Error: Returned error: Transaction nonce is too distant from current sender nonce
2026.10.01-12:00:26.413 error [caliper] [ethereum-connector] 	Failed tx on registroDeBatches; calling method: registrarBatch; nonce: 0x6b0
2026.10.01-12:00:26.414 error [caliper] [ethereum-connector] 	Error: Returned error: Transaction nonce is too distant from current sender nonce
2026.10.01-12:00:26.439 error [caliper] [ethereum-connector] 	Failed tx on registroDeBatches; calling method: registrarBatch; nonce: 0x6b1
2026.10.01-12:00:26.439 error [caliper] [ethereum-connector] 	Error: Returned error: Transaction nonce is too distant from current sender nonce
2026.10.01-12:00:26.463 error [caliper] [ethereum-connector] 	Failed tx on registroDeBatches; calling method: registrarBatch; nonce: 0x6b2
2026.10.01-12:00:26.463 error [caliper] [ethereum-connector] 	Error: Returned error: Transaction nonce is too distant from current sender nonce
2026.10.01-12:00:26.488 error [caliper] [ethereum-connector] 	Failed tx on registroDeBatches; calling method: registrarBatch; nonce: 0x6b3
2026.10.01-12:00:26.488 error [caliper] [ethereum-connector] 	Error: Returned error: Transaction nonce is too distant from current sender nonce
2026.10.01-12:00:26.513 error [caliper] [ethereum-connector] 	Failed tx on registroDeBatches; calling method: registrarBatch; nonce: 0x6b4
2026.10.01-12:00:26.513 error [caliper] [ethereum-connector] 	Error: Returned error: Transaction nonce is too distant from current sender nonce
2026.10.01-12:00:26.538 error [caliper] [ethereum-connector] 	Failed tx on registroDeBatches; calling method: registrarBatch; nonce: 0x6b5
2026.10.01-12:00:26.538 error [caliper] [ethereum-connector] 	Error: Returned error: Transaction nonce is too distant from current sender nonce
2026.10.01-12:00:26.562 error [caliper] [ethereum-connector] 	Failed tx on registroDeBatches; calling method: registrarBatch; nonce: 0x6b6
2026.10.01-12:00:26.562 error [caliper] [ethereum-connector] 	Error: Returned error: Transaction nonce is too distant from current sender nonce
2026.10.01-12:00:26.587 error [caliper] [ethereum-connector] 	Failed tx on registroDeBatches; calling method: registrarBatch; nonce: 0x6b7
2026.10.01-12:00:26.587 error [caliper] [ethereum-connector] 	Error: Returned error: Transaction nonce is too distant from current sender nonce
2026.10.01-12:00:26.612 error [caliper] [ethereum-connector] 	Failed tx on registroDeBatches; calling method: registrarBatch; nonce: 0x6b8
2026.10.01-12:00:26.612 error [caliper] [ethereum-connector] 	Error: Returned error: Transaction nonce is too distant from current sender nonce
2026.10.01-12:00:26.637 error [caliper] [ethereum-connector] 	Failed tx on registroDeBatches; calling method: registrarBatch; nonce: 0x6b9
2026.10.01-12:00:26.637 error [caliper] [ethereum-connector] 	Error: Returned error: Transaction nonce is too distant from current sender nonce
2026.10.01-12:00:26.662 error [caliper] [ethereum-connector] 	Failed tx on registroDeBatches; calling method: registrarBatch; nonce: 0x6ba
2026.10.01-12:00:26.662 error [caliper] [ethereum-connector] 	Error: Returned error: Transaction nonce is too distant from current sender nonce
2026.10.01-12:00:26.689 error [caliper] [ethereum-connector] 	Failed tx on registroDeBatches; calling method: registrarBatch; nonce: 0x6bb
2026.10.01-12:00:26.689 error [caliper] [ethereum-connector] 	Error: Returned error: Transaction nonce is too distant from current sender nonce
2026.10.01-12:00:26.711 error [caliper] [ethereum-connector] 	Failed tx on registroDeBatches; calling method: registrarBatch; nonce: 0x6bc
2026.10.01-12:00:26.712 error [caliper] [ethereum-connector] 	Error: Returned error: Transaction nonce is too distant from current sender nonce
2026.10.01-12:00:26.738 error [caliper] [ethereum-connector] 	Failed tx on registroDeBatches; calling method: registrarBatch; nonce: 0x6bd
2026.10.01-12:00:26.738 error [caliper] [ethereum-connector] 	Error: Returned error: Transaction nonce is too distant from current sender nonce
2026.10.01-12:00:26.763 error [caliper] [ethereum-connector] 	Failed tx on registroDeBatches; calling method: registrarBatch; nonce: 0x6be
2026.10.01-12:00:26.763 error [caliper] [ethereum-connector] 	Error: Returned error: Transaction nonce is too distant from current sender nonce
2026.10.01-12:00:26.786 error [caliper] [ethereum-connector] 	Failed tx on registroDeBatches; calling method: registrarBatch; nonce: 0x6bf
2026.10.01-12:00:26.786 error [caliper] [ethereum-connector] 	Error: Returned error: Transaction nonce is too distant from current sender nonce
2026.10.01-12:00:26.813 error [caliper] [ethereum-connector] 	Failed tx on registroDeBatches; calling method: registrarBatch; nonce: 0x6c0
2026.10.01-12:00:26.813 error [caliper] [ethereum-connector] 	Error: Returned error: Transaction nonce is too distant from current sender nonce
2026.10.01-12:00:26.837 error [caliper] [ethereum-connector] 	Failed tx on registroDeBatches; calling method: registrarBatch; nonce: 0x6c1
2026.10.01-12:00:26.837 error [caliper] [ethereum-connector] 	Error: Returned error: Transaction nonce is too distant from current sender nonce
2026.10.01-12:00:26.862 error [caliper] [ethereum-connector] 	Failed tx on registroDeBatches; calling method: registrarBatch; nonce: 0x6c2
2026.10.01-12:00:26.862 error [caliper] [ethereum-connector] 	Error: Returned error: Transaction nonce is too distant from current sender nonce
2026.10.01-12:00:26.888 error [caliper] [ethereum-connector] 	Failed tx on registroDeBatches; calling method: registrarBatch; nonce: 0x6c3
2026.10.01-12:00:26.888 error [caliper] [ethereum-connector] 	Error: Returned error: Transaction nonce is too distant from current sender nonce
2026.10.01-12:00:26.913 error [caliper] [ethereum-connector] 	Failed tx on registroDeBatches; calling method: registrarBatch; nonce: 0x6c4
2026.10.01-12:00:26.913 error [caliper] [ethereum-connector] 	Error: Returned error: Transaction nonce is too distant from current sender nonce
2026.10.01-12:00:26.939 error [caliper] [ethereum-connector] 	Failed tx on registroDeBatches; calling method: registrarBatch; nonce: 0x6c5
2026.10.01-12:00:26.939 error [caliper] [ethereum-connector] 	Error: Returned error: Transaction nonce is too distant from current sender nonce
2026.10.01-12:00:26.963 error [caliper] [ethereum-connector] 	Failed tx on registroDeBatches; calling method: registrarBatch; nonce: 0x6c6
2026.10.01-12:00:26.963 error [caliper] [ethereum-connector] 	Error: Returned error: Transaction nonce is too distant from current sender nonce
2026.10.01-12:00:26.988 error [caliper] [ethereum-connector] 	Failed tx on registroDeBatches; calling method: registrarBatch; nonce: 0x6c7
2026.10.01-12:00:26.988 error [caliper] [ethereum-connector] 	Error: Returned error: Transaction nonce is too distant from current sender nonce
2026.10.01-12:00:27.019 error [caliper] [ethereum-connector] 	Failed tx on registroDeBatches; calling method: registrarBatch; nonce: 0x6c8
2026.10.01-12:00:27.019 error [caliper] [ethereum-connector] 	Error: Returned error: Transaction nonce is too distant from current sender nonce
2026.10.01-12:00:27.039 error [caliper] [ethereum-connector] 	Failed tx on registroDeBatches; calling method: registrarBatch; nonce: 0x6c9
2026.10.01-12:00:27.039 error [caliper] [ethereum-connector] 	Error: Returned error: Transaction nonce is too distant from current sender nonce
2026.10.01-12:00:27.063 error [caliper] [ethereum-connector] 	Failed tx on registroDeBatches; calling method: registrarBatch; nonce: 0x6ca
2026.10.01-12:00:27.063 error [caliper] [ethereum-connector] 	Error: Returned error: Transaction nonce is too distant from current sender nonce
2026.10.01-12:00:27.088 error [caliper] [ethereum-connector] 	Failed tx on registroDeBatches; calling method: registrarBatch; nonce: 0x6cb
2026.10.01-12:00:27.088 error [caliper] [ethereum-connector] 	Error: Returned error: Transaction nonce is too distant from current sender nonce
2026.10.01-12:00:27.111 error [caliper] [ethereum-connector] 	Failed tx on registroDeBatches; calling method: registrarBatch; nonce: 0x6cc
2026.10.01-12:00:27.111 error [caliper] [ethereum-connector] 	Error: Returned error: Transaction nonce is too distant from current sender nonce
2026.10.01-12:00:27.136 error [caliper] [ethereum-connector] 	Failed tx on registroDeBatches; calling method: registrarBatch; nonce: 0x6cd
2026.10.01-12:00:27.136 error [caliper] [ethereum-connector] 	Error: Returned error: Transaction nonce is too distant from current sender nonce
2026.10.01-12:00:27.162 error [caliper] [ethereum-connector] 	Failed tx on registroDeBatches; calling method: registrarBatch; nonce: 0x6ce
2026.10.01-12:00:27.162 error [caliper] [ethereum-connector] 	Error: Returned error: Transaction nonce is too distant from current sender nonce
2026.10.01-12:00:27.187 error [caliper] [ethereum-connector] 	Failed tx on registroDeBatches; calling method: registrarBatch; nonce: 0x6cf
2026.10.01-12:00:27.187 error [caliper] [ethereum-connector] 	Error: Returned error: Transaction nonce is too distant from current sender nonce
2026.10.01-12:00:27.212 error [caliper] [ethereum-connector] 	Failed tx on registroDeBatches; calling method: registrarBatch; nonce: 0x6d0
2026.10.01-12:00:27.212 error [caliper] [ethereum-connector] 	Error: Returned error: Transaction nonce is too distant from current sender nonce
2026.10.01-12:00:27.237 error [caliper] [ethereum-connector] 	Failed tx on registroDeBatches; calling method: registrarBatch; nonce: 0x6d1
2026.10.01-12:00:27.237 error [caliper] [ethereum-connector] 	Error: Returned error: Transaction nonce is too distant from current sender nonce
2026.10.01-12:00:27.263 error [caliper] [ethereum-connector] 	Failed tx on registroDeBatches; calling method: registrarBatch; nonce: 0x6d2
2026.10.01-12:00:27.263 error [caliper] [ethereum-connector] 	Error: Returned error: Transaction nonce is too distant from current sender nonce
2026.10.01-12:00:27.287 error [caliper] [ethereum-connector] 	Failed tx on registroDeBatches; calling method: registrarBatch; nonce: 0x6d3
2026.10.01-12:00:27.287 error [caliper] [ethereum-connector] 	Error: Returned error: Transaction nonce is too distant from current sender nonce
2026.10.01-12:00:27.314 error [caliper] [ethereum-connector] 	Failed tx on registroDeBatches; calling method: registrarBatch; nonce: 0x6d4
2026.10.01-12:00:27.314 error [caliper] [ethereum-connector] 	Error: Returned error: Transaction nonce is too distant from current sender nonce
2026.10.01-12:00:27.337 error [caliper] [ethereum-connector] 	Failed tx on registroDeBatches; calling method: registrarBatch; nonce: 0x6d5
2026.10.01-12:00:27.337 error [caliper] [ethereum-connector] 	Error: Returned error: Transaction nonce is too distant from current sender nonce
2026.10.01-12:00:27.363 error [caliper] [ethereum-connector] 	Failed tx on registroDeBatches; calling method: registrarBatch; nonce: 0x6d6
2026.10.01-12:00:27.363 error [caliper] [ethereum-connector] 	Error: Returned error: Transaction nonce is too distant from current sender nonce
2026.10.01-12:00:27.388 error [caliper] [ethereum-connector] 	Failed tx on registroDeBatches; calling method: registrarBatch; nonce: 0x6d7
2026.10.01-12:00:27.388 error [caliper] [ethereum-connector] 	Error: Returned error: Transaction nonce is too distant from current sender nonce
2026.10.01-12:00:27.413 error [caliper] [ethereum-connector] 	Failed tx on registroDeBatches; calling method: registrarBatch; nonce: 0x6d8
2026.10.01-12:00:27.413 error [caliper] [ethereum-connector] 	Error: Returned error: Transaction nonce is too distant from current sender nonce
2026.10.01-12:00:27.438 error [caliper] [ethereum-connector] 	Failed tx on registroDeBatches; calling method: registrarBatch; nonce: 0x6d9
2026.10.01-12:00:27.438 error [caliper] [ethereum-connector] 	Error: Returned error: Transaction nonce is too distant from current sender nonce
2026.10.01-12:00:27.463 error [caliper] [ethereum-connector] 	Failed tx on registroDeBatches; calling method: registrarBatch; nonce: 0x6da
2026.10.01-12:00:27.463 error [caliper] [ethereum-connector] 	Error: Returned error: Transaction nonce is too distant from current sender nonce
2026.10.01-12:00:27.488 error [caliper] [ethereum-connector] 	Failed tx on registroDeBatches; calling method: registrarBatch; nonce: 0x6db
2026.10.01-12:00:27.488 error [caliper] [ethereum-connector] 	Error: Returned error: Transaction nonce is too distant from current sender nonce
2026.10.01-12:00:27.513 error [caliper] [ethereum-connector] 	Failed tx on registroDeBatches; calling method: registrarBatch; nonce: 0x6dc
2026.10.01-12:00:27.513 error [caliper] [ethereum-connector] 	Error: Returned error: Transaction nonce is too distant from current sender nonce
2026.10.01-12:00:27.537 error [caliper] [ethereum-connector] 	Failed tx on registroDeBatches; calling method: registrarBatch; nonce: 0x6dd
2026.10.01-12:00:27.537 error [caliper] [ethereum-connector] 	Error: Returned error: Transaction nonce is too distant from current sender nonce
2026.10.01-12:00:27.563 error [caliper] [ethereum-connector] 	Failed tx on registroDeBatches; calling method: registrarBatch; nonce: 0x6de
2026.10.01-12:00:27.563 error [caliper] [ethereum-connector] 	Error: Returned error: Transaction nonce is too distant from current sender nonce
2026.10.01-12:00:27.587 error [caliper] [ethereum-connector] 	Failed tx on registroDeBatches; calling method: registrarBatch; nonce: 0x6df
2026.10.01-12:00:27.587 error [caliper] [ethereum-connector] 	Error: Returned error: Transaction nonce is too distant from current sender nonce
2026.10.01-12:00:27.614 error [caliper] [ethereum-connector] 	Failed tx on registroDeBatches; calling method: registrarBatch; nonce: 0x6e0
2026.10.01-12:00:27.614 error [caliper] [ethereum-connector] 	Error: Returned error: Transaction nonce is too distant from current sender nonce
2026.10.01-12:00:27.638 error [caliper] [ethereum-connector] 	Failed tx on registroDeBatches; calling method: registrarBatch; nonce: 0x6e1
2026.10.01-12:00:27.638 error [caliper] [ethereum-connector] 	Error: Returned error: Transaction nonce is too distant from current sender nonce
2026.10.01-12:00:27.663 error [caliper] [ethereum-connector] 	Failed tx on registroDeBatches; calling method: registrarBatch; nonce: 0x6e2
2026.10.01-12:00:27.663 error [caliper] [ethereum-connector] 	Error: Returned error: Transaction nonce is too distant from current sender nonce
2026.10.01-12:00:27.688 error [caliper] [ethereum-connector] 	Failed tx on registroDeBatches; calling method: registrarBatch; nonce: 0x6e3
2026.10.01-12:00:27.688 error [caliper] [ethereum-connector] 	Error: Returned error: Transaction nonce is too distant from current sender nonce
2026.10.01-12:00:27.713 error [caliper] [ethereum-connector] 	Failed tx on registroDeBatches; calling method: registrarBatch; nonce: 0x6e4
2026.10.01-12:00:27.713 error [caliper] [ethereum-connector] 	Error: Returned error: Transaction nonce is too distant from current sender nonce
2026.10.01-12:00:27.739 error [caliper] [ethereum-connector] 	Failed tx on registroDeBatches; calling method: registrarBatch; nonce: 0x6e5
2026.10.01-12:00:27.739 error [caliper] [ethereum-connector] 	Error: Returned error: Transaction nonce is too distant from current sender nonce
2026.10.01-12:00:27.763 error [caliper] [ethereum-connector] 	Failed tx on registroDeBatches; calling method: registrarBatch; nonce: 0x6e6
2026.10.01-12:00:27.763 error [caliper] [ethereum-connector] 	Error: Returned error: Transaction nonce is too distant from current sender nonce
2026.10.01-12:00:27.787 error [caliper] [ethereum-connector] 	Failed tx on registroDeBatches; calling method: registrarBatch; nonce: 0x6e7
2026.10.01-12:00:27.787 error [caliper] [ethereum-connector] 	Error: Returned error: Transaction nonce is too distant from current sender nonce
2026.10.01-12:00:27.814 error [caliper] [ethereum-connector] 	Failed tx on registroDeBatches; calling method: registrarBatch; nonce: 0x6e8
2026.10.01-12:00:27.814 error [caliper] [ethereum-connector] 	Error: Returned error: Transaction nonce is too distant from current sender nonce
2026.10.01-12:00:27.838 error [caliper] [ethereum-connector] 	Failed tx on registroDeBatches; calling method: registrarBatch; nonce: 0x6e9
2026.10.01-12:00:27.838 error [caliper] [ethereum-connector] 	Error: Returned error: Transaction nonce is too distant from current sender nonce
2026.10.01-12:00:27.863 error [caliper] [ethereum-connector] 	Failed tx on registroDeBatches; calling method: registrarBatch; nonce: 0x6ea
2026.10.01-12:00:27.863 error [caliper] [ethereum-connector] 	Error: Returned error: Transaction nonce is too distant from current sender nonce
2026.10.01-12:00:27.888 error [caliper] [ethereum-connector] 	Failed tx on registroDeBatches; calling method: registrarBatch; nonce: 0x6eb
2026.10.01-12:00:27.888 error [caliper] [ethereum-connector] 	Error: Returned error: Transaction nonce is too distant from current sender nonce
2026.10.01-12:00:27.913 error [caliper] [ethereum-connector] 	Failed tx on registroDeBatches; calling method: registrarBatch; nonce: 0x6ec
2026.10.01-12:00:27.913 error [caliper] [ethereum-connector] 	Error: Returned error: Transaction nonce is too distant from current sender nonce
2026.10.01-12:00:27.938 error [caliper] [ethereum-connector] 	Failed tx on registroDeBatches; calling method: registrarBatch; nonce: 0x6ed
2026.10.01-12:00:27.938 error [caliper] [ethereum-connector] 	Error: Returned error: Transaction nonce is too distant from current sender nonce
2026.10.01-12:00:27.963 error [caliper] [ethereum-connector] 	Failed tx on registroDeBatches; calling method: registrarBatch; nonce: 0x6ee
2026.10.01-12:00:27.963 error [caliper] [ethereum-connector] 	Error: Returned error: Transaction nonce is too distant from current sender nonce
2026.10.01-12:00:27.988 error [caliper] [ethereum-connector] 	Failed tx on registroDeBatches; calling method: registrarBatch; nonce: 0x6ef
2026.10.01-12:00:27.988 error [caliper] [ethereum-connector] 	Error: Returned error: Transaction nonce is too distant from current sender nonce
2026.10.01-12:00:28.013 error [caliper] [ethereum-connector] 	Failed tx on registroDeBatches; calling method: registrarBatch; nonce: 0x6f0
2026.10.01-12:00:28.013 error [caliper] [ethereum-connector] 	Error: Returned error: Transaction nonce is too distant from current sender nonce
2026.10.01-12:00:28.038 error [caliper] [ethereum-connector] 	Failed tx on registroDeBatches; calling method: registrarBatch; nonce: 0x6f1
2026.10.01-12:00:28.038 error [caliper] [ethereum-connector] 	Error: Returned error: Transaction nonce is too distant from current sender nonce
2026.10.01-12:00:28.064 error [caliper] [ethereum-connector] 	Failed tx on registroDeBatches; calling method: registrarBatch; nonce: 0x6f2
2026.10.01-12:00:28.064 error [caliper] [ethereum-connector] 	Error: Returned error: Transaction nonce is too distant from current sender nonce
2026.10.01-12:00:28.088 error [caliper] [ethereum-connector] 	Failed tx on registroDeBatches; calling method: registrarBatch; nonce: 0x6f3
2026.10.01-12:00:28.088 error [caliper] [ethereum-connector] 	Error: Returned error: Transaction nonce is too distant from current sender nonce
2026.10.01-12:00:28.113 error [caliper] [ethereum-connector] 	Failed tx on registroDeBatches; calling method: registrarBatch; nonce: 0x6f4
2026.10.01-12:00:28.113 error [caliper] [ethereum-connector] 	Error: Returned error: Transaction nonce is too distant from current sender nonce
2026.10.01-12:00:28.138 error [caliper] [ethereum-connector] 	Failed tx on registroDeBatches; calling method: registrarBatch; nonce: 0x6f5
2026.10.01-12:00:28.138 error [caliper] [ethereum-connector] 	Error: Returned error: Transaction nonce is too distant from current sender nonce
2026.10.01-12:00:28.164 error [caliper] [ethereum-connector] 	Failed tx on registroDeBatches; calling method: registrarBatch; nonce: 0x6f6
2026.10.01-12:00:28.164 error [caliper] [ethereum-connector] 	Error: Returned error: Transaction nonce is too distant from current sender nonce
2026.10.01-12:00:28.188 error [caliper] [ethereum-connector] 	Failed tx on registroDeBatches; calling method: registrarBatch; nonce: 0x6f7
2026.10.01-12:00:28.188 error [caliper] [ethereum-connector] 	Error: Returned error: Transaction nonce is too distant from current sender nonce
2026.10.01-12:00:28.213 error [caliper] [ethereum-connector] 	Failed tx on registroDeBatches; calling method: registrarBatch; nonce: 0x6f8
2026.10.01-12:00:28.213 error [caliper] [ethereum-connector] 	Error: Returned error: Transaction nonce is too distant from current sender nonce
2026.10.01-12:00:28.238 error [caliper] [ethereum-connector] 	Failed tx on registroDeBatches; calling method: registrarBatch; nonce: 0x6f9
2026.10.01-12:00:28.238 error [caliper] [ethereum-connector] 	Error: Returned error: Transaction nonce is too distant from current sender nonce
2026.10.01-12:00:28.263 error [caliper] [ethereum-connector] 	Failed tx on registroDeBatches; calling method: registrarBatch; nonce: 0x6fa
2026.10.01-12:00:28.263 error [caliper] [ethereum-connector] 	Error: Returned error: Transaction nonce is too distant from current sender nonce
2026.10.01-12:00:28.289 error [caliper] [ethereum-connector] 	Failed tx on registroDeBatches; calling method: registrarBatch; nonce: 0x6fb
2026.10.01-12:00:28.289 error [caliper] [ethereum-connector] 	Error: Returned error: Transaction nonce is too distant from current sender nonce
2026.10.01-12:00:28.312 error [caliper] [ethereum-connector] 	Failed tx on registroDeBatches; calling method: registrarBatch; nonce: 0x6fc
2026.10.01-12:00:28.312 error [caliper] [ethereum-connector] 	Error: Returned error: Transaction nonce is too distant from current sender nonce
2026.10.01-12:00:28.338 error [caliper] [ethereum-connector] 	Failed tx on registroDeBatches; calling method: registrarBatch; nonce: 0x6fd
2026.10.01-12:00:28.338 error [caliper] [ethereum-connector] 	Error: Returned error: Transaction nonce is too distant from current sender nonce
2026.10.01-12:00:28.363 error [caliper] [ethereum-connector] 	Failed tx on registroDeBatches; calling method: registrarBatch; nonce: 0x6fe
2026.10.01-12:00:28.363 error [caliper] [ethereum-connector] 	Error: Returned error: Transaction nonce is too distant from current sender nonce
2026.10.01-12:00:28.388 error [caliper] [ethereum-connector] 	Failed tx on registroDeBatches; calling method: registrarBatch; nonce: 0x6ff
2026.10.01-12:00:28.388 error [caliper] [ethereum-connector] 	Error: Returned error: Transaction nonce is too distant from current sender nonce
2026.10.01-12:00:28.413 error [caliper] [ethereum-connector] 	Failed tx on registroDeBatches; calling method: registrarBatch; nonce: 0x700
2026.10.01-12:00:28.413 error [caliper] [ethereum-connector] 	Error: Returned error: Transaction nonce is too distant from current sender nonce
2026.10.01-12:00:28.438 error [caliper] [ethereum-connector] 	Failed tx on registroDeBatches; calling method: registrarBatch; nonce: 0x701
2026.10.01-12:00:28.438 error [caliper] [ethereum-connector] 	Error: Returned error: Transaction nonce is too distant from current sender nonce
2026.10.01-12:00:28.463 error [caliper] [ethereum-connector] 	Failed tx on registroDeBatches; calling method: registrarBatch; nonce: 0x702
2026.10.01-12:00:28.463 error [caliper] [ethereum-connector] 	Error: Returned error: Transaction nonce is too distant from current sender nonce
2026.10.01-12:00:28.487 error [caliper] [ethereum-connector] 	Failed tx on registroDeBatches; calling method: registrarBatch; nonce: 0x703
2026.10.01-12:00:28.487 error [caliper] [ethereum-connector] 	Error: Returned error: Transaction nonce is too distant from current sender nonce
2026.10.01-12:00:28.515 error [caliper] [ethereum-connector] 	Failed tx on registroDeBatches; calling method: registrarBatch; nonce: 0x704
2026.10.01-12:00:28.515 error [caliper] [ethereum-connector] 	Error: Returned error: Transaction nonce is too distant from current sender nonce
2026.10.01-12:00:28.537 error [caliper] [ethereum-connector] 	Failed tx on registroDeBatches; calling method: registrarBatch; nonce: 0x705
2026.10.01-12:00:28.537 error [caliper] [ethereum-connector] 	Error: Returned error: Transaction nonce is too distant from current sender nonce
2026.10.01-12:00:28.563 error [caliper] [ethereum-connector] 	Failed tx on registroDeBatches; calling method: registrarBatch; nonce: 0x706
2026.10.01-12:00:28.563 error [caliper] [ethereum-connector] 	Error: Returned error: Transaction nonce is too distant from current sender nonce
2026.10.01-12:00:28.588 error [caliper] [ethereum-connector] 	Failed tx on registroDeBatches; calling method: registrarBatch; nonce: 0x707
2026.10.01-12:00:28.589 error [caliper] [ethereum-connector] 	Error: Returned error: Transaction nonce is too distant from current sender nonce
2026.10.01-12:00:28.614 error [caliper] [ethereum-connector] 	Failed tx on registroDeBatches; calling method: registrarBatch; nonce: 0x708
2026.10.01-12:00:28.614 error [caliper] [ethereum-connector] 	Error: Returned error: Transaction nonce is too distant from current sender nonce
2026.10.01-12:00:28.638 error [caliper] [ethereum-connector] 	Failed tx on registroDeBatches; calling method: registrarBatch; nonce: 0x709
2026.10.01-12:00:28.638 error [caliper] [ethereum-connector] 	Error: Returned error: Transaction nonce is too distant from current sender nonce
2026.10.01-12:00:28.663 error [caliper] [ethereum-connector] 	Failed tx on registroDeBatches; calling method: registrarBatch; nonce: 0x70a
2026.10.01-12:00:28.663 error [caliper] [ethereum-connector] 	Error: Returned error: Transaction nonce is too distant from current sender nonce
2026.10.01-12:00:28.689 error [caliper] [ethereum-connector] 	Failed tx on registroDeBatches; calling method: registrarBatch; nonce: 0x70b
2026.10.01-12:00:28.689 error [caliper] [ethereum-connector] 	Error: Returned error: Transaction nonce is too distant from current sender nonce
2026.10.01-12:00:28.713 error [caliper] [ethereum-connector] 	Failed tx on registroDeBatches; calling method: registrarBatch; nonce: 0x70c
2026.10.01-12:00:28.713 error [caliper] [ethereum-connector] 	Error: Returned error: Transaction nonce is too distant from current sender nonce
2026.10.01-12:00:28.738 error [caliper] [ethereum-connector] 	Failed tx on registroDeBatches; calling method: registrarBatch; nonce: 0x70d
2026.10.01-12:00:28.738 error [caliper] [ethereum-connector] 	Error: Returned error: Transaction nonce is too distant from current sender nonce
2026.10.01-12:00:28.763 error [caliper] [ethereum-connector] 	Failed tx on registroDeBatches; calling method: registrarBatch; nonce: 0x70e
2026.10.01-12:00:28.763 error [caliper] [ethereum-connector] 	Error: Returned error: Transaction nonce is too distant from current sender nonce
2026.10.01-12:00:28.789 error [caliper] [ethereum-connector] 	Failed tx on registroDeBatches; calling method: registrarBatch; nonce: 0x70f
2026.10.01-12:00:28.789 error [caliper] [ethereum-connector] 	Error: Returned error: Transaction nonce is too distant from current sender nonce
2026.10.01-12:00:28.813 error [caliper] [ethereum-connector] 	Failed tx on registroDeBatches; calling method: registrarBatch; nonce: 0x710
2026.10.01-12:00:28.813 error [caliper] [ethereum-connector] 	Error: Returned error: Transaction nonce is too distant from current sender nonce
2026.10.01-12:00:28.838 error [caliper] [ethereum-connector] 	Failed tx on registroDeBatches; calling method: registrarBatch; nonce: 0x711
2026.10.01-12:00:28.838 error [caliper] [ethereum-connector] 	Error: Returned error: Transaction nonce is too distant from current sender nonce
2026.10.01-12:00:28.863 error [caliper] [ethereum-connector] 	Failed tx on registroDeBatches; calling method: registrarBatch; nonce: 0x712
2026.10.01-12:00:28.863 error [caliper] [ethereum-connector] 	Error: Returned error: Transaction nonce is too distant from current sender nonce
2026.10.01-12:00:28.888 error [caliper] [ethereum-connector] 	Failed tx on registroDeBatches; calling method: registrarBatch; nonce: 0x713
2026.10.01-12:00:28.888 error [caliper] [ethereum-connector] 	Error: Returned error: Transaction nonce is too distant from current sender nonce
2026.10.01-12:00:28.914 error [caliper] [ethereum-connector] 	Failed tx on registroDeBatches; calling method: registrarBatch; nonce: 0x714
2026.10.01-12:00:28.914 error [caliper] [ethereum-connector] 	Error: Returned error: Transaction nonce is too distant from current sender nonce
2026.10.01-12:00:28.938 error [caliper] [ethereum-connector] 	Failed tx on registroDeBatches; calling method: registrarBatch; nonce: 0x715
2026.10.01-12:00:28.938 error [caliper] [ethereum-connector] 	Error: Returned error: Transaction nonce is too distant from current sender nonce
2026.10.01-12:00:28.963 error [caliper] [ethereum-connector] 	Failed tx on registroDeBatches; calling method: registrarBatch; nonce: 0x716
2026.10.01-12:00:28.963 error [caliper] [ethereum-connector] 	Error: Returned error: Transaction nonce is too distant from current sender nonce
2026.10.01-12:00:28.988 error [caliper] [ethereum-connector] 	Failed tx on registroDeBatches; calling method: registrarBatch; nonce: 0x717
2026.10.01-12:00:28.988 error [caliper] [ethereum-connector] 	Error: Returned error: Transaction nonce is too distant from current sender nonce
2026.10.01-12:00:29.018 error [caliper] [ethereum-connector] 	Failed tx on registroDeBatches; calling method: registrarBatch; nonce: 0x718
2026.10.01-12:00:29.018 error [caliper] [ethereum-connector] 	Error: Returned error: Transaction nonce is too distant from current sender nonce
2026.10.01-12:00:29.037 error [caliper] [ethereum-connector] 	Failed tx on registroDeBatches; calling method: registrarBatch; nonce: 0x719
2026.10.01-12:00:29.038 error [caliper] [ethereum-connector] 	Error: Returned error: Transaction nonce is too distant from current sender nonce
2026.10.01-12:00:29.062 error [caliper] [ethereum-connector] 	Failed tx on registroDeBatches; calling method: registrarBatch; nonce: 0x71a
2026.10.01-12:00:29.062 error [caliper] [ethereum-connector] 	Error: Returned error: Transaction nonce is too distant from current sender nonce
2026.10.01-12:00:29.087 error [caliper] [ethereum-connector] 	Failed tx on registroDeBatches; calling method: registrarBatch; nonce: 0x71b
2026.10.01-12:00:29.087 error [caliper] [ethereum-connector] 	Error: Returned error: Transaction nonce is too distant from current sender nonce
2026.10.01-12:00:29.113 error [caliper] [ethereum-connector] 	Failed tx on registroDeBatches; calling method: registrarBatch; nonce: 0x71c
2026.10.01-12:00:29.113 error [caliper] [ethereum-connector] 	Error: Returned error: Transaction nonce is too distant from current sender nonce
2026.10.01-12:00:29.138 error [caliper] [ethereum-connector] 	Failed tx on registroDeBatches; calling method: registrarBatch; nonce: 0x71d
2026.10.01-12:00:29.138 error [caliper] [ethereum-connector] 	Error: Returned error: Transaction nonce is too distant from current sender nonce
2026.10.01-12:00:29.163 error [caliper] [ethereum-connector] 	Failed tx on registroDeBatches; calling method: registrarBatch; nonce: 0x71e
2026.10.01-12:00:29.163 error [caliper] [ethereum-connector] 	Error: Returned error: Transaction nonce is too distant from current sender nonce
2026.10.01-12:00:29.188 error [caliper] [ethereum-connector] 	Failed tx on registroDeBatches; calling method: registrarBatch; nonce: 0x71f
2026.10.01-12:00:29.188 error [caliper] [ethereum-connector] 	Error: Returned error: Transaction nonce is too distant from current sender nonce
2026.10.01-12:00:29.213 error [caliper] [ethereum-connector] 	Failed tx on registroDeBatches; calling method: registrarBatch; nonce: 0x720
2026.10.01-12:00:29.213 error [caliper] [ethereum-connector] 	Error: Returned error: Transaction nonce is too distant from current sender nonce
2026.10.01-12:00:29.238 error [caliper] [ethereum-connector] 	Failed tx on registroDeBatches; calling method: registrarBatch; nonce: 0x721
2026.10.01-12:00:29.238 error [caliper] [ethereum-connector] 	Error: Returned error: Transaction nonce is too distant from current sender nonce
2026.10.01-12:00:29.263 error [caliper] [ethereum-connector] 	Failed tx on registroDeBatches; calling method: registrarBatch; nonce: 0x722
2026.10.01-12:00:29.263 error [caliper] [ethereum-connector] 	Error: Returned error: Transaction nonce is too distant from current sender nonce
2026.10.01-12:00:29.287 error [caliper] [ethereum-connector] 	Failed tx on registroDeBatches; calling method: registrarBatch; nonce: 0x723
2026.10.01-12:00:29.287 error [caliper] [ethereum-connector] 	Error: Returned error: Transaction nonce is too distant from current sender nonce
2026.10.01-12:00:29.313 error [caliper] [ethereum-connector] 	Failed tx on registroDeBatches; calling method: registrarBatch; nonce: 0x724
2026.10.01-12:00:29.313 error [caliper] [ethereum-connector] 	Error: Returned error: Transaction nonce is too distant from current sender nonce
2026.10.01-12:00:29.339 error [caliper] [ethereum-connector] 	Failed tx on registroDeBatches; calling method: registrarBatch; nonce: 0x725
2026.10.01-12:00:29.339 error [caliper] [ethereum-connector] 	Error: Returned error: Transaction nonce is too distant from current sender nonce
2026.10.01-12:00:29.361 error [caliper] [ethereum-connector] 	Failed tx on registroDeBatches; calling method: registrarBatch; nonce: 0x726
2026.10.01-12:00:29.361 error [caliper] [ethereum-connector] 	Error: Returned error: Transaction nonce is too distant from current sender nonce
2026.10.01-12:00:29.387 error [caliper] [ethereum-connector] 	Failed tx on registroDeBatches; calling method: registrarBatch; nonce: 0x727
2026.10.01-12:00:29.387 error [caliper] [ethereum-connector] 	Error: Returned error: Transaction nonce is too distant from current sender nonce
2026.10.01-12:00:29.414 error [caliper] [ethereum-connector] 	Failed tx on registroDeBatches; calling method: registrarBatch; nonce: 0x728
2026.10.01-12:00:29.414 error [caliper] [ethereum-connector] 	Error: Returned error: Transaction nonce is too distant from current sender nonce
2026.10.01-12:00:29.438 error [caliper] [ethereum-connector] 	Failed tx on registroDeBatches; calling method: registrarBatch; nonce: 0x729
2026.10.01-12:00:29.438 error [caliper] [ethereum-connector] 	Error: Returned error: Transaction nonce is too distant from current sender nonce
2026.10.01-12:00:29.463 error [caliper] [ethereum-connector] 	Failed tx on registroDeBatches; calling method: registrarBatch; nonce: 0x72a
2026.10.01-12:00:29.463 error [caliper] [ethereum-connector] 	Error: Returned error: Transaction nonce is too distant from current sender nonce
2026.10.01-12:00:29.489 error [caliper] [ethereum-connector] 	Failed tx on registroDeBatches; calling method: registrarBatch; nonce: 0x72b
2026.10.01-12:00:29.489 error [caliper] [ethereum-connector] 	Error: Returned error: Transaction nonce is too distant from current sender nonce
2026.10.01-12:00:29.513 error [caliper] [ethereum-connector] 	Failed tx on registroDeBatches; calling method: registrarBatch; nonce: 0x72c
2026.10.01-12:00:29.513 error [caliper] [ethereum-connector] 	Error: Returned error: Transaction nonce is too distant from current sender nonce
2026.10.01-12:00:29.538 error [caliper] [ethereum-connector] 	Failed tx on registroDeBatches; calling method: registrarBatch; nonce: 0x72d
2026.10.01-12:00:29.538 error [caliper] [ethereum-connector] 	Error: Returned error: Transaction nonce is too distant from current sender nonce
2026.10.01-12:00:29.563 error [caliper] [ethereum-connector] 	Failed tx on registroDeBatches; calling method: registrarBatch; nonce: 0x72e
2026.10.01-12:00:29.563 error [caliper] [ethereum-connector] 	Error: Returned error: Transaction nonce is too distant from current sender nonce
2026.10.01-12:00:29.587 error [caliper] [ethereum-connector] 	Failed tx on registroDeBatches; calling method: registrarBatch; nonce: 0x72f
2026.10.01-12:00:29.587 error [caliper] [ethereum-connector] 	Error: Returned error: Transaction nonce is too distant from current sender nonce
2026.10.01-12:00:29.613 error [caliper] [ethereum-connector] 	Failed tx on registroDeBatches; calling method: registrarBatch; nonce: 0x730
2026.10.01-12:00:29.613 error [caliper] [ethereum-connector] 	Error: Returned error: Transaction nonce is too distant from current sender nonce
2026.10.01-12:00:29.637 error [caliper] [ethereum-connector] 	Failed tx on registroDeBatches; calling method: registrarBatch; nonce: 0x731
2026.10.01-12:00:29.637 error [caliper] [ethereum-connector] 	Error: Returned error: Transaction nonce is too distant from current sender nonce
2026.10.01-12:00:29.662 error [caliper] [ethereum-connector] 	Failed tx on registroDeBatches; calling method: registrarBatch; nonce: 0x732
2026.10.01-12:00:29.662 error [caliper] [ethereum-connector] 	Error: Returned error: Transaction nonce is too distant from current sender nonce
2026.10.01-12:00:29.688 error [caliper] [ethereum-connector] 	Failed tx on registroDeBatches; calling method: registrarBatch; nonce: 0x733
2026.10.01-12:00:29.688 error [caliper] [ethereum-connector] 	Error: Returned error: Transaction nonce is too distant from current sender nonce
2026.10.01-12:00:29.713 error [caliper] [ethereum-connector] 	Failed tx on registroDeBatches; calling method: registrarBatch; nonce: 0x734
2026.10.01-12:00:29.713 error [caliper] [ethereum-connector] 	Error: Returned error: Transaction nonce is too distant from current sender nonce
2026.10.01-12:00:29.739 error [caliper] [ethereum-connector] 	Failed tx on registroDeBatches; calling method: registrarBatch; nonce: 0x735
2026.10.01-12:00:29.739 error [caliper] [ethereum-connector] 	Error: Returned error: Transaction nonce is too distant from current sender nonce
2026.10.01-12:00:29.763 error [caliper] [ethereum-connector] 	Failed tx on registroDeBatches; calling method: registrarBatch; nonce: 0x736
2026.10.01-12:00:29.763 error [caliper] [ethereum-connector] 	Error: Returned error: Transaction nonce is too distant from current sender nonce
2026.10.01-12:00:29.788 error [caliper] [ethereum-connector] 	Failed tx on registroDeBatches; calling method: registrarBatch; nonce: 0x737
2026.10.01-12:00:29.788 error [caliper] [ethereum-connector] 	Error: Returned error: Transaction nonce is too distant from current sender nonce
2026.10.01-12:00:29.813 error [caliper] [ethereum-connector] 	Failed tx on registroDeBatches; calling method: registrarBatch; nonce: 0x738
2026.10.01-12:00:29.813 error [caliper] [ethereum-connector] 	Error: Returned error: Transaction nonce is too distant from current sender nonce
2026.10.01-12:00:29.838 error [caliper] [ethereum-connector] 	Failed tx on registroDeBatches; calling method: registrarBatch; nonce: 0x739
2026.10.01-12:00:29.838 error [caliper] [ethereum-connector] 	Error: Returned error: Transaction nonce is too distant from current sender nonce
2026.10.01-12:00:29.863 error [caliper] [ethereum-connector] 	Failed tx on registroDeBatches; calling method: registrarBatch; nonce: 0x73a
2026.10.01-12:00:29.863 error [caliper] [ethereum-connector] 	Error: Returned error: Transaction nonce is too distant from current sender nonce
2026.10.01-12:00:29.888 error [caliper] [ethereum-connector] 	Failed tx on registroDeBatches; calling method: registrarBatch; nonce: 0x73b
2026.10.01-12:00:29.888 error [caliper] [ethereum-connector] 	Error: Returned error: Transaction nonce is too distant from current sender nonce
2026.10.01-12:00:29.912 error [caliper] [ethereum-connector] 	Failed tx on registroDeBatches; calling method: registrarBatch; nonce: 0x73c
2026.10.01-12:00:29.912 error [caliper] [ethereum-connector] 	Error: Returned error: Transaction nonce is too distant from current sender nonce
2026.10.01-12:00:29.937 error [caliper] [ethereum-connector] 	Failed tx on registroDeBatches; calling method: registrarBatch; nonce: 0x73d
2026.10.01-12:00:29.937 error [caliper] [ethereum-connector] 	Error: Returned error: Transaction nonce is too distant from current sender nonce
2026.10.01-12:00:29.963 error [caliper] [ethereum-connector] 	Failed tx on registroDeBatches; calling method: registrarBatch; nonce: 0x73e
2026.10.01-12:00:29.963 error [caliper] [ethereum-connector] 	Error: Returned error: Transaction nonce is too distant from current sender nonce
2026.10.01-12:00:29.988 error [caliper] [ethereum-connector] 	Failed tx on registroDeBatches; calling method: registrarBatch; nonce: 0x73f
2026.10.01-12:00:29.988 error [caliper] [ethereum-connector] 	Error: Returned error: Transaction nonce is too distant from current sender nonce
2026.10.01-12:00:30.013 error [caliper] [ethereum-connector] 	Failed tx on registroDeBatches; calling method: registrarBatch; nonce: 0x740
2026.10.01-12:00:30.013 error [caliper] [ethereum-connector] 	Error: Returned error: Transaction nonce is too distant from current sender nonce
2026.10.01-12:00:30.038 error [caliper] [ethereum-connector] 	Failed tx on registroDeBatches; calling method: registrarBatch; nonce: 0x741
2026.10.01-12:00:30.038 error [caliper] [ethereum-connector] 	Error: Returned error: Transaction nonce is too distant from current sender nonce
2026.10.01-12:00:30.063 error [caliper] [ethereum-connector] 	Failed tx on registroDeBatches; calling method: registrarBatch; nonce: 0x742
2026.10.01-12:00:30.063 error [caliper] [ethereum-connector] 	Error: Returned error: Transaction nonce is too distant from current sender nonce
2026.10.01-12:00:30.088 error [caliper] [ethereum-connector] 	Failed tx on registroDeBatches; calling method: registrarBatch; nonce: 0x743
2026.10.01-12:00:30.088 error [caliper] [ethereum-connector] 	Error: Returned error: Transaction nonce is too distant from current sender nonce
2026.10.01-12:00:30.113 error [caliper] [ethereum-connector] 	Failed tx on registroDeBatches; calling method: registrarBatch; nonce: 0x744
2026.10.01-12:00:30.113 error [caliper] [ethereum-connector] 	Error: Returned error: Transaction nonce is too distant from current sender nonce
2026.10.01-12:00:30.138 error [caliper] [ethereum-connector] 	Failed tx on registroDeBatches; calling method: registrarBatch; nonce: 0x745
2026.10.01-12:00:30.138 error [caliper] [ethereum-connector] 	Error: Returned error: Transaction nonce is too distant from current sender nonce
2026.10.01-12:00:30.163 error [caliper] [ethereum-connector] 	Failed tx on registroDeBatches; calling method: registrarBatch; nonce: 0x746
2026.10.01-12:00:30.163 error [caliper] [ethereum-connector] 	Error: Returned error: Transaction nonce is too distant from current sender nonce
2026.10.01-12:00:30.188 error [caliper] [ethereum-connector] 	Failed tx on registroDeBatches; calling method: registrarBatch; nonce: 0x747
2026.10.01-12:00:30.188 error [caliper] [ethereum-connector] 	Error: Returned error: Transaction nonce is too distant from current sender nonce
2026.10.01-12:00:30.213 error [caliper] [ethereum-connector] 	Failed tx on registroDeBatches; calling method: registrarBatch; nonce: 0x748
2026.10.01-12:00:30.213 error [caliper] [ethereum-connector] 	Error: Returned error: Transaction nonce is too distant from current sender nonce
2026.10.01-12:00:30.238 error [caliper] [ethereum-connector] 	Failed tx on registroDeBatches; calling method: registrarBatch; nonce: 0x749
2026.10.01-12:00:30.238 error [caliper] [ethereum-connector] 	Error: Returned error: Transaction nonce is too distant from current sender nonce
2026.10.01-12:00:30.263 error [caliper] [ethereum-connector] 	Failed tx on registroDeBatches; calling method: registrarBatch; nonce: 0x74a
2026.10.01-12:00:30.263 error [caliper] [ethereum-connector] 	Error: Returned error: Transaction nonce is too distant from current sender nonce
2026.10.01-12:00:30.288 error [caliper] [ethereum-connector] 	Failed tx on registroDeBatches; calling method: registrarBatch; nonce: 0x74b
2026.10.01-12:00:30.288 error [caliper] [ethereum-connector] 	Error: Returned error: Transaction nonce is too distant from current sender nonce
2026.10.01-12:00:30.313 error [caliper] [ethereum-connector] 	Failed tx on registroDeBatches; calling method: registrarBatch; nonce: 0x74c
2026.10.01-12:00:30.313 error [caliper] [ethereum-connector] 	Error: Returned error: Transaction nonce is too distant from current sender nonce
2026.10.01-12:00:30.338 error [caliper] [ethereum-connector] 	Failed tx on registroDeBatches; calling method: registrarBatch; nonce: 0x74d
2026.10.01-12:00:30.338 error [caliper] [ethereum-connector] 	Error: Returned error: Transaction nonce is too distant from current sender nonce
2026.10.01-12:00:30.363 error [caliper] [ethereum-connector] 	Failed tx on registroDeBatches; calling method: registrarBatch; nonce: 0x74e
2026.10.01-12:00:30.363 error [caliper] [ethereum-connector] 	Error: Returned error: Transaction nonce is too distant from current sender nonce
2026.10.01-12:00:30.388 error [caliper] [ethereum-connector] 	Failed tx on registroDeBatches; calling method: registrarBatch; nonce: 0x74f
2026.10.01-12:00:30.388 error [caliper] [ethereum-connector] 	Error: Returned error: Transaction nonce is too distant from current sender nonce
2026.10.01-12:00:30.413 error [caliper] [ethereum-connector] 	Failed tx on registroDeBatches; calling method: registrarBatch; nonce: 0x750
2026.10.01-12:00:30.413 error [caliper] [ethereum-connector] 	Error: Returned error: Transaction nonce is too distant from current sender nonce
2026.10.01-12:00:30.438 error [caliper] [ethereum-connector] 	Failed tx on registroDeBatches; calling method: registrarBatch; nonce: 0x751
2026.10.01-12:00:30.438 error [caliper] [ethereum-connector] 	Error: Returned error: Transaction nonce is too distant from current sender nonce
2026.10.01-12:00:30.462 error [caliper] [ethereum-connector] 	Failed tx on registroDeBatches; calling method: registrarBatch; nonce: 0x752
2026.10.01-12:00:30.462 error [caliper] [ethereum-connector] 	Error: Returned error: Transaction nonce is too distant from current sender nonce
2026.10.01-12:00:30.488 error [caliper] [ethereum-connector] 	Failed tx on registroDeBatches; calling method: registrarBatch; nonce: 0x753
2026.10.01-12:00:30.488 error [caliper] [ethereum-connector] 	Error: Returned error: Transaction nonce is too distant from current sender nonce
2026.10.01-12:00:30.512 error [caliper] [ethereum-connector] 	Failed tx on registroDeBatches; calling method: registrarBatch; nonce: 0x754
2026.10.01-12:00:30.512 error [caliper] [ethereum-connector] 	Error: Returned error: Transaction nonce is too distant from current sender nonce
2026.10.01-12:00:30.538 error [caliper] [ethereum-connector] 	Failed tx on registroDeBatches; calling method: registrarBatch; nonce: 0x755
2026.10.01-12:00:30.538 error [caliper] [ethereum-connector] 	Error: Returned error: Transaction nonce is too distant from current sender nonce
2026.10.01-12:00:30.562 error [caliper] [ethereum-connector] 	Failed tx on registroDeBatches; calling method: registrarBatch; nonce: 0x756
2026.10.01-12:00:30.562 error [caliper] [ethereum-connector] 	Error: Returned error: Transaction nonce is too distant from current sender nonce
2026.10.01-12:00:30.587 error [caliper] [ethereum-connector] 	Failed tx on registroDeBatches; calling method: registrarBatch; nonce: 0x757
2026.10.01-12:00:30.587 error [caliper] [ethereum-connector] 	Error: Returned error: Transaction nonce is too distant from current sender nonce
2026.10.01-12:00:30.612 error [caliper] [ethereum-connector] 	Failed tx on registroDeBatches; calling method: registrarBatch; nonce: 0x758
2026.10.01-12:00:30.613 error [caliper] [ethereum-connector] 	Error: Returned error: Transaction nonce is too distant from current sender nonce
2026.10.01-12:00:30.638 error [caliper] [ethereum-connector] 	Failed tx on registroDeBatches; calling method: registrarBatch; nonce: 0x759
2026.10.01-12:00:30.638 error [caliper] [ethereum-connector] 	Error: Returned error: Transaction nonce is too distant from current sender nonce
2026.10.01-12:00:30.663 error [caliper] [ethereum-connector] 	Failed tx on registroDeBatches; calling method: registrarBatch; nonce: 0x75a
2026.10.01-12:00:30.663 error [caliper] [ethereum-connector] 	Error: Returned error: Transaction nonce is too distant from current sender nonce
2026.10.01-12:00:30.688 error [caliper] [ethereum-connector] 	Failed tx on registroDeBatches; calling method: registrarBatch; nonce: 0x75b
2026.10.01-12:00:30.688 error [caliper] [ethereum-connector] 	Error: Returned error: Transaction nonce is too distant from current sender nonce
2026.10.01-12:00:30.713 error [caliper] [ethereum-connector] 	Failed tx on registroDeBatches; calling method: registrarBatch; nonce: 0x75c
2026.10.01-12:00:30.713 error [caliper] [ethereum-connector] 	Error: Returned error: Transaction nonce is too distant from current sender nonce
2026.10.01-12:00:30.738 error [caliper] [ethereum-connector] 	Failed tx on registroDeBatches; calling method: registrarBatch; nonce: 0x75d
2026.10.01-12:00:30.738 error [caliper] [ethereum-connector] 	Error: Returned error: Transaction nonce is too distant from current sender nonce
2026.10.01-12:00:30.763 error [caliper] [ethereum-connector] 	Failed tx on registroDeBatches; calling method: registrarBatch; nonce: 0x75e
2026.10.01-12:00:30.763 error [caliper] [ethereum-connector] 	Error: Returned error: Transaction nonce is too distant from current sender nonce
2026.10.01-12:00:30.788 error [caliper] [ethereum-connector] 	Failed tx on registroDeBatches; calling method: registrarBatch; nonce: 0x75f
2026.10.01-12:00:30.788 error [caliper] [ethereum-connector] 	Error: Returned error: Transaction nonce is too distant from current sender nonce
2026.10.01-12:00:30.813 error [caliper] [ethereum-connector] 	Failed tx on registroDeBatches; calling method: registrarBatch; nonce: 0x760
2026.10.01-12:00:30.813 error [caliper] [ethereum-connector] 	Error: Returned error: Transaction nonce is too distant from current sender nonce
2026.10.01-12:00:30.837 error [caliper] [ethereum-connector] 	Failed tx on registroDeBatches; calling method: registrarBatch; nonce: 0x761
2026.10.01-12:00:30.837 error [caliper] [ethereum-connector] 	Error: Returned error: Transaction nonce is too distant from current sender nonce
2026.10.01-12:00:30.863 error [caliper] [ethereum-connector] 	Failed tx on registroDeBatches; calling method: registrarBatch; nonce: 0x762
2026.10.01-12:00:30.863 error [caliper] [ethereum-connector] 	Error: Returned error: Transaction nonce is too distant from current sender nonce
2026.10.01-12:00:30.888 error [caliper] [ethereum-connector] 	Failed tx on registroDeBatches; calling method: registrarBatch; nonce: 0x763
2026.10.01-12:00:30.888 error [caliper] [ethereum-connector] 	Error: Returned error: Transaction nonce is too distant from current sender nonce
2026.10.01-12:00:30.913 error [caliper] [ethereum-connector] 	Failed tx on registroDeBatches; calling method: registrarBatch; nonce: 0x764
2026.10.01-12:00:30.913 error [caliper] [ethereum-connector] 	Error: Returned error: Transaction nonce is too distant from current sender nonce
2026.10.01-12:00:30.938 error [caliper] [ethereum-connector] 	Failed tx on registroDeBatches; calling method: registrarBatch; nonce: 0x765
2026.10.01-12:00:30.938 error [caliper] [ethereum-connector] 	Error: Returned error: Transaction nonce is too distant from current sender nonce
2026.10.01-12:00:30.962 error [caliper] [ethereum-connector] 	Failed tx on registroDeBatches; calling method: registrarBatch; nonce: 0x766
2026.10.01-12:00:30.962 error [caliper] [ethereum-connector] 	Error: Returned error: Transaction nonce is too distant from current sender nonce
2026.10.01-12:00:30.989 error [caliper] [ethereum-connector] 	Failed tx on registroDeBatches; calling method: registrarBatch; nonce: 0x767
2026.10.01-12:00:30.989 error [caliper] [ethereum-connector] 	Error: Returned error: Transaction nonce is too distant from current sender nonce
2026.10.01-12:00:31.014 error [caliper] [ethereum-connector] 	Failed tx on registroDeBatches; calling method: registrarBatch; nonce: 0x768
2026.10.01-12:00:31.014 error [caliper] [ethereum-connector] 	Error: Returned error: Transaction nonce is too distant from current sender nonce
2026.10.01-12:00:31.036 error [caliper] [ethereum-connector] 	Failed tx on registroDeBatches; calling method: registrarBatch; nonce: 0x769
2026.10.01-12:00:31.036 error [caliper] [ethereum-connector] 	Error: Returned error: Transaction nonce is too distant from current sender nonce
2026.10.01-12:00:31.062 error [caliper] [ethereum-connector] 	Failed tx on registroDeBatches; calling method: registrarBatch; nonce: 0x76a
2026.10.01-12:00:31.062 error [caliper] [ethereum-connector] 	Error: Returned error: Transaction nonce is too distant from current sender nonce
2026.10.01-12:00:31.088 error [caliper] [ethereum-connector] 	Failed tx on registroDeBatches; calling method: registrarBatch; nonce: 0x76b
2026.10.01-12:00:31.088 error [caliper] [ethereum-connector] 	Error: Returned error: Transaction nonce is too distant from current sender nonce
2026.10.01-12:00:31.113 error [caliper] [ethereum-connector] 	Failed tx on registroDeBatches; calling method: registrarBatch; nonce: 0x76c
2026.10.01-12:00:31.113 error [caliper] [ethereum-connector] 	Error: Returned error: Transaction nonce is too distant from current sender nonce
2026.10.01-12:00:31.138 error [caliper] [ethereum-connector] 	Failed tx on registroDeBatches; calling method: registrarBatch; nonce: 0x76d
2026.10.01-12:00:31.138 error [caliper] [ethereum-connector] 	Error: Returned error: Transaction nonce is too distant from current sender nonce
2026.10.01-12:00:31.163 error [caliper] [ethereum-connector] 	Failed tx on registroDeBatches; calling method: registrarBatch; nonce: 0x76e
2026.10.01-12:00:31.163 error [caliper] [ethereum-connector] 	Error: Returned error: Transaction nonce is too distant from current sender nonce
2026.10.01-12:00:31.176 info  [caliper] [default-observer] 	[tps-40 Round 2 Transaction Info] - Submitted: 961 Succ: 328 Fail:630 Unfinished:3
2026.10.01-12:00:31.188 error [caliper] [ethereum-connector] 	Failed tx on registroDeBatches; calling method: registrarBatch; nonce: 0x76f
2026.10.01-12:00:31.188 error [caliper] [ethereum-connector] 	Error: Returned error: Transaction nonce is too distant from current sender nonce
2026.10.01-12:00:31.213 error [caliper] [ethereum-connector] 	Failed tx on registroDeBatches; calling method: registrarBatch; nonce: 0x770
2026.10.01-12:00:31.213 error [caliper] [ethereum-connector] 	Error: Returned error: Transaction nonce is too distant from current sender nonce
2026.10.01-12:00:31.238 error [caliper] [ethereum-connector] 	Failed tx on registroDeBatches; calling method: registrarBatch; nonce: 0x771
2026.10.01-12:00:31.238 error [caliper] [ethereum-connector] 	Error: Returned error: Transaction nonce is too distant from current sender nonce
2026.10.01-12:00:31.263 error [caliper] [ethereum-connector] 	Failed tx on registroDeBatches; calling method: registrarBatch; nonce: 0x772
2026.10.01-12:00:31.263 error [caliper] [ethereum-connector] 	Error: Returned error: Transaction nonce is too distant from current sender nonce
2026.10.01-12:00:31.288 error [caliper] [ethereum-connector] 	Failed tx on registroDeBatches; calling method: registrarBatch; nonce: 0x773
2026.10.01-12:00:31.288 error [caliper] [ethereum-connector] 	Error: Returned error: Transaction nonce is too distant from current sender nonce
2026.10.01-12:00:31.313 error [caliper] [ethereum-connector] 	Failed tx on registroDeBatches; calling method: registrarBatch; nonce: 0x774
2026.10.01-12:00:31.313 error [caliper] [ethereum-connector] 	Error: Returned error: Transaction nonce is too distant from current sender nonce
2026.10.01-12:00:31.338 error [caliper] [ethereum-connector] 	Failed tx on registroDeBatches; calling method: registrarBatch; nonce: 0x775
2026.10.01-12:00:31.338 error [caliper] [ethereum-connector] 	Error: Returned error: Transaction nonce is too distant from current sender nonce
2026.10.01-12:00:31.363 error [caliper] [ethereum-connector] 	Failed tx on registroDeBatches; calling method: registrarBatch; nonce: 0x776
2026.10.01-12:00:31.363 error [caliper] [ethereum-connector] 	Error: Returned error: Transaction nonce is too distant from current sender nonce
2026.10.01-12:00:31.388 error [caliper] [ethereum-connector] 	Failed tx on registroDeBatches; calling method: registrarBatch; nonce: 0x777
2026.10.01-12:00:31.388 error [caliper] [ethereum-connector] 	Error: Returned error: Transaction nonce is too distant from current sender nonce
2026.10.01-12:00:31.413 error [caliper] [ethereum-connector] 	Failed tx on registroDeBatches; calling method: registrarBatch; nonce: 0x778
2026.10.01-12:00:31.413 error [caliper] [ethereum-connector] 	Error: Returned error: Transaction nonce is too distant from current sender nonce
2026.10.01-12:00:31.438 error [caliper] [ethereum-connector] 	Failed tx on registroDeBatches; calling method: registrarBatch; nonce: 0x779
2026.10.01-12:00:31.438 error [caliper] [ethereum-connector] 	Error: Returned error: Transaction nonce is too distant from current sender nonce
2026.10.01-12:00:31.462 error [caliper] [ethereum-connector] 	Failed tx on registroDeBatches; calling method: registrarBatch; nonce: 0x77a
2026.10.01-12:00:31.462 error [caliper] [ethereum-connector] 	Error: Returned error: Transaction nonce is too distant from current sender nonce
2026.10.01-12:00:31.488 error [caliper] [ethereum-connector] 	Failed tx on registroDeBatches; calling method: registrarBatch; nonce: 0x77b
2026.10.01-12:00:31.488 error [caliper] [ethereum-connector] 	Error: Returned error: Transaction nonce is too distant from current sender nonce
2026.10.01-12:00:31.513 error [caliper] [ethereum-connector] 	Failed tx on registroDeBatches; calling method: registrarBatch; nonce: 0x77c
2026.10.01-12:00:31.513 error [caliper] [ethereum-connector] 	Error: Returned error: Transaction nonce is too distant from current sender nonce
2026.10.01-12:00:31.538 error [caliper] [ethereum-connector] 	Failed tx on registroDeBatches; calling method: registrarBatch; nonce: 0x77d
2026.10.01-12:00:31.538 error [caliper] [ethereum-connector] 	Error: Returned error: Transaction nonce is too distant from current sender nonce
2026.10.01-12:00:31.562 error [caliper] [ethereum-connector] 	Failed tx on registroDeBatches; calling method: registrarBatch; nonce: 0x77e
2026.10.01-12:00:31.562 error [caliper] [ethereum-connector] 	Error: Returned error: Transaction nonce is too distant from current sender nonce
2026.10.01-12:00:31.587 error [caliper] [ethereum-connector] 	Failed tx on registroDeBatches; calling method: registrarBatch; nonce: 0x77f
2026.10.01-12:00:31.587 error [caliper] [ethereum-connector] 	Error: Returned error: Transaction nonce is too distant from current sender nonce
2026.10.01-12:00:31.611 error [caliper] [ethereum-connector] 	Failed tx on registroDeBatches; calling method: registrarBatch; nonce: 0x780
2026.10.01-12:00:31.612 error [caliper] [ethereum-connector] 	Error: Returned error: Transaction nonce is too distant from current sender nonce
2026.10.01-12:00:31.637 error [caliper] [ethereum-connector] 	Failed tx on registroDeBatches; calling method: registrarBatch; nonce: 0x781
2026.10.01-12:00:31.637 error [caliper] [ethereum-connector] 	Error: Returned error: Transaction nonce is too distant from current sender nonce
2026.10.01-12:00:31.662 error [caliper] [ethereum-connector] 	Failed tx on registroDeBatches; calling method: registrarBatch; nonce: 0x782
2026.10.01-12:00:31.662 error [caliper] [ethereum-connector] 	Error: Returned error: Transaction nonce is too distant from current sender nonce
2026.10.01-12:00:31.687 error [caliper] [ethereum-connector] 	Failed tx on registroDeBatches; calling method: registrarBatch; nonce: 0x783
2026.10.01-12:00:31.687 error [caliper] [ethereum-connector] 	Error: Returned error: Transaction nonce is too distant from current sender nonce
2026.10.01-12:00:31.713 error [caliper] [ethereum-connector] 	Failed tx on registroDeBatches; calling method: registrarBatch; nonce: 0x784
2026.10.01-12:00:31.713 error [caliper] [ethereum-connector] 	Error: Returned error: Transaction nonce is too distant from current sender nonce
2026.10.01-12:00:31.737 error [caliper] [ethereum-connector] 	Failed tx on registroDeBatches; calling method: registrarBatch; nonce: 0x785
2026.10.01-12:00:31.737 error [caliper] [ethereum-connector] 	Error: Returned error: Transaction nonce is too distant from current sender nonce
2026.10.01-12:00:31.762 error [caliper] [ethereum-connector] 	Failed tx on registroDeBatches; calling method: registrarBatch; nonce: 0x786
2026.10.01-12:00:31.762 error [caliper] [ethereum-connector] 	Error: Returned error: Transaction nonce is too distant from current sender nonce
2026.10.01-12:00:31.787 error [caliper] [ethereum-connector] 	Failed tx on registroDeBatches; calling method: registrarBatch; nonce: 0x787
2026.10.01-12:00:31.787 error [caliper] [ethereum-connector] 	Error: Returned error: Transaction nonce is too distant from current sender nonce
2026.10.01-12:00:31.812 error [caliper] [ethereum-connector] 	Failed tx on registroDeBatches; calling method: registrarBatch; nonce: 0x788
2026.10.01-12:00:31.813 error [caliper] [ethereum-connector] 	Error: Returned error: Transaction nonce is too distant from current sender nonce
2026.10.01-12:00:31.837 error [caliper] [ethereum-connector] 	Failed tx on registroDeBatches; calling method: registrarBatch; nonce: 0x789
2026.10.01-12:00:31.837 error [caliper] [ethereum-connector] 	Error: Returned error: Transaction nonce is too distant from current sender nonce
2026.10.01-12:00:31.862 error [caliper] [ethereum-connector] 	Failed tx on registroDeBatches; calling method: registrarBatch; nonce: 0x78a
2026.10.01-12:00:31.862 error [caliper] [ethereum-connector] 	Error: Returned error: Transaction nonce is too distant from current sender nonce
2026.10.01-12:00:31.887 error [caliper] [ethereum-connector] 	Failed tx on registroDeBatches; calling method: registrarBatch; nonce: 0x78b
2026.10.01-12:00:31.887 error [caliper] [ethereum-connector] 	Error: Returned error: Transaction nonce is too distant from current sender nonce
2026.10.01-12:00:31.912 error [caliper] [ethereum-connector] 	Failed tx on registroDeBatches; calling method: registrarBatch; nonce: 0x78c
2026.10.01-12:00:31.912 error [caliper] [ethereum-connector] 	Error: Returned error: Transaction nonce is too distant from current sender nonce
2026.10.01-12:00:31.938 error [caliper] [ethereum-connector] 	Failed tx on registroDeBatches; calling method: registrarBatch; nonce: 0x78d
2026.10.01-12:00:31.938 error [caliper] [ethereum-connector] 	Error: Returned error: Transaction nonce is too distant from current sender nonce
2026.10.01-12:00:31.963 error [caliper] [ethereum-connector] 	Failed tx on registroDeBatches; calling method: registrarBatch; nonce: 0x78e
2026.10.01-12:00:31.963 error [caliper] [ethereum-connector] 	Error: Returned error: Transaction nonce is too distant from current sender nonce
2026.10.01-12:00:31.988 error [caliper] [ethereum-connector] 	Failed tx on registroDeBatches; calling method: registrarBatch; nonce: 0x78f
2026.10.01-12:00:31.988 error [caliper] [ethereum-connector] 	Error: Returned error: Transaction nonce is too distant from current sender nonce
2026.10.01-12:00:32.013 error [caliper] [ethereum-connector] 	Failed tx on registroDeBatches; calling method: registrarBatch; nonce: 0x790
2026.10.01-12:00:32.013 error [caliper] [ethereum-connector] 	Error: Returned error: Transaction nonce is too distant from current sender nonce
2026.10.01-12:00:32.038 error [caliper] [ethereum-connector] 	Failed tx on registroDeBatches; calling method: registrarBatch; nonce: 0x791
2026.10.01-12:00:32.038 error [caliper] [ethereum-connector] 	Error: Returned error: Transaction nonce is too distant from current sender nonce
2026.10.01-12:00:32.063 error [caliper] [ethereum-connector] 	Failed tx on registroDeBatches; calling method: registrarBatch; nonce: 0x792
2026.10.01-12:00:32.063 error [caliper] [ethereum-connector] 	Error: Returned error: Transaction nonce is too distant from current sender nonce
2026.10.01-12:00:32.088 error [caliper] [ethereum-connector] 	Failed tx on registroDeBatches; calling method: registrarBatch; nonce: 0x793
2026.10.01-12:00:32.088 error [caliper] [ethereum-connector] 	Error: Returned error: Transaction nonce is too distant from current sender nonce
2026.10.01-12:00:32.112 error [caliper] [ethereum-connector] 	Failed tx on registroDeBatches; calling method: registrarBatch; nonce: 0x794
2026.10.01-12:00:32.112 error [caliper] [ethereum-connector] 	Error: Returned error: Transaction nonce is too distant from current sender nonce
2026.10.01-12:00:32.137 error [caliper] [ethereum-connector] 	Failed tx on registroDeBatches; calling method: registrarBatch; nonce: 0x795
2026.10.01-12:00:32.137 error [caliper] [ethereum-connector] 	Error: Returned error: Transaction nonce is too distant from current sender nonce
2026.10.01-12:00:32.162 error [caliper] [ethereum-connector] 	Failed tx on registroDeBatches; calling method: registrarBatch; nonce: 0x796
2026.10.01-12:00:32.162 error [caliper] [ethereum-connector] 	Error: Returned error: Transaction nonce is too distant from current sender nonce
2026.10.01-12:00:32.188 error [caliper] [ethereum-connector] 	Failed tx on registroDeBatches; calling method: registrarBatch; nonce: 0x797
2026.10.01-12:00:32.188 error [caliper] [ethereum-connector] 	Error: Returned error: Transaction nonce is too distant from current sender nonce
2026.10.01-12:00:32.213 error [caliper] [ethereum-connector] 	Failed tx on registroDeBatches; calling method: registrarBatch; nonce: 0x798
2026.10.01-12:00:32.213 error [caliper] [ethereum-connector] 	Error: Returned error: Transaction nonce is too distant from current sender nonce
2026.10.01-12:00:32.238 error [caliper] [ethereum-connector] 	Failed tx on registroDeBatches; calling method: registrarBatch; nonce: 0x799
2026.10.01-12:00:32.238 error [caliper] [ethereum-connector] 	Error: Returned error: Transaction nonce is too distant from current sender nonce
2026.10.01-12:00:32.263 error [caliper] [ethereum-connector] 	Failed tx on registroDeBatches; calling method: registrarBatch; nonce: 0x79a
2026.10.01-12:00:32.263 error [caliper] [ethereum-connector] 	Error: Returned error: Transaction nonce is too distant from current sender nonce
2026.10.01-12:00:32.287 error [caliper] [ethereum-connector] 	Failed tx on registroDeBatches; calling method: registrarBatch; nonce: 0x79b
2026.10.01-12:00:32.287 error [caliper] [ethereum-connector] 	Error: Returned error: Transaction nonce is too distant from current sender nonce
2026.10.01-12:00:32.313 error [caliper] [ethereum-connector] 	Failed tx on registroDeBatches; calling method: registrarBatch; nonce: 0x79c
2026.10.01-12:00:32.313 error [caliper] [ethereum-connector] 	Error: Returned error: Transaction nonce is too distant from current sender nonce
2026.10.01-12:00:32.338 error [caliper] [ethereum-connector] 	Failed tx on registroDeBatches; calling method: registrarBatch; nonce: 0x79d
2026.10.01-12:00:32.338 error [caliper] [ethereum-connector] 	Error: Returned error: Transaction nonce is too distant from current sender nonce
2026.10.01-12:00:32.363 error [caliper] [ethereum-connector] 	Failed tx on registroDeBatches; calling method: registrarBatch; nonce: 0x79e
2026.10.01-12:00:32.363 error [caliper] [ethereum-connector] 	Error: Returned error: Transaction nonce is too distant from current sender nonce
2026.10.01-12:00:32.387 error [caliper] [ethereum-connector] 	Failed tx on registroDeBatches; calling method: registrarBatch; nonce: 0x79f
2026.10.01-12:00:32.387 error [caliper] [ethereum-connector] 	Error: Returned error: Transaction nonce is too distant from current sender nonce
2026.10.01-12:00:32.413 error [caliper] [ethereum-connector] 	Failed tx on registroDeBatches; calling method: registrarBatch; nonce: 0x7a0
2026.10.01-12:00:32.413 error [caliper] [ethereum-connector] 	Error: Returned error: Transaction nonce is too distant from current sender nonce
2026.10.01-12:00:32.438 error [caliper] [ethereum-connector] 	Failed tx on registroDeBatches; calling method: registrarBatch; nonce: 0x7a1
2026.10.01-12:00:32.438 error [caliper] [ethereum-connector] 	Error: Returned error: Transaction nonce is too distant from current sender nonce
2026.10.01-12:00:32.463 error [caliper] [ethereum-connector] 	Failed tx on registroDeBatches; calling method: registrarBatch; nonce: 0x7a2
2026.10.01-12:00:32.463 error [caliper] [ethereum-connector] 	Error: Returned error: Transaction nonce is too distant from current sender nonce
2026.10.01-12:00:32.488 error [caliper] [ethereum-connector] 	Failed tx on registroDeBatches; calling method: registrarBatch; nonce: 0x7a3
2026.10.01-12:00:32.488 error [caliper] [ethereum-connector] 	Error: Returned error: Transaction nonce is too distant from current sender nonce
2026.10.01-12:00:32.512 error [caliper] [ethereum-connector] 	Failed tx on registroDeBatches; calling method: registrarBatch; nonce: 0x7a4
2026.10.01-12:00:32.512 error [caliper] [ethereum-connector] 	Error: Returned error: Transaction nonce is too distant from current sender nonce
2026.10.01-12:00:32.538 error [caliper] [ethereum-connector] 	Failed tx on registroDeBatches; calling method: registrarBatch; nonce: 0x7a5
2026.10.01-12:00:32.538 error [caliper] [ethereum-connector] 	Error: Returned error: Transaction nonce is too distant from current sender nonce
2026.10.01-12:00:32.563 error [caliper] [ethereum-connector] 	Failed tx on registroDeBatches; calling method: registrarBatch; nonce: 0x7a6
2026.10.01-12:00:32.563 error [caliper] [ethereum-connector] 	Error: Returned error: Transaction nonce is too distant from current sender nonce
2026.10.01-12:00:32.587 error [caliper] [ethereum-connector] 	Failed tx on registroDeBatches; calling method: registrarBatch; nonce: 0x7a7
2026.10.01-12:00:32.587 error [caliper] [ethereum-connector] 	Error: Returned error: Transaction nonce is too distant from current sender nonce
2026.10.01-12:00:32.611 error [caliper] [ethereum-connector] 	Failed tx on registroDeBatches; calling method: registrarBatch; nonce: 0x7a8
2026.10.01-12:00:32.611 error [caliper] [ethereum-connector] 	Error: Returned error: Transaction nonce is too distant from current sender nonce
2026.10.01-12:00:32.637 error [caliper] [ethereum-connector] 	Failed tx on registroDeBatches; calling method: registrarBatch; nonce: 0x7a9
2026.10.01-12:00:32.637 error [caliper] [ethereum-connector] 	Error: Returned error: Transaction nonce is too distant from current sender nonce
2026.10.01-12:00:32.663 error [caliper] [ethereum-connector] 	Failed tx on registroDeBatches; calling method: registrarBatch; nonce: 0x7aa
2026.10.01-12:00:32.663 error [caliper] [ethereum-connector] 	Error: Returned error: Transaction nonce is too distant from current sender nonce
2026.10.01-12:00:32.687 error [caliper] [ethereum-connector] 	Failed tx on registroDeBatches; calling method: registrarBatch; nonce: 0x7ab
2026.10.01-12:00:32.687 error [caliper] [ethereum-connector] 	Error: Returned error: Transaction nonce is too distant from current sender nonce
2026.10.01-12:00:32.712 error [caliper] [ethereum-connector] 	Failed tx on registroDeBatches; calling method: registrarBatch; nonce: 0x7ac
2026.10.01-12:00:32.712 error [caliper] [ethereum-connector] 	Error: Returned error: Transaction nonce is too distant from current sender nonce
2026.10.01-12:00:32.737 error [caliper] [ethereum-connector] 	Failed tx on registroDeBatches; calling method: registrarBatch; nonce: 0x7ad
2026.10.01-12:00:32.737 error [caliper] [ethereum-connector] 	Error: Returned error: Transaction nonce is too distant from current sender nonce
2026.10.01-12:00:32.762 error [caliper] [ethereum-connector] 	Failed tx on registroDeBatches; calling method: registrarBatch; nonce: 0x7ae
2026.10.01-12:00:32.762 error [caliper] [ethereum-connector] 	Error: Returned error: Transaction nonce is too distant from current sender nonce
2026.10.01-12:00:32.787 error [caliper] [ethereum-connector] 	Failed tx on registroDeBatches; calling method: registrarBatch; nonce: 0x7af
2026.10.01-12:00:32.787 error [caliper] [ethereum-connector] 	Error: Returned error: Transaction nonce is too distant from current sender nonce
2026.10.01-12:00:32.812 error [caliper] [ethereum-connector] 	Failed tx on registroDeBatches; calling method: registrarBatch; nonce: 0x7b0
2026.10.01-12:00:32.812 error [caliper] [ethereum-connector] 	Error: Returned error: Transaction nonce is too distant from current sender nonce
2026.10.01-12:00:32.837 error [caliper] [ethereum-connector] 	Failed tx on registroDeBatches; calling method: registrarBatch; nonce: 0x7b1
2026.10.01-12:00:32.837 error [caliper] [ethereum-connector] 	Error: Returned error: Transaction nonce is too distant from current sender nonce
2026.10.01-12:00:32.862 error [caliper] [ethereum-connector] 	Failed tx on registroDeBatches; calling method: registrarBatch; nonce: 0x7b2
2026.10.01-12:00:32.862 error [caliper] [ethereum-connector] 	Error: Returned error: Transaction nonce is too distant from current sender nonce
2026.10.01-12:00:32.888 error [caliper] [ethereum-connector] 	Failed tx on registroDeBatches; calling method: registrarBatch; nonce: 0x7b3
2026.10.01-12:00:32.888 error [caliper] [ethereum-connector] 	Error: Returned error: Transaction nonce is too distant from current sender nonce
2026.10.01-12:00:32.913 error [caliper] [ethereum-connector] 	Failed tx on registroDeBatches; calling method: registrarBatch; nonce: 0x7b4
2026.10.01-12:00:32.913 error [caliper] [ethereum-connector] 	Error: Returned error: Transaction nonce is too distant from current sender nonce
2026.10.01-12:00:32.939 error [caliper] [ethereum-connector] 	Failed tx on registroDeBatches; calling method: registrarBatch; nonce: 0x7b5
2026.10.01-12:00:32.939 error [caliper] [ethereum-connector] 	Error: Returned error: Transaction nonce is too distant from current sender nonce
2026.10.01-12:00:32.963 error [caliper] [ethereum-connector] 	Failed tx on registroDeBatches; calling method: registrarBatch; nonce: 0x7b6
2026.10.01-12:00:32.963 error [caliper] [ethereum-connector] 	Error: Returned error: Transaction nonce is too distant from current sender nonce
2026.10.01-12:00:32.989 error [caliper] [ethereum-connector] 	Failed tx on registroDeBatches; calling method: registrarBatch; nonce: 0x7b7
2026.10.01-12:00:32.989 error [caliper] [ethereum-connector] 	Error: Returned error: Transaction nonce is too distant from current sender nonce
2026.10.01-12:00:33.014 error [caliper] [ethereum-connector] 	Failed tx on registroDeBatches; calling method: registrarBatch; nonce: 0x7b8
2026.10.01-12:00:33.014 error [caliper] [ethereum-connector] 	Error: Returned error: Transaction nonce is too distant from current sender nonce
2026.10.01-12:00:33.037 error [caliper] [ethereum-connector] 	Failed tx on registroDeBatches; calling method: registrarBatch; nonce: 0x7b9
2026.10.01-12:00:33.037 error [caliper] [ethereum-connector] 	Error: Returned error: Transaction nonce is too distant from current sender nonce
2026.10.01-12:00:33.062 error [caliper] [ethereum-connector] 	Failed tx on registroDeBatches; calling method: registrarBatch; nonce: 0x7ba
2026.10.01-12:00:33.062 error [caliper] [ethereum-connector] 	Error: Returned error: Transaction nonce is too distant from current sender nonce
2026.10.01-12:00:33.087 error [caliper] [ethereum-connector] 	Failed tx on registroDeBatches; calling method: registrarBatch; nonce: 0x7bb
2026.10.01-12:00:33.087 error [caliper] [ethereum-connector] 	Error: Returned error: Transaction nonce is too distant from current sender nonce
2026.10.01-12:00:33.113 error [caliper] [ethereum-connector] 	Failed tx on registroDeBatches; calling method: registrarBatch; nonce: 0x7bc
2026.10.01-12:00:33.113 error [caliper] [ethereum-connector] 	Error: Returned error: Transaction nonce is too distant from current sender nonce
2026.10.01-12:00:33.138 error [caliper] [ethereum-connector] 	Failed tx on registroDeBatches; calling method: registrarBatch; nonce: 0x7bd
2026.10.01-12:00:33.138 error [caliper] [ethereum-connector] 	Error: Returned error: Transaction nonce is too distant from current sender nonce
2026.10.01-12:00:33.163 error [caliper] [ethereum-connector] 	Failed tx on registroDeBatches; calling method: registrarBatch; nonce: 0x7be
2026.10.01-12:00:33.163 error [caliper] [ethereum-connector] 	Error: Returned error: Transaction nonce is too distant from current sender nonce
2026.10.01-12:00:33.188 error [caliper] [ethereum-connector] 	Failed tx on registroDeBatches; calling method: registrarBatch; nonce: 0x7bf
2026.10.01-12:00:33.188 error [caliper] [ethereum-connector] 	Error: Returned error: Transaction nonce is too distant from current sender nonce
2026.10.01-12:00:33.213 error [caliper] [ethereum-connector] 	Failed tx on registroDeBatches; calling method: registrarBatch; nonce: 0x7c0
2026.10.01-12:00:33.213 error [caliper] [ethereum-connector] 	Error: Returned error: Transaction nonce is too distant from current sender nonce
2026.10.01-12:00:33.238 error [caliper] [ethereum-connector] 	Failed tx on registroDeBatches; calling method: registrarBatch; nonce: 0x7c1
2026.10.01-12:00:33.238 error [caliper] [ethereum-connector] 	Error: Returned error: Transaction nonce is too distant from current sender nonce
2026.10.01-12:00:33.262 error [caliper] [ethereum-connector] 	Failed tx on registroDeBatches; calling method: registrarBatch; nonce: 0x7c2
2026.10.01-12:00:33.263 error [caliper] [ethereum-connector] 	Error: Returned error: Transaction nonce is too distant from current sender nonce
2026.10.01-12:00:33.288 error [caliper] [ethereum-connector] 	Failed tx on registroDeBatches; calling method: registrarBatch; nonce: 0x7c3
2026.10.01-12:00:33.288 error [caliper] [ethereum-connector] 	Error: Returned error: Transaction nonce is too distant from current sender nonce
2026.10.01-12:00:33.313 error [caliper] [ethereum-connector] 	Failed tx on registroDeBatches; calling method: registrarBatch; nonce: 0x7c4
2026.10.01-12:00:33.313 error [caliper] [ethereum-connector] 	Error: Returned error: Transaction nonce is too distant from current sender nonce
2026.10.01-12:00:33.338 error [caliper] [ethereum-connector] 	Failed tx on registroDeBatches; calling method: registrarBatch; nonce: 0x7c5
2026.10.01-12:00:33.338 error [caliper] [ethereum-connector] 	Error: Returned error: Transaction nonce is too distant from current sender nonce
2026.10.01-12:00:33.364 error [caliper] [ethereum-connector] 	Failed tx on registroDeBatches; calling method: registrarBatch; nonce: 0x7c6
2026.10.01-12:00:33.364 error [caliper] [ethereum-connector] 	Error: Returned error: Transaction nonce is too distant from current sender nonce
2026.10.01-12:00:33.388 error [caliper] [ethereum-connector] 	Failed tx on registroDeBatches; calling method: registrarBatch; nonce: 0x7c7
2026.10.01-12:00:33.388 error [caliper] [ethereum-connector] 	Error: Returned error: Transaction nonce is too distant from current sender nonce
2026.10.01-12:00:33.413 error [caliper] [ethereum-connector] 	Failed tx on registroDeBatches; calling method: registrarBatch; nonce: 0x7c8
2026.10.01-12:00:33.413 error [caliper] [ethereum-connector] 	Error: Returned error: Transaction nonce is too distant from current sender nonce
2026.10.01-12:00:33.439 error [caliper] [ethereum-connector] 	Failed tx on registroDeBatches; calling method: registrarBatch; nonce: 0x7c9
2026.10.01-12:00:33.439 error [caliper] [ethereum-connector] 	Error: Returned error: Transaction nonce is too distant from current sender nonce
2026.10.01-12:00:33.463 error [caliper] [ethereum-connector] 	Failed tx on registroDeBatches; calling method: registrarBatch; nonce: 0x7ca
2026.10.01-12:00:33.463 error [caliper] [ethereum-connector] 	Error: Returned error: Transaction nonce is too distant from current sender nonce
2026.10.01-12:00:33.488 error [caliper] [ethereum-connector] 	Failed tx on registroDeBatches; calling method: registrarBatch; nonce: 0x7cb
2026.10.01-12:00:33.488 error [caliper] [ethereum-connector] 	Error: Returned error: Transaction nonce is too distant from current sender nonce
2026.10.01-12:00:33.513 error [caliper] [ethereum-connector] 	Failed tx on registroDeBatches; calling method: registrarBatch; nonce: 0x7cc
2026.10.01-12:00:33.513 error [caliper] [ethereum-connector] 	Error: Returned error: Transaction nonce is too distant from current sender nonce
2026.10.01-12:00:33.537 error [caliper] [ethereum-connector] 	Failed tx on registroDeBatches; calling method: registrarBatch; nonce: 0x7cd
2026.10.01-12:00:33.537 error [caliper] [ethereum-connector] 	Error: Returned error: Transaction nonce is too distant from current sender nonce
2026.10.01-12:00:33.563 error [caliper] [ethereum-connector] 	Failed tx on registroDeBatches; calling method: registrarBatch; nonce: 0x7ce
2026.10.01-12:00:33.563 error [caliper] [ethereum-connector] 	Error: Returned error: Transaction nonce is too distant from current sender nonce
2026.10.01-12:00:33.588 error [caliper] [ethereum-connector] 	Failed tx on registroDeBatches; calling method: registrarBatch; nonce: 0x7cf
2026.10.01-12:00:33.588 error [caliper] [ethereum-connector] 	Error: Returned error: Transaction nonce is too distant from current sender nonce
2026.10.01-12:00:33.612 error [caliper] [ethereum-connector] 	Failed tx on registroDeBatches; calling method: registrarBatch; nonce: 0x7d0
2026.10.01-12:00:33.612 error [caliper] [ethereum-connector] 	Error: Returned error: Transaction nonce is too distant from current sender nonce
2026.10.01-12:00:33.636 error [caliper] [ethereum-connector] 	Failed tx on registroDeBatches; calling method: registrarBatch; nonce: 0x7d1
2026.10.01-12:00:33.636 error [caliper] [ethereum-connector] 	Error: Returned error: Transaction nonce is too distant from current sender nonce
2026.10.01-12:00:33.661 error [caliper] [ethereum-connector] 	Failed tx on registroDeBatches; calling method: registrarBatch; nonce: 0x7d2
2026.10.01-12:00:33.661 error [caliper] [ethereum-connector] 	Error: Returned error: Transaction nonce is too distant from current sender nonce
2026.10.01-12:00:33.687 error [caliper] [ethereum-connector] 	Failed tx on registroDeBatches; calling method: registrarBatch; nonce: 0x7d3
2026.10.01-12:00:33.687 error [caliper] [ethereum-connector] 	Error: Returned error: Transaction nonce is too distant from current sender nonce
2026.10.01-12:00:33.713 error [caliper] [ethereum-connector] 	Failed tx on registroDeBatches; calling method: registrarBatch; nonce: 0x7d4
2026.10.01-12:00:33.713 error [caliper] [ethereum-connector] 	Error: Returned error: Transaction nonce is too distant from current sender nonce
2026.10.01-12:00:33.738 error [caliper] [ethereum-connector] 	Failed tx on registroDeBatches; calling method: registrarBatch; nonce: 0x7d5
2026.10.01-12:00:33.738 error [caliper] [ethereum-connector] 	Error: Returned error: Transaction nonce is too distant from current sender nonce
2026.10.01-12:00:33.763 error [caliper] [ethereum-connector] 	Failed tx on registroDeBatches; calling method: registrarBatch; nonce: 0x7d6
2026.10.01-12:00:33.763 error [caliper] [ethereum-connector] 	Error: Returned error: Transaction nonce is too distant from current sender nonce
2026.10.01-12:00:33.789 error [caliper] [ethereum-connector] 	Failed tx on registroDeBatches; calling method: registrarBatch; nonce: 0x7d7
2026.10.01-12:00:33.789 error [caliper] [ethereum-connector] 	Error: Returned error: Transaction nonce is too distant from current sender nonce
2026.10.01-12:00:33.813 error [caliper] [ethereum-connector] 	Failed tx on registroDeBatches; calling method: registrarBatch; nonce: 0x7d8
2026.10.01-12:00:33.813 error [caliper] [ethereum-connector] 	Error: Returned error: Transaction nonce is too distant from current sender nonce
2026.10.01-12:00:33.838 error [caliper] [ethereum-connector] 	Failed tx on registroDeBatches; calling method: registrarBatch; nonce: 0x7d9
2026.10.01-12:00:33.838 error [caliper] [ethereum-connector] 	Error: Returned error: Transaction nonce is too distant from current sender nonce
2026.10.01-12:00:33.863 error [caliper] [ethereum-connector] 	Failed tx on registroDeBatches; calling method: registrarBatch; nonce: 0x7da
2026.10.01-12:00:33.863 error [caliper] [ethereum-connector] 	Error: Returned error: Transaction nonce is too distant from current sender nonce
2026.10.01-12:00:33.888 error [caliper] [ethereum-connector] 	Failed tx on registroDeBatches; calling method: registrarBatch; nonce: 0x7db
2026.10.01-12:00:33.888 error [caliper] [ethereum-connector] 	Error: Returned error: Transaction nonce is too distant from current sender nonce
2026.10.01-12:00:33.913 error [caliper] [ethereum-connector] 	Failed tx on registroDeBatches; calling method: registrarBatch; nonce: 0x7dc
2026.10.01-12:00:33.913 error [caliper] [ethereum-connector] 	Error: Returned error: Transaction nonce is too distant from current sender nonce
2026.10.01-12:00:33.938 error [caliper] [ethereum-connector] 	Failed tx on registroDeBatches; calling method: registrarBatch; nonce: 0x7dd
2026.10.01-12:00:33.938 error [caliper] [ethereum-connector] 	Error: Returned error: Transaction nonce is too distant from current sender nonce
2026.10.01-12:00:33.963 error [caliper] [ethereum-connector] 	Failed tx on registroDeBatches; calling method: registrarBatch; nonce: 0x7de
2026.10.01-12:00:33.963 error [caliper] [ethereum-connector] 	Error: Returned error: Transaction nonce is too distant from current sender nonce
2026.10.01-12:00:33.989 error [caliper] [ethereum-connector] 	Failed tx on registroDeBatches; calling method: registrarBatch; nonce: 0x7df
2026.10.01-12:00:33.989 error [caliper] [ethereum-connector] 	Error: Returned error: Transaction nonce is too distant from current sender nonce
2026.10.01-12:00:34.013 error [caliper] [ethereum-connector] 	Failed tx on registroDeBatches; calling method: registrarBatch; nonce: 0x7e0
2026.10.01-12:00:34.013 error [caliper] [ethereum-connector] 	Error: Returned error: Transaction nonce is too distant from current sender nonce
2026.10.01-12:00:34.038 error [caliper] [ethereum-connector] 	Failed tx on registroDeBatches; calling method: registrarBatch; nonce: 0x7e1
2026.10.01-12:00:34.038 error [caliper] [ethereum-connector] 	Error: Returned error: Transaction nonce is too distant from current sender nonce
2026.10.01-12:00:34.063 error [caliper] [ethereum-connector] 	Failed tx on registroDeBatches; calling method: registrarBatch; nonce: 0x7e2
2026.10.01-12:00:34.063 error [caliper] [ethereum-connector] 	Error: Returned error: Transaction nonce is too distant from current sender nonce
2026.10.01-12:00:34.088 error [caliper] [ethereum-connector] 	Failed tx on registroDeBatches; calling method: registrarBatch; nonce: 0x7e3
2026.10.01-12:00:34.088 error [caliper] [ethereum-connector] 	Error: Returned error: Transaction nonce is too distant from current sender nonce
2026.10.01-12:00:34.114 error [caliper] [ethereum-connector] 	Failed tx on registroDeBatches; calling method: registrarBatch; nonce: 0x7e4
2026.10.01-12:00:34.114 error [caliper] [ethereum-connector] 	Error: Returned error: Transaction nonce is too distant from current sender nonce
2026.10.01-12:00:34.138 error [caliper] [ethereum-connector] 	Failed tx on registroDeBatches; calling method: registrarBatch; nonce: 0x7e5
2026.10.01-12:00:34.138 error [caliper] [ethereum-connector] 	Error: Returned error: Transaction nonce is too distant from current sender nonce
2026.10.01-12:00:34.164 error [caliper] [ethereum-connector] 	Failed tx on registroDeBatches; calling method: registrarBatch; nonce: 0x7e6
2026.10.01-12:00:34.164 error [caliper] [ethereum-connector] 	Error: Returned error: Transaction nonce is too distant from current sender nonce
2026.10.01-12:00:34.187 error [caliper] [ethereum-connector] 	Failed tx on registroDeBatches; calling method: registrarBatch; nonce: 0x7e7
2026.10.01-12:00:34.187 error [caliper] [ethereum-connector] 	Error: Returned error: Transaction nonce is too distant from current sender nonce
2026.10.01-12:00:34.213 error [caliper] [ethereum-connector] 	Failed tx on registroDeBatches; calling method: registrarBatch; nonce: 0x7e8
2026.10.01-12:00:34.213 error [caliper] [ethereum-connector] 	Error: Returned error: Transaction nonce is too distant from current sender nonce
2026.10.01-12:00:34.238 error [caliper] [ethereum-connector] 	Failed tx on registroDeBatches; calling method: registrarBatch; nonce: 0x7e9
2026.10.01-12:00:34.238 error [caliper] [ethereum-connector] 	Error: Returned error: Transaction nonce is too distant from current sender nonce
2026.10.01-12:00:34.263 error [caliper] [ethereum-connector] 	Failed tx on registroDeBatches; calling method: registrarBatch; nonce: 0x7ea
2026.10.01-12:00:34.263 error [caliper] [ethereum-connector] 	Error: Returned error: Transaction nonce is too distant from current sender nonce
2026.10.01-12:00:34.288 error [caliper] [ethereum-connector] 	Failed tx on registroDeBatches; calling method: registrarBatch; nonce: 0x7eb
2026.10.01-12:00:34.288 error [caliper] [ethereum-connector] 	Error: Returned error: Transaction nonce is too distant from current sender nonce
2026.10.01-12:00:34.311 error [caliper] [ethereum-connector] 	Failed tx on registroDeBatches; calling method: registrarBatch; nonce: 0x7ec
2026.10.01-12:00:34.311 error [caliper] [ethereum-connector] 	Error: Returned error: Transaction nonce is too distant from current sender nonce
2026.10.01-12:00:34.337 error [caliper] [ethereum-connector] 	Failed tx on registroDeBatches; calling method: registrarBatch; nonce: 0x7ed
2026.10.01-12:00:34.337 error [caliper] [ethereum-connector] 	Error: Returned error: Transaction nonce is too distant from current sender nonce
2026.10.01-12:00:34.364 error [caliper] [ethereum-connector] 	Failed tx on registroDeBatches; calling method: registrarBatch; nonce: 0x7ee
2026.10.01-12:00:34.364 error [caliper] [ethereum-connector] 	Error: Returned error: Transaction nonce is too distant from current sender nonce
2026.10.01-12:00:34.388 error [caliper] [ethereum-connector] 	Failed tx on registroDeBatches; calling method: registrarBatch; nonce: 0x7ef
2026.10.01-12:00:34.388 error [caliper] [ethereum-connector] 	Error: Returned error: Transaction nonce is too distant from current sender nonce
2026.10.01-12:00:34.413 error [caliper] [ethereum-connector] 	Failed tx on registroDeBatches; calling method: registrarBatch; nonce: 0x7f0
2026.10.01-12:00:34.413 error [caliper] [ethereum-connector] 	Error: Returned error: Transaction nonce is too distant from current sender nonce
2026.10.01-12:00:34.438 error [caliper] [ethereum-connector] 	Failed tx on registroDeBatches; calling method: registrarBatch; nonce: 0x7f1
2026.10.01-12:00:34.438 error [caliper] [ethereum-connector] 	Error: Returned error: Transaction nonce is too distant from current sender nonce
2026.10.01-12:00:34.463 error [caliper] [ethereum-connector] 	Failed tx on registroDeBatches; calling method: registrarBatch; nonce: 0x7f2
2026.10.01-12:00:34.463 error [caliper] [ethereum-connector] 	Error: Returned error: Transaction nonce is too distant from current sender nonce
2026.10.01-12:00:34.488 error [caliper] [ethereum-connector] 	Failed tx on registroDeBatches; calling method: registrarBatch; nonce: 0x7f3
2026.10.01-12:00:34.488 error [caliper] [ethereum-connector] 	Error: Returned error: Transaction nonce is too distant from current sender nonce
2026.10.01-12:00:34.513 error [caliper] [ethereum-connector] 	Failed tx on registroDeBatches; calling method: registrarBatch; nonce: 0x7f4
2026.10.01-12:00:34.513 error [caliper] [ethereum-connector] 	Error: Returned error: Transaction nonce is too distant from current sender nonce
2026.10.01-12:00:34.537 error [caliper] [ethereum-connector] 	Failed tx on registroDeBatches; calling method: registrarBatch; nonce: 0x7f5
2026.10.01-12:00:34.537 error [caliper] [ethereum-connector] 	Error: Returned error: Transaction nonce is too distant from current sender nonce
2026.10.01-12:00:34.561 error [caliper] [ethereum-connector] 	Failed tx on registroDeBatches; calling method: registrarBatch; nonce: 0x7f6
2026.10.01-12:00:34.562 error [caliper] [ethereum-connector] 	Error: Returned error: Transaction nonce is too distant from current sender nonce
2026.10.01-12:00:34.587 error [caliper] [ethereum-connector] 	Failed tx on registroDeBatches; calling method: registrarBatch; nonce: 0x7f7
2026.10.01-12:00:34.587 error [caliper] [ethereum-connector] 	Error: Returned error: Transaction nonce is too distant from current sender nonce
2026.10.01-12:00:34.612 error [caliper] [ethereum-connector] 	Failed tx on registroDeBatches; calling method: registrarBatch; nonce: 0x7f8
2026.10.01-12:00:34.612 error [caliper] [ethereum-connector] 	Error: Returned error: Transaction nonce is too distant from current sender nonce
2026.10.01-12:00:34.638 error [caliper] [ethereum-connector] 	Failed tx on registroDeBatches; calling method: registrarBatch; nonce: 0x7f9
2026.10.01-12:00:34.638 error [caliper] [ethereum-connector] 	Error: Returned error: Transaction nonce is too distant from current sender nonce
2026.10.01-12:00:34.663 error [caliper] [ethereum-connector] 	Failed tx on registroDeBatches; calling method: registrarBatch; nonce: 0x7fa
2026.10.01-12:00:34.663 error [caliper] [ethereum-connector] 	Error: Returned error: Transaction nonce is too distant from current sender nonce
2026.10.01-12:00:34.688 error [caliper] [ethereum-connector] 	Failed tx on registroDeBatches; calling method: registrarBatch; nonce: 0x7fb
2026.10.01-12:00:34.688 error [caliper] [ethereum-connector] 	Error: Returned error: Transaction nonce is too distant from current sender nonce
2026.10.01-12:00:34.713 error [caliper] [ethereum-connector] 	Failed tx on registroDeBatches; calling method: registrarBatch; nonce: 0x7fc
2026.10.01-12:00:34.713 error [caliper] [ethereum-connector] 	Error: Returned error: Transaction nonce is too distant from current sender nonce
2026.10.01-12:00:34.739 error [caliper] [ethereum-connector] 	Failed tx on registroDeBatches; calling method: registrarBatch; nonce: 0x7fd
2026.10.01-12:00:34.739 error [caliper] [ethereum-connector] 	Error: Returned error: Transaction nonce is too distant from current sender nonce
2026.10.01-12:00:34.763 error [caliper] [ethereum-connector] 	Failed tx on registroDeBatches; calling method: registrarBatch; nonce: 0x7fe
2026.10.01-12:00:34.763 error [caliper] [ethereum-connector] 	Error: Returned error: Transaction nonce is too distant from current sender nonce
2026.10.01-12:00:34.787 error [caliper] [ethereum-connector] 	Failed tx on registroDeBatches; calling method: registrarBatch; nonce: 0x7ff
2026.10.01-12:00:34.788 error [caliper] [ethereum-connector] 	Error: Returned error: Transaction nonce is too distant from current sender nonce
2026.10.01-12:00:34.813 error [caliper] [ethereum-connector] 	Failed tx on registroDeBatches; calling method: registrarBatch; nonce: 0x800
2026.10.01-12:00:34.813 error [caliper] [ethereum-connector] 	Error: Returned error: Transaction nonce is too distant from current sender nonce
2026.10.01-12:00:34.838 error [caliper] [ethereum-connector] 	Failed tx on registroDeBatches; calling method: registrarBatch; nonce: 0x801
2026.10.01-12:00:34.838 error [caliper] [ethereum-connector] 	Error: Returned error: Transaction nonce is too distant from current sender nonce
2026.10.01-12:00:34.862 error [caliper] [ethereum-connector] 	Failed tx on registroDeBatches; calling method: registrarBatch; nonce: 0x802
2026.10.01-12:00:34.862 error [caliper] [ethereum-connector] 	Error: Returned error: Transaction nonce is too distant from current sender nonce
2026.10.01-12:00:34.889 error [caliper] [ethereum-connector] 	Failed tx on registroDeBatches; calling method: registrarBatch; nonce: 0x803
2026.10.01-12:00:34.889 error [caliper] [ethereum-connector] 	Error: Returned error: Transaction nonce is too distant from current sender nonce
2026.10.01-12:00:34.913 error [caliper] [ethereum-connector] 	Failed tx on registroDeBatches; calling method: registrarBatch; nonce: 0x804
2026.10.01-12:00:34.913 error [caliper] [ethereum-connector] 	Error: Returned error: Transaction nonce is too distant from current sender nonce
2026.10.01-12:00:34.938 error [caliper] [ethereum-connector] 	Failed tx on registroDeBatches; calling method: registrarBatch; nonce: 0x805
2026.10.01-12:00:34.938 error [caliper] [ethereum-connector] 	Error: Returned error: Transaction nonce is too distant from current sender nonce
2026.10.01-12:00:34.963 error [caliper] [ethereum-connector] 	Failed tx on registroDeBatches; calling method: registrarBatch; nonce: 0x806
2026.10.01-12:00:34.963 error [caliper] [ethereum-connector] 	Error: Returned error: Transaction nonce is too distant from current sender nonce
2026.10.01-12:00:34.988 error [caliper] [ethereum-connector] 	Failed tx on registroDeBatches; calling method: registrarBatch; nonce: 0x807
2026.10.01-12:00:34.988 error [caliper] [ethereum-connector] 	Error: Returned error: Transaction nonce is too distant from current sender nonce
2026.10.01-12:00:35.019 error [caliper] [ethereum-connector] 	Failed tx on registroDeBatches; calling method: registrarBatch; nonce: 0x808
2026.10.01-12:00:35.019 error [caliper] [ethereum-connector] 	Error: Returned error: Transaction nonce is too distant from current sender nonce
2026.10.01-12:00:35.038 error [caliper] [ethereum-connector] 	Failed tx on registroDeBatches; calling method: registrarBatch; nonce: 0x809
2026.10.01-12:00:35.038 error [caliper] [ethereum-connector] 	Error: Returned error: Transaction nonce is too distant from current sender nonce
2026.10.01-12:00:35.061 error [caliper] [ethereum-connector] 	Failed tx on registroDeBatches; calling method: registrarBatch; nonce: 0x80a
2026.10.01-12:00:35.061 error [caliper] [ethereum-connector] 	Error: Returned error: Transaction nonce is too distant from current sender nonce
2026.10.01-12:00:35.087 error [caliper] [ethereum-connector] 	Failed tx on registroDeBatches; calling method: registrarBatch; nonce: 0x80b
2026.10.01-12:00:35.087 error [caliper] [ethereum-connector] 	Error: Returned error: Transaction nonce is too distant from current sender nonce
2026.10.01-12:00:35.113 error [caliper] [ethereum-connector] 	Failed tx on registroDeBatches; calling method: registrarBatch; nonce: 0x80c
2026.10.01-12:00:35.113 error [caliper] [ethereum-connector] 	Error: Returned error: Transaction nonce is too distant from current sender nonce
2026.10.01-12:00:35.138 error [caliper] [ethereum-connector] 	Failed tx on registroDeBatches; calling method: registrarBatch; nonce: 0x80d
2026.10.01-12:00:35.138 error [caliper] [ethereum-connector] 	Error: Returned error: Transaction nonce is too distant from current sender nonce
2026.10.01-12:00:35.163 error [caliper] [ethereum-connector] 	Failed tx on registroDeBatches; calling method: registrarBatch; nonce: 0x80e
2026.10.01-12:00:35.163 error [caliper] [ethereum-connector] 	Error: Returned error: Transaction nonce is too distant from current sender nonce
2026.10.01-12:00:35.187 error [caliper] [ethereum-connector] 	Failed tx on registroDeBatches; calling method: registrarBatch; nonce: 0x80f
2026.10.01-12:00:35.187 error [caliper] [ethereum-connector] 	Error: Returned error: Transaction nonce is too distant from current sender nonce
2026.10.01-12:00:35.213 error [caliper] [ethereum-connector] 	Failed tx on registroDeBatches; calling method: registrarBatch; nonce: 0x810
2026.10.01-12:00:35.213 error [caliper] [ethereum-connector] 	Error: Returned error: Transaction nonce is too distant from current sender nonce
2026.10.01-12:00:35.238 error [caliper] [ethereum-connector] 	Failed tx on registroDeBatches; calling method: registrarBatch; nonce: 0x811
2026.10.01-12:00:35.238 error [caliper] [ethereum-connector] 	Error: Returned error: Transaction nonce is too distant from current sender nonce
2026.10.01-12:00:35.263 error [caliper] [ethereum-connector] 	Failed tx on registroDeBatches; calling method: registrarBatch; nonce: 0x812
2026.10.01-12:00:35.263 error [caliper] [ethereum-connector] 	Error: Returned error: Transaction nonce is too distant from current sender nonce
2026.10.01-12:00:35.288 error [caliper] [ethereum-connector] 	Failed tx on registroDeBatches; calling method: registrarBatch; nonce: 0x813
2026.10.01-12:00:35.288 error [caliper] [ethereum-connector] 	Error: Returned error: Transaction nonce is too distant from current sender nonce
2026.10.01-12:00:35.313 error [caliper] [ethereum-connector] 	Failed tx on registroDeBatches; calling method: registrarBatch; nonce: 0x814
2026.10.01-12:00:35.313 error [caliper] [ethereum-connector] 	Error: Returned error: Transaction nonce is too distant from current sender nonce
2026.10.01-12:00:35.339 error [caliper] [ethereum-connector] 	Failed tx on registroDeBatches; calling method: registrarBatch; nonce: 0x815
2026.10.01-12:00:35.339 error [caliper] [ethereum-connector] 	Error: Returned error: Transaction nonce is too distant from current sender nonce
2026.10.01-12:00:35.362 error [caliper] [ethereum-connector] 	Failed tx on registroDeBatches; calling method: registrarBatch; nonce: 0x816
2026.10.01-12:00:35.362 error [caliper] [ethereum-connector] 	Error: Returned error: Transaction nonce is too distant from current sender nonce
2026.10.01-12:00:35.389 error [caliper] [ethereum-connector] 	Failed tx on registroDeBatches; calling method: registrarBatch; nonce: 0x817
2026.10.01-12:00:35.389 error [caliper] [ethereum-connector] 	Error: Returned error: Transaction nonce is too distant from current sender nonce
2026.10.01-12:00:35.413 error [caliper] [ethereum-connector] 	Failed tx on registroDeBatches; calling method: registrarBatch; nonce: 0x818
2026.10.01-12:00:35.413 error [caliper] [ethereum-connector] 	Error: Returned error: Transaction nonce is too distant from current sender nonce
2026.10.01-12:00:35.438 error [caliper] [ethereum-connector] 	Failed tx on registroDeBatches; calling method: registrarBatch; nonce: 0x819
2026.10.01-12:00:35.438 error [caliper] [ethereum-connector] 	Error: Returned error: Transaction nonce is too distant from current sender nonce
2026.10.01-12:00:35.463 error [caliper] [ethereum-connector] 	Failed tx on registroDeBatches; calling method: registrarBatch; nonce: 0x81a
2026.10.01-12:00:35.463 error [caliper] [ethereum-connector] 	Error: Returned error: Transaction nonce is too distant from current sender nonce
2026.10.01-12:00:35.492 error [caliper] [ethereum-connector] 	Failed tx on registroDeBatches; calling method: registrarBatch; nonce: 0x81b
2026.10.01-12:00:35.492 error [caliper] [ethereum-connector] 	Error: Returned error: Transaction nonce is too distant from current sender nonce
2026.10.01-12:00:35.514 error [caliper] [ethereum-connector] 	Failed tx on registroDeBatches; calling method: registrarBatch; nonce: 0x81c
2026.10.01-12:00:35.514 error [caliper] [ethereum-connector] 	Error: Returned error: Transaction nonce is too distant from current sender nonce
2026.10.01-12:00:35.538 error [caliper] [ethereum-connector] 	Failed tx on registroDeBatches; calling method: registrarBatch; nonce: 0x81d
2026.10.01-12:00:35.538 error [caliper] [ethereum-connector] 	Error: Returned error: Transaction nonce is too distant from current sender nonce
2026.10.01-12:00:35.562 error [caliper] [ethereum-connector] 	Failed tx on registroDeBatches; calling method: registrarBatch; nonce: 0x81e
2026.10.01-12:00:35.562 error [caliper] [ethereum-connector] 	Error: Returned error: Transaction nonce is too distant from current sender nonce
2026.10.01-12:00:35.586 error [caliper] [ethereum-connector] 	Failed tx on registroDeBatches; calling method: registrarBatch; nonce: 0x81f
2026.10.01-12:00:35.586 error [caliper] [ethereum-connector] 	Error: Returned error: Transaction nonce is too distant from current sender nonce
2026.10.01-12:00:35.612 error [caliper] [ethereum-connector] 	Failed tx on registroDeBatches; calling method: registrarBatch; nonce: 0x820
2026.10.01-12:00:35.612 error [caliper] [ethereum-connector] 	Error: Returned error: Transaction nonce is too distant from current sender nonce
2026.10.01-12:00:35.638 error [caliper] [ethereum-connector] 	Failed tx on registroDeBatches; calling method: registrarBatch; nonce: 0x821
2026.10.01-12:00:35.638 error [caliper] [ethereum-connector] 	Error: Returned error: Transaction nonce is too distant from current sender nonce
2026.10.01-12:00:35.662 error [caliper] [ethereum-connector] 	Failed tx on registroDeBatches; calling method: registrarBatch; nonce: 0x822
2026.10.01-12:00:35.662 error [caliper] [ethereum-connector] 	Error: Returned error: Transaction nonce is too distant from current sender nonce
2026.10.01-12:00:35.687 error [caliper] [ethereum-connector] 	Failed tx on registroDeBatches; calling method: registrarBatch; nonce: 0x823
2026.10.01-12:00:35.687 error [caliper] [ethereum-connector] 	Error: Returned error: Transaction nonce is too distant from current sender nonce
2026.10.01-12:00:35.713 error [caliper] [ethereum-connector] 	Failed tx on registroDeBatches; calling method: registrarBatch; nonce: 0x824
2026.10.01-12:00:35.713 error [caliper] [ethereum-connector] 	Error: Returned error: Transaction nonce is too distant from current sender nonce
2026.10.01-12:00:35.738 error [caliper] [ethereum-connector] 	Failed tx on registroDeBatches; calling method: registrarBatch; nonce: 0x825
2026.10.01-12:00:35.738 error [caliper] [ethereum-connector] 	Error: Returned error: Transaction nonce is too distant from current sender nonce
2026.10.01-12:00:35.763 error [caliper] [ethereum-connector] 	Failed tx on registroDeBatches; calling method: registrarBatch; nonce: 0x826
2026.10.01-12:00:35.763 error [caliper] [ethereum-connector] 	Error: Returned error: Transaction nonce is too distant from current sender nonce
2026.10.01-12:00:35.788 error [caliper] [ethereum-connector] 	Failed tx on registroDeBatches; calling method: registrarBatch; nonce: 0x827
2026.10.01-12:00:35.788 error [caliper] [ethereum-connector] 	Error: Returned error: Transaction nonce is too distant from current sender nonce
2026.10.01-12:00:35.813 error [caliper] [ethereum-connector] 	Failed tx on registroDeBatches; calling method: registrarBatch; nonce: 0x828
2026.10.01-12:00:35.813 error [caliper] [ethereum-connector] 	Error: Returned error: Transaction nonce is too distant from current sender nonce
2026.10.01-12:00:35.838 error [caliper] [ethereum-connector] 	Failed tx on registroDeBatches; calling method: registrarBatch; nonce: 0x829
2026.10.01-12:00:35.838 error [caliper] [ethereum-connector] 	Error: Returned error: Transaction nonce is too distant from current sender nonce
2026.10.01-12:00:35.863 error [caliper] [ethereum-connector] 	Failed tx on registroDeBatches; calling method: registrarBatch; nonce: 0x82a
2026.10.01-12:00:35.863 error [caliper] [ethereum-connector] 	Error: Returned error: Transaction nonce is too distant from current sender nonce
2026.10.01-12:00:35.888 error [caliper] [ethereum-connector] 	Failed tx on registroDeBatches; calling method: registrarBatch; nonce: 0x82b
2026.10.01-12:00:35.888 error [caliper] [ethereum-connector] 	Error: Returned error: Transaction nonce is too distant from current sender nonce
2026.10.01-12:00:35.913 error [caliper] [ethereum-connector] 	Failed tx on registroDeBatches; calling method: registrarBatch; nonce: 0x82c
2026.10.01-12:00:35.913 error [caliper] [ethereum-connector] 	Error: Returned error: Transaction nonce is too distant from current sender nonce
2026.10.01-12:00:35.938 error [caliper] [ethereum-connector] 	Failed tx on registroDeBatches; calling method: registrarBatch; nonce: 0x82d
2026.10.01-12:00:35.938 error [caliper] [ethereum-connector] 	Error: Returned error: Transaction nonce is too distant from current sender nonce
2026.10.01-12:00:35.963 error [caliper] [ethereum-connector] 	Failed tx on registroDeBatches; calling method: registrarBatch; nonce: 0x82e
2026.10.01-12:00:35.963 error [caliper] [ethereum-connector] 	Error: Returned error: Transaction nonce is too distant from current sender nonce
2026.10.01-12:00:35.988 error [caliper] [ethereum-connector] 	Failed tx on registroDeBatches; calling method: registrarBatch; nonce: 0x82f
2026.10.01-12:00:35.988 error [caliper] [ethereum-connector] 	Error: Returned error: Transaction nonce is too distant from current sender nonce
2026.10.01-12:00:36.013 error [caliper] [ethereum-connector] 	Failed tx on registroDeBatches; calling method: registrarBatch; nonce: 0x830
2026.10.01-12:00:36.013 error [caliper] [ethereum-connector] 	Error: Returned error: Transaction nonce is too distant from current sender nonce
2026.10.01-12:00:36.038 error [caliper] [ethereum-connector] 	Failed tx on registroDeBatches; calling method: registrarBatch; nonce: 0x831
2026.10.01-12:00:36.038 error [caliper] [ethereum-connector] 	Error: Returned error: Transaction nonce is too distant from current sender nonce
2026.10.01-12:00:36.064 error [caliper] [ethereum-connector] 	Failed tx on registroDeBatches; calling method: registrarBatch; nonce: 0x832
2026.10.01-12:00:36.064 error [caliper] [ethereum-connector] 	Error: Returned error: Transaction nonce is too distant from current sender nonce
2026.10.01-12:00:36.088 error [caliper] [ethereum-connector] 	Failed tx on registroDeBatches; calling method: registrarBatch; nonce: 0x833
2026.10.01-12:00:36.088 error [caliper] [ethereum-connector] 	Error: Returned error: Transaction nonce is too distant from current sender nonce
2026.10.01-12:00:36.113 error [caliper] [ethereum-connector] 	Failed tx on registroDeBatches; calling method: registrarBatch; nonce: 0x834
2026.10.01-12:00:36.113 error [caliper] [ethereum-connector] 	Error: Returned error: Transaction nonce is too distant from current sender nonce
2026.10.01-12:00:36.138 error [caliper] [ethereum-connector] 	Failed tx on registroDeBatches; calling method: registrarBatch; nonce: 0x835
2026.10.01-12:00:36.138 error [caliper] [ethereum-connector] 	Error: Returned error: Transaction nonce is too distant from current sender nonce
2026.10.01-12:00:36.163 error [caliper] [ethereum-connector] 	Failed tx on registroDeBatches; calling method: registrarBatch; nonce: 0x836
2026.10.01-12:00:36.163 error [caliper] [ethereum-connector] 	Error: Returned error: Transaction nonce is too distant from current sender nonce
2026.10.01-12:00:36.176 info  [caliper] [default-observer] 	[tps-40 Round 2 Transaction Info] - Submitted: 1161 Succ: 328 Fail:831 Unfinished:2
2026.10.01-12:00:36.188 error [caliper] [ethereum-connector] 	Failed tx on registroDeBatches; calling method: registrarBatch; nonce: 0x837
2026.10.01-12:00:36.188 error [caliper] [ethereum-connector] 	Error: Returned error: Transaction nonce is too distant from current sender nonce
2026.10.01-12:00:41.177 info  [caliper] [default-observer] 	[tps-40 Round 2 Transaction Info] - Submitted: 1201 Succ: 328 Fail:871 Unfinished:2
2026.10.01-12:00:46.178 info  [caliper] [default-observer] 	[tps-40 Round 2 Transaction Info] - Submitted: 1201 Succ: 328 Fail:871 Unfinished:2
2026.10.01-12:00:51.179 info  [caliper] [default-observer] 	[tps-40 Round 2 Transaction Info] - Submitted: 1201 Succ: 328 Fail:871 Unfinished:2
2026.10.01-12:00:56.180 info  [caliper] [default-observer] 	[tps-40 Round 2 Transaction Info] - Submitted: 1201 Succ: 328 Fail:871 Unfinished:2
2026.10.01-12:01:01.181 info  [caliper] [default-observer] 	[tps-40 Round 2 Transaction Info] - Submitted: 1201 Succ: 328 Fail:871 Unfinished:2
2026.10.01-12:01:06.183 info  [caliper] [default-observer] 	[tps-40 Round 2 Transaction Info] - Submitted: 1201 Succ: 328 Fail:871 Unfinished:2
2026.10.01-12:01:11.184 info  [caliper] [default-observer] 	[tps-40 Round 2 Transaction Info] - Submitted: 1201 Succ: 328 Fail:871 Unfinished:2
2026.10.01-12:01:16.185 info  [caliper] [default-observer] 	[tps-40 Round 2 Transaction Info] - Submitted: 1201 Succ: 328 Fail:871 Unfinished:2
2026.10.01-12:01:21.185 info  [caliper] [default-observer] 	[tps-40 Round 2 Transaction Info] - Submitted: 1201 Succ: 328 Fail:871 Unfinished:2
2026.10.01-12:01:26.187 info  [caliper] [default-observer] 	[tps-40 Round 2 Transaction Info] - Submitted: 1201 Succ: 328 Fail:871 Unfinished:2
2026.10.01-12:01:31.187 info  [caliper] [default-observer] 	[tps-40 Round 2 Transaction Info] - Submitted: 1201 Succ: 328 Fail:871 Unfinished:2
2026.10.01-12:01:36.188 info  [caliper] [default-observer] 	[tps-40 Round 2 Transaction Info] - Submitted: 1201 Succ: 328 Fail:871 Unfinished:2
2026.10.01-12:01:41.189 info  [caliper] [default-observer] 	[tps-40 Round 2 Transaction Info] - Submitted: 1201 Succ: 328 Fail:871 Unfinished:2
2026.10.01-12:01:46.190 info  [caliper] [default-observer] 	[tps-40 Round 2 Transaction Info] - Submitted: 1201 Succ: 328 Fail:871 Unfinished:2
2026.10.01-12:01:51.190 info  [caliper] [default-observer] 	[tps-40 Round 2 Transaction Info] - Submitted: 1201 Succ: 328 Fail:871 Unfinished:2
2026.10.01-12:01:56.191 info  [caliper] [default-observer] 	[tps-40 Round 2 Transaction Info] - Submitted: 1201 Succ: 328 Fail:871 Unfinished:2
2026.10.01-12:01:57.025 error [caliper] [ethereum-connector] 	Failed tx on registroDeBatches; calling method: registrarBatch; nonce: 0x4ed
2026.10.01-12:01:57.025 error [caliper] [ethereum-connector] 	Error: Transaction was not mined within 50 blocks, please make sure your transaction was properly sent. Be aware that it might still be mined!
2026.10.01-12:01:57.025 error [caliper] [ethereum-connector] 	Failed tx on registroDeBatches; calling method: registrarBatch; nonce: 0x4ee
2026.10.01-12:01:57.025 error [caliper] [ethereum-connector] 	Error: Transaction was not mined within 50 blocks, please make sure your transaction was properly sent. Be aware that it might still be mined!
2026.10.01-12:01:58.066 info  [caliper] [worker-message-handler] 	Worker#0 finished Round#2
2026.10.01-12:02:03.068 info  [caliper] [default-observer] 	Resetting txCount indicator count
2026.10.01-12:02:03.068 info  [caliper] [report-builder] 	### Test result ###
2026.10.01-12:02:03.068 info  [caliper] [report-builder] 	
+--------+------+------+-----------------+-----------------+-----------------+-----------------+------------------+
| Name   | Succ | Fail | Send Rate (TPS) | Max Latency (s) | Min Latency (s) | Avg Latency (s) | Throughput (TPS) |
|--------|------|------|-----------------|-----------------|-----------------|-----------------|------------------|
| tps-40 | 328  | 873  | 40.0            | 12.87           | 0.21            | 6.13            | 10.8             |
+--------+------+------+-----------------+-----------------+-----------------+-----------------+------------------+

2026.10.01-12:02:03.068 info  [caliper] [round-orchestrator] 	Finished round 3 (tps-40) in 110.881 seconds
2026.10.01-12:02:03.068 info  [caliper] [monitor.js] 	Stopping all monitors
2026.10.01-12:02:03.068 info  [caliper] [report-builder] 	### All test results ###
2026.10.01-12:02:03.069 info  [caliper] [report-builder] 	
+--------+------+------+-----------------+-----------------+-----------------+-----------------+------------------+
| Name   | Succ | Fail | Send Rate (TPS) | Max Latency (s) | Min Latency (s) | Avg Latency (s) | Throughput (TPS) |
|--------|------|------|-----------------|-----------------|-----------------|-----------------|------------------|
| tps-10 | 301  | 0    | 10.0            | 7.01            | 0.36            | 3.81            | 9.5              |
|--------|------|------|-----------------|-----------------|-----------------|-----------------|------------------|
| tps-20 | 601  | 0    | 20.0            | 9.30            | 0.14            | 4.74            | 15.5             |
|--------|------|------|-----------------|-----------------|-----------------|-----------------|------------------|
| tps-40 | 328  | 873  | 40.0            | 12.87           | 0.21            | 6.13            | 10.8             |
+--------+------+------+-----------------+-----------------+-----------------+-----------------+------------------+

2026.10.01-12:02:03.073 info  [caliper] [report-builder] 	Generated report with path /Users/manubjb/Desktop/QBFT-network-docker/caliper-workspace/resultados/A-txpool-padrao/rep1/report.html
2026.10.01-12:02:03.073 info  [caliper] [monitor.js] 	Stopping all monitors
2026.10.01-12:02:03.073 info  [caliper] [worker-orchestrator] 	Sending exit message to connected workers
2026.10.01-12:02:03.073 info  [caliper] [round-orchestrator] 	Benchmark finished in 209.693 seconds. Total rounds: 3. Successful rounds: 3. Failed rounds: 0.
2026.10.01-12:02:03.073 info  [caliper] [caliper-engine] 	Network configuration attribute "caliper.command.end" is not present, skipping end command
2026.10.01-12:02:03.073 info  [caliper] [cli-launch-manager] 	Benchmark successfully finished!
2026.10.01-12:02:03.073 info  [caliper] [worker-message-handler] 	Worker#0 is exiting
